[2026-05-19T20:43:30.658] [DEBUG] debug-file - env: nodejsVersion=v18.20.1
[2026-05-19T20:43:30.718] [DEBUG] debug-file - env: daemon=true
[2026-05-19T20:43:30.659] [DEBUG] debug-file - env: hvigor-config.json5 content = {
  modelVersion: '5.0.0',
  dependencies: {},
  execution: {},
  logging: {},
  debugging: {},
  nodeOptions: {}
}
[2026-05-19T20:43:31.622] [DEBUG] debug-file - java daemon tryConnect failed Error: connect ECONNREFUSED 127.0.0.1:45050
[2026-05-19T20:43:31.632] [DEBUG] debug-file - java daemon started at port 45050 pid 21232
[2026-05-19T20:43:31.661] [DEBUG] debug-file - session manager: set active socket. socketId=P9Ixg1ugt-i_cToaAAAB
[2026-05-19T20:43:32.572] [DEBUG] debug-file - watch worker: worker id should be larger than 0. Nothing will be sent to any worker thread.
[2026-05-19T20:43:32.582] [DEBUG] debug-file - Since there is no instance or instance is terminated, create a new worker pool.
[2026-05-19T20:43:32.583] [DEBUG] debug-file - Worker pool is initialized with config:  {
  minPoolNum: 2,
  maxPoolNum: undefined,
  maxCoreSize: undefined,
  cacheCapacity: undefined,
  cacheTtl: undefined
}
[2026-05-19T20:43:32.584] [DEBUG] debug-file - Create  resident worker with id: 0.
[2026-05-19T20:43:32.587] [DEBUG] debug-file - Create  resident worker with id: 1.
[2026-05-19T20:43:32.589] [DEBUG] debug-file - Workers' log level updated to INFO
[2026-05-19T20:43:32.597] [DEBUG] debug-file - Hvigor init with startParameters:{
  hvigorfileTypeCheck: false,
  parallelExecution: true,
  incrementalExecution: true,
  printStackTrace: false,
  daemon: true,
  analyze: 0,
  logLevel: Level { level: 20000, levelStr: 'INFO', colour: 'green' },
  optimizationStrategy: 'memory',
  hotCompile: undefined,
  hotReloadBuild: undefined,
  customizedParam: undefined
}
[2026-05-19T20:43:32.598] [DEBUG] debug-file - Since current hvigor version 6.22.4 differs from last hvigor version 
      undefined, delete file-cache.json and task-cache.json.
[2026-05-19T20:43:32.601] [DEBUG] debug-file - Cache service initialization finished in 4 ms 
[2026-05-19T20:43:32.605] [DEBUG] debug-file - hvigorfile, resolving C:\Users\31293\Desktop\text-effects-master\hvigorfile.ts
[2026-05-19T20:43:34.645] [DEBUG] debug-file - hvigorfile, require result:  { default: { plugins: [] } }
[2026-05-19T20:43:34.646] [DEBUG] debug-file - hvigorfile, binding system plugins null
[2026-05-19T20:43:34.647] [DEBUG] debug-file - Starting plugin build process
[2026-05-19T20:43:34.647] [DEBUG] debug-file - App plugin prepare start...
[2026-05-19T20:43:34.647] [DEBUG] debug-file - App plugin prepare end...
[2026-05-19T20:43:34.647] [DEBUG] debug-file - App plugin creating...
[2026-05-19T20:43:34.883] [DEBUG] debug-file - App plugin register hook start...
[2026-05-19T20:43:34.884] [DEBUG] debug-file - App plugin register hook end...
[2026-05-19T20:43:34.884] [DEBUG] debug-file - Plugin build process completed
[2026-05-19T20:43:34.885] [DEBUG] debug-file - Start initialize project's product build option map with build mode debug.
[2026-05-19T20:43:34.885] [DEBUG] debug-file - Picking option from product 'default' with build mode 'debug'.
[2026-05-19T20:43:34.886] [DEBUG] debug-file - Product 'default' build option initialized
[2026-05-19T20:43:34.886] [DEBUG] debug-file - End initialize project's product build option map with build mode 'debug'.
[2026-05-19T20:43:34.888] [DEBUG] debug-file - Obtain build option for product 'default'in this build.
[2026-05-19T20:43:34.889] [DEBUG] debug-file - No signingConfig found, initRemoteHspCache failed.
[2026-05-19T20:43:34.893] [DEBUG] debug-file - Local scan or download HarmonyOS sdk components toolchains,ets,js,native,previewer
[2026-05-19T20:43:34.897] [DEBUG] debug-file - Local scan or download hmscore sdk components toolchains,ets,native
[2026-05-19T20:43:34.900] [DEBUG] debug-file - Start recording SDK configuration permission data.
[2026-05-19T20:43:34.938] [DEBUG] debug-file - Sdk init in 47 ms 
[2026-05-19T20:43:34.944] [DEBUG] debug-file - Project task initialization takes 5 ms 
[2026-05-19T20:43:34.944] [DEBUG] debug-file - hvigorfile, binding custom plugins []
[2026-05-19T20:43:34.944] [DEBUG] debug-file - hvigorfile, no custom plugins were found in C:\Users\31293\Desktop\text-effects-master\hvigorfile.ts
[2026-05-19T20:43:34.944] [DEBUG] debug-file - hvigorfile, resolve finished C:\Users\31293\Desktop\text-effects-master\hvigorfile.ts
[2026-05-19T20:43:34.945] [DEBUG] debug-file - hvigorfile, resolving C:\Users\31293\Desktop\text-effects-master\entry\hvigorfile.ts
[2026-05-19T20:43:34.951] [DEBUG] debug-file - hvigorfile, require result:  { default: { plugins: [] } }
[2026-05-19T20:43:34.951] [DEBUG] debug-file - hvigorfile, binding system plugins null
[2026-05-19T20:43:34.951] [DEBUG] debug-file - Starting plugin build process
[2026-05-19T20:43:34.951] [DEBUG] debug-file - Hap plugin creating...
[2026-05-19T20:43:34.952] [DEBUG] debug-file - failed to load cangjie to dynamically generate schemas: Error: Cannot find module '@ohos/cangjie-build-support/index'
Require stack:
- C:\Program Files\Huawei\DevEco Studio\tools\hvigor\hvigor-ohos-plugin\src\plugin\hooks\cangjie-register.js
- C:\Program Files\Huawei\DevEco Studio\tools\hvigor\hvigor-ohos-plugin\src\plugin\strategy\stage-init-strategy.js
- C:\Program Files\Huawei\DevEco Studio\tools\hvigor\hvigor-ohos-plugin\src\plugin\builder\abstract-plugin-builder.js
- C:\Program Files\Huawei\DevEco Studio\tools\hvigor\hvigor-ohos-plugin\src\plugin\builder\app-plugin-builder.js
- C:\Program Files\Huawei\DevEco Studio\tools\hvigor\hvigor-ohos-plugin\src\plugin\factory\plugin-factory.js
- C:\Program Files\Huawei\DevEco Studio\tools\hvigor\hvigor-ohos-plugin\index.js
- C:\Users\31293\Desktop\text-effects-master\hvigorfile.ts
- C:\Program Files\Huawei\DevEco Studio\tools\hvigor\hvigor\src\base\internal\lifecycle\configuration.js
- C:\Program Files\Huawei\DevEco Studio\tools\hvigor\hvigor\src\base\boot\index.js
- C:\Program Files\Huawei\DevEco Studio\tools\hvigor\hvigor\src\base\daemon\cluster\worker-process-lifecycle.js
- C:\Program Files\Huawei\DevEco Studio\tools\hvigor\hvigor\src\base\daemon\process\daemon-process-boot-script.js
[2026-05-19T20:43:34.968] [DEBUG] debug-file - Start initialize module-target build option map, moduleName=entry, buildMode=debug
[2026-05-19T20:43:34.969] [DEBUG] debug-file - Target 'default' config initialized
[2026-05-19T20:43:34.970] [DEBUG] debug-file - Module 'entry' target 'default' build option initialized
[2026-05-19T20:43:34.970] [DEBUG] debug-file - End initialize module-target build option map, moduleName=entry
[2026-05-19T20:43:34.970] [DEBUG] debug-file - Start initialize module-target build option map, moduleName=entry, buildMode=release
[2026-05-19T20:43:34.971] [DEBUG] debug-file - Target 'default' config initialized
[2026-05-19T20:43:34.972] [DEBUG] debug-file - Module 'entry' target 'default' build option initialized
[2026-05-19T20:43:34.972] [DEBUG] debug-file - End initialize module-target build option map, moduleName=entry
[2026-05-19T20:43:34.973] [DEBUG] debug-file - Start initialize module-target build option map, moduleName=entry, buildMode=debug
[2026-05-19T20:43:34.973] [DEBUG] debug-file - Target 'default' config initialized
[2026-05-19T20:43:34.973] [DEBUG] debug-file - Module 'entry' target 'default' build option initialized
[2026-05-19T20:43:34.974] [DEBUG] debug-file - End initialize module-target build option map, moduleName=entry
[2026-05-19T20:43:34.974] [DEBUG] debug-file - Obtain build option for module 'entry' target 'default'in this build.
[2026-05-19T20:43:34.980] [DEBUG] debug-file - Module entry task initialization takes 5 ms 
[2026-05-19T20:43:34.980] [DEBUG] debug-file - Hap plugin register hook start...
[2026-05-19T20:43:34.980] [DEBUG] debug-file - Hap plugin register hook end...
[2026-05-19T20:43:34.980] [DEBUG] debug-file - Plugin build process completed
[2026-05-19T20:43:34.980] [DEBUG] debug-file - hvigorfile, binding custom plugins []
[2026-05-19T20:43:34.980] [DEBUG] debug-file - hvigorfile, no custom plugins were found in C:\Users\31293\Desktop\text-effects-master\entry\hvigorfile.ts
[2026-05-19T20:43:34.980] [DEBUG] debug-file - hvigorfile, resolve finished C:\Users\31293\Desktop\text-effects-master\entry\hvigorfile.ts
[2026-05-19T20:43:35.068] [DEBUG] debug-file - hvigorfile, resolve hvigorfile dependencies in 88 ms 
[2026-05-19T20:43:35.069] [DEBUG] debug-file - project has submodules:entry
[2026-05-19T20:43:35.070] [DEBUG] debug-file - start to load updatedOhPackageInfo to the disk
[2026-05-19T20:43:35.080] [DEBUG] debug-file - load to the disk finished
[2026-05-19T20:43:35.082] [DEBUG] debug-file - Start to initialize dependency information.
[2026-05-19T20:43:35.084] [DEBUG] debug-file - Module text-effects-master Collected Dependency: 
[2026-05-19T20:43:35.084] [DEBUG] debug-file - Module text-effects-master's total dependency: 0
[2026-05-19T20:43:35.086] [DEBUG] debug-file - Start to initialize dependency information.
[2026-05-19T20:43:35.088] [DEBUG] debug-file - Module entry Collected Dependency: 
[2026-05-19T20:43:35.088] [DEBUG] debug-file - Module entry's total dependency: 0
[2026-05-19T20:43:35.093] [DEBUG] debug-file - Configuration phase cost:2 s 492 ms 
[2026-05-19T20:43:35.095] [DEBUG] debug-file - Configuration task cost before running: 2 s 506 ms 
[2026-05-19T20:43:35.096] [DEBUG] debug-file - Executing task :entry:clean
[2026-05-19T20:43:35.096] [DEBUG] debug-file - clean: Worker pool is inactive.
[2026-05-19T20:43:35.098] [DEBUG] debug-file - entry : clean cost memory 0.2566986083984375
[2026-05-19T20:43:35.098] [DEBUG] debug-file - runTaskFromQueue task cost before running: 2 s 509 ms 
[2026-05-19T20:43:35.099] [INFO] debug-file - Finished :entry:clean... after 3 ms 
[2026-05-19T20:43:35.100] [DEBUG] debug-file - Executing task ::clean
[2026-05-19T20:43:35.100] [DEBUG] debug-file - clean: Worker pool is inactive.
[2026-05-19T20:43:35.100] [DEBUG] debug-file - text-effects-master : clean cost memory 0.02805328369140625
[2026-05-19T20:43:35.100] [DEBUG] debug-file - runTaskFromQueue task cost before running: 2 s 510 ms 
[2026-05-19T20:43:35.100] [INFO] debug-file - Finished ::clean... after 1 ms 
[2026-05-19T20:43:35.100] [DEBUG] debug-file - Executing task :entry:init
[2026-05-19T20:43:35.101] [DEBUG] debug-file - entry : init cost memory 0.01638031005859375
[2026-05-19T20:43:35.101] [DEBUG] debug-file - runTaskFromQueue task cost before running: 2 s 511 ms 
[2026-05-19T20:43:35.101] [INFO] debug-file - Finished :entry:init... after 1 ms 
[2026-05-19T20:43:35.101] [DEBUG] debug-file - Executing task ::init
[2026-05-19T20:43:35.101] [DEBUG] debug-file - text-effects-master : init cost memory 0.015228271484375
[2026-05-19T20:43:35.101] [DEBUG] debug-file - runTaskFromQueue task cost before running: 2 s 512 ms 
[2026-05-19T20:43:35.102] [INFO] debug-file - Finished ::init... after 1 ms 
[2026-05-19T20:43:35.112] [DEBUG] debug-file - Obtain build option for module 'entry' target 'default'in this build.
[2026-05-19T20:43:35.127] [DEBUG] debug-file - session manager: send message to worker process.
[2026-05-19T20:43:35.127] [DEBUG] debug-file - session manager: send message to worker process.
[2026-05-19T20:43:35.483] [DEBUG] debug-file - Cleanup worker 0.
[2026-05-19T20:43:35.483] [DEBUG] debug-file - Worker 0 has been cleaned up.
[2026-05-19T20:43:35.484] [DEBUG] debug-file - Current idle worker size: 1.
[2026-05-19T20:43:35.484] [DEBUG] debug-file - Current resident worker size: 2.
[2026-05-19T20:43:35.484] [DEBUG] debug-file - Cleanup worker 1.
[2026-05-19T20:43:35.484] [DEBUG] debug-file - Worker 1 has been cleaned up.
[2026-05-19T20:43:35.485] [DEBUG] debug-file - Current idle worker size: 0.
[2026-05-19T20:43:35.485] [DEBUG] debug-file - Current resident worker size: 2.
[2026-05-19T20:43:35.486] [DEBUG] debug-file - hvigor build process will be closed.
[2026-05-19T20:43:35.495] [DEBUG] debug-file - worker[0] exits with exit code 1.
[2026-05-19T20:43:35.496] [DEBUG] debug-file - worker[1] exits with exit code 1.
[2026-05-19T20:43:35.498] [DEBUG] debug-file - watch worker: worker id should be larger than 0. Nothing will be sent to any worker thread.
[2026-05-19T20:43:35.498] [DEBUG] debug-file - watch worker: worker id should be larger than 0. Nothing will be sent to any worker thread.
[2026-05-19T20:44:27.686] [DEBUG] debug-file - session manager: set active socket. socketId=Q_8ujRUB0Mgf-EJBAAAD
[2026-05-19T20:44:27.708] [DEBUG] debug-file - watch worker: worker id should be larger than 0. Nothing will be sent to any worker thread.
[2026-05-19T20:44:27.712] [DEBUG] debug-file - Workers' log level updated to INFO
[2026-05-19T20:44:27.716] [DEBUG] debug-file - Hvigor init with startParameters:{
  hvigorfileTypeCheck: false,
  parallelExecution: true,
  incrementalExecution: true,
  printStackTrace: false,
  daemon: true,
  analyze: 0,
  logLevel: Level { level: 20000, levelStr: 'INFO', colour: 'green' },
  optimizationStrategy: 'memory',
  hotCompile: undefined,
  hotReloadBuild: undefined,
  customizedParam: undefined
}
[2026-05-19T20:44:27.717] [DEBUG] debug-file - Cache service initialization finished in 1 ms 
[2026-05-19T20:44:27.717] [DEBUG] debug-file - hvigorfile, resolving C:\Users\31293\Desktop\text-effects-master\hvigorfile.ts
[2026-05-19T20:44:27.723] [DEBUG] debug-file - hvigorfile, require result:  { default: { plugins: [] } }
[2026-05-19T20:44:27.723] [DEBUG] debug-file - hvigorfile, binding system plugins null
[2026-05-19T20:44:27.723] [DEBUG] debug-file - Starting plugin build process
[2026-05-19T20:44:27.723] [DEBUG] debug-file - App plugin prepare start...
[2026-05-19T20:44:27.724] [DEBUG] debug-file - App plugin prepare end...
[2026-05-19T20:44:27.724] [DEBUG] debug-file - App plugin creating...
[2026-05-19T20:44:27.733] [DEBUG] debug-file - App plugin register hook start...
[2026-05-19T20:44:27.733] [DEBUG] debug-file - App plugin register hook end...
[2026-05-19T20:44:27.733] [DEBUG] debug-file - Plugin build process completed
[2026-05-19T20:44:27.734] [DEBUG] debug-file - Start initialize project's product build option map with build mode debug.
[2026-05-19T20:44:27.734] [DEBUG] debug-file - Picking option from product 'default' with build mode 'debug'.
[2026-05-19T20:44:27.734] [DEBUG] debug-file - Product 'default' build option initialized
[2026-05-19T20:44:27.734] [DEBUG] debug-file - End initialize project's product build option map with build mode 'debug'.
[2026-05-19T20:44:27.734] [DEBUG] debug-file - Obtain build option for product 'default'in this build.
[2026-05-19T20:44:27.735] [DEBUG] debug-file - No signingConfig found, initRemoteHspCache failed.
[2026-05-19T20:44:27.738] [DEBUG] debug-file - Start recording SDK configuration permission data.
[2026-05-19T20:44:27.767] [DEBUG] debug-file - Sdk init in 32 ms 
[2026-05-19T20:44:27.773] [DEBUG] debug-file - Project task initialization takes 5 ms 
[2026-05-19T20:44:27.773] [DEBUG] debug-file - hvigorfile, binding custom plugins []
[2026-05-19T20:44:27.773] [DEBUG] debug-file - hvigorfile, no custom plugins were found in C:\Users\31293\Desktop\text-effects-master\hvigorfile.ts
[2026-05-19T20:44:27.773] [DEBUG] debug-file - hvigorfile, resolve finished C:\Users\31293\Desktop\text-effects-master\hvigorfile.ts
[2026-05-19T20:44:27.773] [DEBUG] debug-file - hvigorfile, resolving C:\Users\31293\Desktop\text-effects-master\entry\hvigorfile.ts
[2026-05-19T20:44:27.780] [DEBUG] debug-file - hvigorfile, require result:  { default: { plugins: [] } }
[2026-05-19T20:44:27.780] [DEBUG] debug-file - hvigorfile, binding system plugins null
[2026-05-19T20:44:27.780] [DEBUG] debug-file - Starting plugin build process
[2026-05-19T20:44:27.780] [DEBUG] debug-file - Hap plugin creating...
[2026-05-19T20:44:27.781] [DEBUG] debug-file - failed to load cangjie to dynamically generate schemas: Error: Cannot find module '@ohos/cangjie-build-support/index'
Require stack:
- C:\Program Files\Huawei\DevEco Studio\tools\hvigor\hvigor-ohos-plugin\src\plugin\hooks\cangjie-register.js
- C:\Program Files\Huawei\DevEco Studio\tools\hvigor\hvigor-ohos-plugin\src\plugin\strategy\stage-init-strategy.js
- C:\Program Files\Huawei\DevEco Studio\tools\hvigor\hvigor-ohos-plugin\src\plugin\builder\abstract-plugin-builder.js
- C:\Program Files\Huawei\DevEco Studio\tools\hvigor\hvigor-ohos-plugin\src\plugin\builder\app-plugin-builder.js
- C:\Program Files\Huawei\DevEco Studio\tools\hvigor\hvigor-ohos-plugin\src\plugin\factory\plugin-factory.js
- C:\Program Files\Huawei\DevEco Studio\tools\hvigor\hvigor-ohos-plugin\index.js
- C:\Users\31293\Desktop\text-effects-master\hvigorfile.ts
- C:\Program Files\Huawei\DevEco Studio\tools\hvigor\hvigor\src\base\internal\lifecycle\configuration.js
- C:\Program Files\Huawei\DevEco Studio\tools\hvigor\hvigor\src\base\boot\index.js
- C:\Program Files\Huawei\DevEco Studio\tools\hvigor\hvigor\src\base\daemon\cluster\worker-process-lifecycle.js
- C:\Program Files\Huawei\DevEco Studio\tools\hvigor\hvigor\src\base\daemon\process\daemon-process-boot-script.js
[2026-05-19T20:44:27.783] [DEBUG] debug-file - Start initialize module-target build option map, moduleName=entry, buildMode=debug
[2026-05-19T20:44:27.783] [DEBUG] debug-file - Target 'default' config initialized
[2026-05-19T20:44:27.783] [DEBUG] debug-file - Module 'entry' target 'default' build option initialized
[2026-05-19T20:44:27.783] [DEBUG] debug-file - End initialize module-target build option map, moduleName=entry
[2026-05-19T20:44:27.783] [DEBUG] debug-file - Start initialize module-target build option map, moduleName=entry, buildMode=release
[2026-05-19T20:44:27.783] [DEBUG] debug-file - Target 'default' config initialized
[2026-05-19T20:44:27.783] [DEBUG] debug-file - Module 'entry' target 'default' build option initialized
[2026-05-19T20:44:27.783] [DEBUG] debug-file - End initialize module-target build option map, moduleName=entry
[2026-05-19T20:44:27.784] [DEBUG] debug-file - Start initialize module-target build option map, moduleName=entry, buildMode=debug
[2026-05-19T20:44:27.784] [DEBUG] debug-file - Target 'default' config initialized
[2026-05-19T20:44:27.784] [DEBUG] debug-file - Module 'entry' target 'default' build option initialized
[2026-05-19T20:44:27.785] [DEBUG] debug-file - End initialize module-target build option map, moduleName=entry
[2026-05-19T20:44:27.785] [DEBUG] debug-file - Obtain build option for module 'entry' target 'default'in this build.
[2026-05-19T20:44:27.786] [DEBUG] debug-file - Module entry task initialization takes 1 ms 
[2026-05-19T20:44:27.786] [DEBUG] debug-file - Hap plugin register hook start...
[2026-05-19T20:44:27.786] [DEBUG] debug-file - Hap plugin register hook end...
[2026-05-19T20:44:27.786] [DEBUG] debug-file - Plugin build process completed
[2026-05-19T20:44:27.786] [DEBUG] debug-file - hvigorfile, binding custom plugins []
[2026-05-19T20:44:27.786] [DEBUG] debug-file - hvigorfile, no custom plugins were found in C:\Users\31293\Desktop\text-effects-master\entry\hvigorfile.ts
[2026-05-19T20:44:27.786] [DEBUG] debug-file - hvigorfile, resolve finished C:\Users\31293\Desktop\text-effects-master\entry\hvigorfile.ts
[2026-05-19T20:44:27.857] [DEBUG] debug-file - hvigorfile, resolve hvigorfile dependencies in 72 ms 
[2026-05-19T20:44:27.858] [DEBUG] debug-file - project has submodules:entry
[2026-05-19T20:44:27.859] [DEBUG] debug-file - start to load updatedOhPackageInfo to the disk
[2026-05-19T20:44:27.865] [DEBUG] debug-file - load to the disk finished
[2026-05-19T20:44:27.865] [DEBUG] debug-file - Start to initialize dependency information.
[2026-05-19T20:44:27.866] [DEBUG] debug-file - Module text-effects-master Collected Dependency: 
[2026-05-19T20:44:27.866] [DEBUG] debug-file - Module text-effects-master's total dependency: 0
[2026-05-19T20:44:27.867] [DEBUG] debug-file - Start to initialize dependency information.
[2026-05-19T20:44:27.868] [DEBUG] debug-file - Module entry Collected Dependency: 
[2026-05-19T20:44:27.868] [DEBUG] debug-file - Module entry's total dependency: 0
[2026-05-19T20:44:27.869] [DEBUG] debug-file - Configuration phase cost:153 ms 
[2026-05-19T20:44:27.870] [DEBUG] debug-file - Configuration task cost before running: 158 ms 
[2026-05-19T20:44:27.875] [DEBUG] debug-file - Executing task :entry:default@PreBuild
[2026-05-19T20:44:27.877] [DEBUG] debug-file - Task 'entry:default@PreBuild' cost while wrapping incremental declarations: 1 ms 
[2026-05-19T20:44:28.091] [DEBUG] debug-file - current product is not Atomic service.
[2026-05-19T20:44:28.091] [DEBUG] debug-file - Use tool [win32: JAVA_HOME, CLASSPATH]
 [
  { JAVA_HOME: 'C:\\Program Files\\Huawei\\DevEco Studio\\jbr' },
  { CLASSPATH: undefined }
]
[2026-05-19T20:44:28.091] [DEBUG] debug-file - Use tool [win32: NODE_HOME]
 [
  {
    NODE_HOME: 'C:\\Program Files\\Huawei\\DevEco Studio\\tools\\node'
  }
]
[2026-05-19T20:44:28.093] [DEBUG] debug-file - entry : default@PreBuild cost memory 3.564910888671875
[2026-05-19T20:44:28.093] [DEBUG] debug-file - runTaskFromQueue task cost before running: 381 ms 
[2026-05-19T20:44:28.095] [INFO] debug-file - Finished :entry:default@PreBuild... after 219 ms 
[2026-05-19T20:44:28.096] [DEBUG] debug-file - Executing task :entry:default@CreateModuleInfo
[2026-05-19T20:44:28.097] [DEBUG] debug-file - Task 'entry:default@CreateModuleInfo' cost while wrapping incremental declarations: 1 ms 
[2026-05-19T20:44:28.097] [DEBUG] debug-file - entry : default@CreateModuleInfo cost memory 0.1006011962890625
[2026-05-19T20:44:28.097] [DEBUG] debug-file - runTaskFromQueue task cost before running: 385 ms 
[2026-05-19T20:44:28.098] [INFO] debug-file - Finished :entry:default@CreateModuleInfo... after 1 ms 
[2026-05-19T20:44:28.099] [DEBUG] debug-file - Executing task :entry:default@GenerateMetadata
[2026-05-19T20:44:28.099] [DEBUG] debug-file - Task 'entry:default@GenerateMetadata' cost while wrapping incremental declarations: 1 ms 
[2026-05-19T20:44:28.102] [DEBUG] debug-file - entry : default@GenerateMetadata cost memory 0.0688018798828125
[2026-05-19T20:44:28.102] [DEBUG] debug-file - runTaskFromQueue task cost before running: 389 ms 
[2026-05-19T20:44:28.102] [INFO] debug-file - Finished :entry:default@GenerateMetadata... after 3 ms 
[2026-05-19T20:44:28.103] [DEBUG] debug-file - Executing task :entry:default@ConfigureCmake
[2026-05-19T20:44:28.103] [DEBUG] debug-file - entry : default@ConfigureCmake cost memory 0.01605224609375
[2026-05-19T20:44:28.103] [DEBUG] debug-file - runTaskFromQueue task cost before running: 391 ms 
[2026-05-19T20:44:28.103] [INFO] debug-file - Finished :entry:default@ConfigureCmake... after 1 ms 
[2026-05-19T20:44:28.105] [DEBUG] debug-file - Executing task :entry:default@MergeProfile
[2026-05-19T20:44:28.105] [DEBUG] debug-file - Task 'entry:default@MergeProfile' cost while wrapping incremental declarations: 1 ms 
[2026-05-19T20:44:28.106] [DEBUG] debug-file - Change app api release type with 'Release'
[2026-05-19T20:44:28.106] [DEBUG] debug-file - Change app compile API version with '6.0.2.130'
[2026-05-19T20:44:28.107] [DEBUG] debug-file - Change app target API version with '50005017'
[2026-05-19T20:44:28.107] [DEBUG] debug-file - Change app minimum API version with '50005017'
[2026-05-19T20:44:28.107] [DEBUG] debug-file - Use cli appEnvironment
[2026-05-19T20:44:28.110] [DEBUG] debug-file - entry : default@MergeProfile cost memory 0.2008819580078125
[2026-05-19T20:44:28.111] [DEBUG] debug-file - runTaskFromQueue task cost before running: 398 ms 
[2026-05-19T20:44:28.111] [INFO] debug-file - Finished :entry:default@MergeProfile... after 6 ms 
[2026-05-19T20:44:28.113] [DEBUG] debug-file - Executing task :entry:default@CreateBuildProfile
[2026-05-19T20:44:28.113] [DEBUG] debug-file - Task 'entry:default@CreateBuildProfile' cost while wrapping incremental declarations: 1 ms 
[2026-05-19T20:44:28.116] [DEBUG] debug-file - entry : default@CreateBuildProfile cost memory 0.16574859619140625
[2026-05-19T20:44:28.116] [DEBUG] debug-file - runTaskFromQueue task cost before running: 404 ms 
[2026-05-19T20:44:28.116] [INFO] debug-file - Finished :entry:default@CreateBuildProfile... after 4 ms 
[2026-05-19T20:44:28.118] [DEBUG] debug-file - Executing task :entry:default@PreCheckSyscap
[2026-05-19T20:44:28.118] [DEBUG] debug-file - entry : default@PreCheckSyscap cost memory 0.01641082763671875
[2026-05-19T20:44:28.118] [DEBUG] debug-file - runTaskFromQueue task cost before running: 406 ms 
[2026-05-19T20:44:28.118] [INFO] debug-file - Finished :entry:default@PreCheckSyscap... after 1 ms 
[2026-05-19T20:44:28.120] [DEBUG] debug-file - Executing task :entry:default@GeneratePkgContextInfo
[2026-05-19T20:44:28.128] [DEBUG] debug-file - Task 'entry:default@GeneratePkgContextInfo' cost while wrapping incremental declarations: 1 ms 
[2026-05-19T20:44:28.128] [DEBUG] debug-file - entry : default@GeneratePkgContextInfo cost memory 0.24294281005859375
[2026-05-19T20:44:28.129] [DEBUG] debug-file - runTaskFromQueue task cost before running: 417 ms 
[2026-05-19T20:44:28.129] [INFO] debug-file - Finished :entry:default@GeneratePkgContextInfo... after 9 ms 
[2026-05-19T20:44:28.132] [DEBUG] debug-file - Executing task :entry:default@ProcessIntegratedHsp
[2026-05-19T20:44:28.133] [DEBUG] debug-file - entry : default@ProcessIntegratedHsp cost memory 0.03227996826171875
[2026-05-19T20:44:28.133] [DEBUG] debug-file - runTaskFromQueue task cost before running: 421 ms 
[2026-05-19T20:44:28.133] [INFO] debug-file - Finished :entry:default@ProcessIntegratedHsp... after 1 ms 
[2026-05-19T20:44:28.135] [DEBUG] debug-file - Executing task :entry:default@BuildNativeWithCmake
[2026-05-19T20:44:28.135] [DEBUG] debug-file - entry : default@BuildNativeWithCmake cost memory 0.01763153076171875
[2026-05-19T20:44:28.135] [DEBUG] debug-file - runTaskFromQueue task cost before running: 423 ms 
[2026-05-19T20:44:28.135] [INFO] debug-file - Finished :entry:default@BuildNativeWithCmake... after 1 ms 
[2026-05-19T20:44:28.136] [DEBUG] debug-file - Executing task :entry:default@MakePackInfo
[2026-05-19T20:44:28.137] [DEBUG] debug-file - Module Pack Info:  {
  summary: {
    app: { bundleName: 'c***s', bundleType: 'app', version: [Object] },
    modules: [ [Object] ]
  },
  packages: [
    {
      deviceType: [Array],
      moduleType: 'entry',
      deliveryWithInstall: true,
      name: 'entry-default'
    }
  ]
}
[2026-05-19T20:44:28.140] [DEBUG] debug-file - entry : default@MakePackInfo cost memory 0.09893035888671875
[2026-05-19T20:44:28.140] [DEBUG] debug-file - runTaskFromQueue task cost before running: 428 ms 
[2026-05-19T20:44:28.141] [INFO] debug-file - Finished :entry:default@MakePackInfo... after 5 ms 
[2026-05-19T20:44:28.142] [DEBUG] debug-file - Executing task :entry:default@SyscapTransform
[2026-05-19T20:44:28.142] [DEBUG] debug-file - File: 'C:\Users\31293\Desktop\text-effects-master\entry\src\main\syscap.json' from 'sysCapJsonPath' is not exists, just ignore.
[2026-05-19T20:44:28.143] [DEBUG] debug-file - Task 'entry:default@SyscapTransform' cost while wrapping incremental declarations: 1 ms 
[2026-05-19T20:44:28.144] [DEBUG] debug-file - entry : default@SyscapTransform cost memory 0.0620574951171875
[2026-05-19T20:44:28.144] [DEBUG] debug-file - runTaskFromQueue task cost before running: 432 ms 
[2026-05-19T20:44:28.144] [INFO] debug-file - Finished :entry:default@SyscapTransform... after 2 ms 
[2026-05-19T20:44:28.147] [DEBUG] debug-file - Executing task :entry:default@ProcessProfile
[2026-05-19T20:44:28.149] [DEBUG] debug-file - Task 'entry:default@ProcessProfile' cost while wrapping incremental declarations: 1 ms 
[2026-05-19T20:44:28.150] [DEBUG] debug-file - [
  'C:\\Program Files\\Huawei\\DevEco Studio\\tools\\node\\node.exe',
  'C:\\Program Files\\Huawei\\DevEco Studio\\sdk\\default\\openharmony\\ets\\build-tools\\ets-loader\\bin\\ark\\ts2abc.js',
  '--target-api-version',
  '17'
]
[2026-05-19T20:44:28.248] [DEBUG] debug-file - 12.0.6.0
[2026-05-19T20:44:28.251] [DEBUG] debug-file - No need to add fake ui ability because of not in preview process.
[2026-05-19T20:44:28.252] [DEBUG] debug-file - entry : default@ProcessProfile cost memory 2.0963058471679688
[2026-05-19T20:44:28.252] [DEBUG] debug-file - runTaskFromQueue task cost before running: 540 ms 
[2026-05-19T20:44:28.252] [INFO] debug-file - Finished :entry:default@ProcessProfile... after 106 ms 
[2026-05-19T20:44:28.254] [DEBUG] debug-file - Executing task :entry:default@ProcessRouterMap
[2026-05-19T20:44:28.259] [DEBUG] debug-file - entry : default@ProcessRouterMap cost memory 0.0906982421875
[2026-05-19T20:44:28.260] [DEBUG] debug-file - runTaskFromQueue task cost before running: 547 ms 
[2026-05-19T20:44:28.261] [INFO] debug-file - Finished :entry:default@ProcessRouterMap... after 7 ms 
[2026-05-19T20:44:28.262] [DEBUG] debug-file - Executing task :entry:default@ProcessShareConfig
[2026-05-19T20:44:28.266] [DEBUG] debug-file - entry : default@ProcessShareConfig cost memory 0.07826995849609375
[2026-05-19T20:44:28.266] [DEBUG] debug-file - runTaskFromQueue task cost before running: 554 ms 
[2026-05-19T20:44:28.267] [INFO] debug-file - Finished :entry:default@ProcessShareConfig... after 5 ms 
[2026-05-19T20:44:28.267] [DEBUG] debug-file - Executing task :entry:default@ProcessStartupConfig
[2026-05-19T20:44:28.268] [DEBUG] debug-file - Task 'entry:default@ProcessStartupConfig' cost while wrapping incremental declarations: 1 ms 
[2026-05-19T20:44:28.269] [DEBUG] debug-file - entry : default@ProcessStartupConfig cost memory 0.07817840576171875
[2026-05-19T20:44:28.270] [DEBUG] debug-file - runTaskFromQueue task cost before running: 557 ms 
[2026-05-19T20:44:28.270] [INFO] debug-file - Finished :entry:default@ProcessStartupConfig... after 3 ms 
[2026-05-19T20:44:28.272] [DEBUG] debug-file - Executing task :entry:default@BuildNativeWithNinja
[2026-05-19T20:44:28.276] [DEBUG] debug-file - entry : default@BuildNativeWithNinja cost memory 0.03487396240234375
[2026-05-19T20:44:28.277] [DEBUG] debug-file - runTaskFromQueue task cost before running: 565 ms 
[2026-05-19T20:44:28.278] [INFO] debug-file - Finished :entry:default@BuildNativeWithNinja... after 5 ms 
[2026-05-19T20:44:28.281] [DEBUG] debug-file - restool module names: entry; moduleName=entry, taskName=default@ProcessResource
[2026-05-19T20:44:28.284] [DEBUG] debug-file - Executing task :entry:default@ProcessResource
[2026-05-19T20:44:28.285] [DEBUG] debug-file - Task 'entry:default@ProcessResource' cost while wrapping incremental declarations: 1 ms 
[2026-05-19T20:44:28.288] [DEBUG] debug-file - entry : default@ProcessResource cost memory 0.1467742919921875
[2026-05-19T20:44:28.289] [DEBUG] debug-file - runTaskFromQueue task cost before running: 577 ms 
[2026-05-19T20:44:28.289] [INFO] debug-file - Finished :entry:default@ProcessResource... after 7 ms 
[2026-05-19T20:44:28.291] [DEBUG] debug-file - Executing task :entry:default@GenerateLoaderJson
[2026-05-19T20:44:28.292] [DEBUG] debug-file - Task 'entry:default@GenerateLoaderJson' cost while wrapping incremental declarations: 1 ms 
[2026-05-19T20:44:28.301] [DEBUG] debug-file - entry : default@GenerateLoaderJson cost memory 0.767181396484375
[2026-05-19T20:44:28.301] [DEBUG] debug-file - runTaskFromQueue task cost before running: 588 ms 
[2026-05-19T20:44:28.303] [INFO] debug-file - Finished :entry:default@GenerateLoaderJson... after 10 ms 
[2026-05-19T20:44:28.304] [DEBUG] debug-file - Executing task :entry:default@ProcessLibs
[2026-05-19T20:44:28.314] [DEBUG] debug-file - Worker dispatch failed, running processLibs on main thread.
[2026-05-19T20:44:28.317] [DEBUG] debug-file - entry : default@ProcessLibs cost memory 0.32361602783203125
[2026-05-19T20:44:28.317] [DEBUG] debug-file - runTaskFromQueue task cost before running: 605 ms 
[2026-05-19T20:44:28.318] [INFO] debug-file - Finished :entry:default@ProcessLibs... after 14 ms 
[2026-05-19T20:44:28.319] [DEBUG] debug-file - restool module names: entry; moduleName=entry, taskName=default@CompileResource
[2026-05-19T20:44:28.321] [DEBUG] debug-file - Executing task :entry:default@CompileResource
[2026-05-19T20:44:28.366] [DEBUG] debug-file - Use tool [C:\Program Files\Huawei\DevEco Studio\sdk\default\openharmony\toolchains\restool.exe]
 [
  'C:\\Program Files\\Huawei\\DevEco Studio\\sdk\\default\\openharmony\\toolchains\\restool.exe',
  '-l',
  'C:\\Users\\31293\\Desktop\\text-effects-master\\entry\\build\\default\\intermediates\\res\\default\\resConfig.json'
]
[2026-05-19T20:44:28.368] [DEBUG] debug-file - current process  memoryUsage: {
  rss: 224284672,
  heapTotal: 166490112,
  heapUsed: 139910664,
  external: 3627881,
  arrayBuffers: 570835
} os memoryUsage :19.316883087158203
[2026-05-19T20:44:28.419] [DEBUG] debug-file - Info: Pack: normal pack mode

[2026-05-19T20:44:28.479] [DEBUG] debug-file - Info: hardware concurrency count is : 8
Info: thread count is : 8

[2026-05-19T20:44:28.480] [DEBUG] debug-file - Info: thread pool is started

[2026-05-19T20:44:28.480] [DEBUG] debug-file - Info: GenericCompiler::CompileFiles

[2026-05-19T20:44:28.487] [DEBUG] debug-file - Info: GenericCompiler::CompileFiles

[2026-05-19T20:44:28.492] [DEBUG] debug-file - Info: GenericCompiler::CompileFiles

[2026-05-19T20:44:28.499] [DEBUG] debug-file - 05-19 20:44:28.500 17304 17144 E C01400/ImageTranscoderUtils: DecodeToRGBA IN
05-19 20:44:28.500 17304 17144 E C01400/ImageTranscoderUtils: ImageFilter IN C:\Users\31293\Desktop\text-effects-master\AppScope\resources\base\media\app_icon.png

[2026-05-19T20:44:28.502] [DEBUG] debug-file - 05-19 20:44:28.502 17304 17144 E C01400/ImageTranscoder: TranscodeSLR Only zoom-out is supported.

[2026-05-19T20:44:28.502] [DEBUG] debug-file - Warning: ScaleImage failed, error message: INVALID_PARAMETERS, file path = C:\Users\31293\Desktop\text-effects-master\AppScope\resources\base\media\app_icon.png

[2026-05-19T20:44:28.507] [DEBUG] debug-file - 05-19 20:44:28.507 17304 17144 E C01400/ImageTranscoderUtils: DecodeToRGBA IN
05-19 20:44:28.507 17304 17144 E C01400/ImageTranscoderUtils: ImageFilter IN C:\Users\31293\Desktop\text-effects-master\entry\src\main\resources\base\media\background.png

[2026-05-19T20:44:28.519] [DEBUG] debug-file - 05-19 20:44:28.520 17304 17144 E C01400/ImageTranscoder: TranscodeSLR Only zoom-out is supported.

[2026-05-19T20:44:28.520] [DEBUG] debug-file - Warning: ScaleImage failed, error message: INVALID_PARAMETERS, file path = C:\Users\31293\Desktop\text-effects-master\entry\src\main\resources\base\media\background.png

[2026-05-19T20:44:28.523] [DEBUG] debug-file - 05-19 20:44:28.524 17304 17144 E C01400/ImageTranscoderUtils: DecodeToRGBA IN
05-19 20:44:28.524 17304 17144 E C01400/ImageTranscoderUtils: ImageFilter IN C:\Users\31293\Desktop\text-effects-master\entry\src\main\resources\base\media\foreground.png

[2026-05-19T20:44:28.535] [DEBUG] debug-file - 05-19 20:44:28.535 17304 17144 E C01400/ImageTranscoder: TranscodeSLR Only zoom-out is supported.

[2026-05-19T20:44:28.535] [DEBUG] debug-file - Warning: ScaleImage failed, error message: INVALID_PARAMETERS, file path = C:\Users\31293\Desktop\text-effects-master\entry\src\main\resources\base\media\foreground.png

[2026-05-19T20:44:28.539] [DEBUG] debug-file - Info: can't scale media json file.

[2026-05-19T20:44:28.539] [DEBUG] debug-file - Warning: The width or height of the png file referenced by the icon exceeds the limit (41 pixels)
at C:\Users\31293\Desktop\text-effects-master\entry\src\main\resources\base\media\background.png

[2026-05-19T20:44:28.540] [DEBUG] debug-file - Warning: The width or height of the png file referenced by the icon exceeds the limit (41 pixels)
at C:\Users\31293\Desktop\text-effects-master\entry\src\main\resources\base\media\foreground.png
Warning: C:\Users\31293\Desktop\text-effects-master\entry\src\main\resources\base\media\layered_image.json is not png format

[2026-05-19T20:44:28.551] [DEBUG] debug-file - Info: restool resources compile success.

[2026-05-19T20:44:28.552] [DEBUG] debug-file - Info: thread pool is stopped

[2026-05-19T20:44:28.613] [DEBUG] debug-file - entry : default@CompileResource cost memory 0.061492919921875
[2026-05-19T20:44:28.613] [DEBUG] debug-file - runTaskFromQueue task cost before running: 900 ms 
[2026-05-19T20:44:28.614] [INFO] debug-file - Finished :entry:default@CompileResource... after 293 ms 
[2026-05-19T20:44:28.615] [DEBUG] debug-file - Executing task :entry:default@DoNativeStrip
[2026-05-19T20:44:28.615] [DEBUG] debug-file - Task 'entry:default@DoNativeStrip' cost while wrapping incremental declarations: 1 ms 
[2026-05-19T20:44:28.621] [DEBUG] debug-file - entry : default@DoNativeStrip cost memory -9.125587463378906
[2026-05-19T20:44:28.621] [DEBUG] debug-file - runTaskFromQueue task cost before running: 909 ms 
[2026-05-19T20:44:28.622] [INFO] debug-file - Finished :entry:default@DoNativeStrip... after 7 ms 
[2026-05-19T20:44:28.623] [DEBUG] debug-file - Executing task :entry:default@CompileArkTS
[2026-05-19T20:44:28.624] [DEBUG] debug-file - obfuscationOptions: undefined
[2026-05-19T20:44:28.625] [DEBUG] debug-file - Task 'entry:default@CompileArkTS' cost while wrapping incremental declarations: 1 ms 
[2026-05-19T20:44:28.646] [DEBUG] debug-file - build config:
[2026-05-19T20:44:28.646] [DEBUG] debug-file - {
  moduleType: 'entry',
  perf: 0,
  targetName: '.default',
  packageManagerType: 'ohpm',
  localPropertiesPath: 'C:\\Users\\31293\\Desktop\\text-effects-master\\local.properties',
  isPreview: false,
  isOhosTest: false,
  isLocalTest: false,
  buildMode: 'Debug',
  hotReloadBuild: undefined,
  watchMode: 'false',
  aceProfilePath: 'C:\\Users\\31293\\Desktop\\text-effects-master\\entry\\build\\default\\intermediates\\res\\default\\resources\\base\\profile',
  etsLoaderPath: 'C:\\Program Files\\Huawei\\DevEco Studio\\sdk\\default\\openharmony\\ets\\build-tools\\ets-loader',
  modulePath: 'C:\\Users\\31293\\Desktop\\text-effects-master\\entry',
  testFrameworkPar: {
    testMode: undefined,
    coveragePathFilter: undefined,
    coverageMode: undefined
  },
  needCoverageInsert: false,
  debugLine: false,
  projectTopDir: 'C:\\Users\\31293\\Desktop\\text-effects-master',
  compileSdkVersion: 22,
  compatibleSdkVersion: 17,
  originCompatibleSdkVersion: '5.0.5(17)',
  compatibleSdkVersionStage: undefined,
  bundleName: 'c***s',
  etsLoaderVersion: '6.0.2.130',
  etsLoaderReleaseType: 'Release',
  aotCompileMode: 'type',
  apPath: 'C:\\Users\\31293\\Desktop\\text-effects-master\\entry\\modules.ap',
  entryModuleName: 'entry',
  entryModuleVersion: '1.0.0',
  entryPackageName: 'entry',
  allModuleNameHash: '04ad081ebb99493977862d131bc7fdab2930a72e887f3293ff165bce40261837',
  externalApiPaths: [
    'C:\\Program Files\\Huawei\\DevEco Studio\\sdk\\default\\hms\\ets'
  ],
  compilerTypes: [],
  isCrossplatform: false,
  hvigorPluginFile: undefined,
  compilePluginPath: undefined,
  buildGeneratedProfilePath: 'C:\\Users\\31293\\Desktop\\text-effects-master\\entry\\build\\default\\generated\\profile\\default',
  bundleType: 'app',
  arkTSVersion: undefined,
  apiVersion: 22,
  needCompleteSourcesMap: false,
  isFaMode: false,
  buildDir: 'C:\\Users\\31293\\Desktop\\text-effects-master\\entry\\build',
  deviceTypes: [ 'phone' ],
  pkgContextInfo: undefined,
  ohPackagePathMap: {},
  dependencyAliasMap: {},
  permission: { requestPermissions: undefined, definePermissions: undefined },
  useGetCurrentBundleName: false,
  projectArkOption: undefined,
  sourceMapDir: undefined,
  branchElimination: false,
  transformLib: undefined,
  tsImportSendable: false,
  resolveConflictMode: true,
  depName2RootPath: {},
  depName2DepInfo: {},
  rootPathSet: [ 'C:\\Users\\31293\\Desktop\\text-effects-master' ],
  useNativeResolver: true,
  shouldEmitJs: true,
  useTscResolve: false,
  singleFileEmit: false,
  userProjectConfig: {
    autoLazyImport: false,
    allowEmptyBundleName: false,
    reExportCheckMode: 'noCheck',
    executionMode: 'memory',
    usePathPlaceholder: false,
    writeRollupCache: true,
    isExpandImportEnabled: false,
    expandImportExclude: '',
    lazyImportExclude: '',
    lazyImportInclude: '',
    ignoreCrossplatformCheck: false,
    isHarDeduplicateEnabled: false,
    skipOhModulesLint: false,
    enableStrictCheckOHModule: false,
    disableSendableCheckRules: [],
    useDeclarationFileSignature: false,
    customizedOptions: undefined,
    integratedHsp: false,
    isPreloadSoEnabled: false
  },
  executionMode: 'memory',
  arkCompileCachePath: 'C:\\Users\\31293\\Desktop\\text-effects-master\\entry\\build\\default\\cache\\default\\default@CompileArkTS\\esmodule',
  autoLazyFilter: undefined,
  isHarDeduplicateEnabled: false,
  intermediateHarDuplicateDirPath: 'C:\\Users\\31293\\Desktop\\text-effects-master\\entry\\build\\default\\intermediates\\har_duplicate\\default',
  autoLazyImport: false,
  allowEmptyBundleName: false,
  reExportCheckMode: 'noCheck',
  usePathPlaceholder: false,
  writeRollupCache: true,
  isExpandImportEnabled: false,
  expandImportExclude: '',
  lazyImportExclude: '',
  lazyImportInclude: '',
  ignoreCrossplatformCheck: false,
  skipOhModulesLint: false,
  enableStrictCheckOHModule: false,
  disableSendableCheckRules: [],
  useDeclarationFileSignature: false,
  customizedOptions: undefined,
  integratedHsp: false,
  isPreloadSoEnabled: false,
  strictMode: undefined,
  useNormalizedOHMUrl: false,
  caseSensitiveCheck: false,
  aceModuleJsonPath: 'C:\\Users\\31293\\Desktop\\text-effects-master\\entry\\build\\default\\intermediates\\res\\default\\ark_module.json',
  appResource: 'C:\\Users\\31293\\Desktop\\text-effects-master\\entry\\build\\default\\intermediates\\res\\default\\ResourceTable.txt',
  rawFileResource: 'C:\\Users\\31293\\Desktop\\text-effects-master\\entry\\build\\default\\intermediates\\res\\default\\resources\\rawfile',
  resourceTableHash: '3ca29c14ae3a9ac908814a3ce10d8a692d4939db3563941d5ac3dc96a0f66f6d',
  runtimeOS: 'HarmonyOS',
  sdkInfo: 'false:22:6.0.2.130:Release',
  aceModuleRoot: 'C:\\Users\\31293\\Desktop\\text-effects-master\\entry\\src\\main\\ets',
  compileMode: 'esmodule',
  aceSuperVisualPath: 'C:\\Users\\31293\\Desktop\\text-effects-master\\entry\\src\\main\\supervisual',
  aceBuildJson: 'C:\\Users\\31293\\Desktop\\text-effects-master\\entry\\build\\default\\intermediates\\loader\\default\\loader.json',
  cachePath: 'C:\\Users\\31293\\Desktop\\text-effects-master\\entry\\build\\default\\cache\\default\\default@CompileArkTS\\esmodule\\debug',
  aceModuleBuild: 'C:\\Users\\31293\\Desktop\\text-effects-master\\entry\\build\\default\\intermediates\\loader_out\\default\\ets',
  supportChunks: true,
  declaredFilesPath: undefined,
  shouldCollectDirectImportees: false,
  isByteCodeHarOptimize: false,
  expandImportPath: undefined,
  pkgNameToPkgBriefInfo: {
    entry: {
      pkgRoot: 'C:\\Users\\31293\\Desktop\\text-effects-master\\entry',
      originalSourceRoots: undefined,
      sourceRoots: [Array],
      pkgName: 'entry'
    }
  },
  projectModel: {
    'C:\\Users\\31293\\Desktop\\text-effects-master\\entry\\src\\main': {
      moduleName: 'entry',
      modulePkgPath: 'C:\\Users\\31293\\Desktop\\text-effects-master\\entry',
      belongProjectPath: 'C:\\Users\\31293\\Desktop\\text-effects-master'
    },
    'C:\\Users\\31293\\Desktop\\text-effects-master\\entry': {
      moduleName: 'entry',
      modulePkgPath: 'C:\\Users\\31293\\Desktop\\text-effects-master\\entry',
      belongProjectPath: 'C:\\Users\\31293\\Desktop\\text-effects-master'
    },
    'C:\\Users\\31293\\Desktop\\text-effects-master': {
      moduleName: 'text-effects-master',
      modulePkgPath: 'C:\\Users\\31293\\Desktop\\text-effects-master',
      belongProjectPath: 'C:\\Users\\31293\\Desktop\\text-effects-master'
    }
  },
  pkgJsonFileHash: 'ac995480e710a275b7cf4a6fb2472a77382a629452dd716ec0366f01c80fa48c',
  allModulePaths: [ 'C:\\Users\\31293\\Desktop\\text-effects-master\\entry' ],
  routerMap: {},
  obfuscationOptions: undefined,
  byteCodeHarToDependencyKeys: undefined,
  compileBlockPkg: [],
  mockParams: {
    decorator: '@MockSetup',
    packageName: '@ohos/hamock',
    etsSourceRootPath: 'src/main/ets',
    mockConfigPath: undefined,
    mockConfigKey2ModuleInfo: {},
    source2ModuleIdMap: {}
  },
  copyCodeResourceEnable: true,
  copyCodeResourceExcludes: [],
  copyCodeResourceIncludes: undefined,
  uiTransformOptimization: false,
  sdkPath: 'C:/Program Files/Huawei/DevEco Studio/sdk',
  needPreloadSoFileSet: {},
  preloadSoFilePath: 'C:\\Users\\31293\\Desktop\\text-effects-master\\entry\\build\\default\\intermediates\\preload\\default\\preload.json',
  useSourceHash: false,
  localModuleParamMap: {},
  otherPaths: {
    'entry/*': [
      '..\\*',
      '..\\..\\..\\build\\default\\generated\\profile\\default\\*'
    ]
  },
  collectImportersConfig: undefined
}
[2026-05-19T20:44:28.647] [DEBUG] debug-file - Compile arkts with external api path: C:\Program Files\Huawei\DevEco Studio\sdk\default\hms\ets
[2026-05-19T20:44:28.651] [DEBUG] debug-file - default@CompileArkTS work[0] is submitted.
[2026-05-19T20:44:28.652] [DEBUG] debug-file - default@CompileArkTS work[0] is pushed to ready queue.
[2026-05-19T20:44:28.652] [DEBUG] debug-file - default@CompileArkTS work[0] is not dispatched.
[2026-05-19T20:44:28.653] [DEBUG] debug-file - CopyResources startTime: 10910500803900
[2026-05-19T20:44:28.653] [DEBUG] debug-file - default@CompileArkTS work[1] is submitted.
[2026-05-19T20:44:28.653] [DEBUG] debug-file - default@CompileArkTS work[1] is pushed to ready queue.
[2026-05-19T20:44:28.653] [DEBUG] debug-file - default@CompileArkTS work[1] is not dispatched.
[2026-05-19T20:44:28.653] [DEBUG] debug-file - entry : default@CompileArkTS cost memory 1.79931640625
[2026-05-19T20:44:28.655] [DEBUG] debug-file - Executing task :entry:default@BuildJS
[2026-05-19T20:44:28.656] [DEBUG] debug-file - Task 'entry:default@BuildJS' cost while wrapping incremental declarations: 1 ms 
[2026-05-19T20:44:28.659] [DEBUG] debug-file - entry : default@BuildJS cost memory 0.1564178466796875
[2026-05-19T20:44:28.659] [DEBUG] debug-file - runTaskFromQueue task cost before running: 947 ms 
[2026-05-19T20:44:28.660] [INFO] debug-file - Finished :entry:default@BuildJS... after 5 ms 
[2026-05-19T20:44:28.661] [DEBUG] debug-file - Executing task :entry:default@CacheNativeLibs
[2026-05-19T20:44:28.661] [DEBUG] debug-file - Task 'entry:default@CacheNativeLibs' cost while wrapping incremental declarations: 1 ms 
[2026-05-19T20:44:28.661] [DEBUG] debug-file - default@CacheNativeLibs work[2] is submitted.
[2026-05-19T20:44:28.661] [DEBUG] debug-file - default@CacheNativeLibs work[2] is pushed to ready queue.
[2026-05-19T20:44:28.661] [DEBUG] debug-file - default@CacheNativeLibs work[2] is not dispatched.
[2026-05-19T20:44:28.661] [DEBUG] debug-file - entry : default@CacheNativeLibs cost memory 0.08332061767578125
[2026-05-19T20:44:28.775] [DEBUG] debug-file - A work dispatched to worker[7] failed because unable to get work from ready queue.
[2026-05-19T20:44:28.776] [DEBUG] debug-file - Create  resident worker with id: 6.
[2026-05-19T20:44:28.779] [DEBUG] debug-file - default@CompileArkTS work[1] has been dispatched to worker[6].
[2026-05-19T20:44:28.870] [DEBUG] debug-file - A work dispatched to worker[7] failed because unable to get work from ready queue.
[2026-05-19T20:44:28.870] [DEBUG] debug-file - A work dispatched to worker[6] failed because of worker busy.
[2026-05-19T20:44:28.870] [DEBUG] debug-file - Create  resident worker with id: 5.
[2026-05-19T20:44:28.871] [DEBUG] debug-file - default@CacheNativeLibs work[2] has been dispatched to worker[5].
[2026-05-19T20:44:28.871] [DEBUG] debug-file - A work dispatched to worker[7] failed because unable to get work from ready queue.
[2026-05-19T20:44:28.871] [DEBUG] debug-file - A work dispatched to worker[6] failed because of worker busy.
[2026-05-19T20:44:28.871] [DEBUG] debug-file - A work dispatched to worker[5] failed because of worker busy.
[2026-05-19T20:44:28.872] [DEBUG] debug-file - Create  resident worker with id: 4.
[2026-05-19T20:44:28.873] [DEBUG] debug-file - default@CompileArkTS work[0] has been dispatched to worker[4].
[2026-05-19T20:44:29.911] [DEBUG] debug-file - worker[6] has one work done.
[2026-05-19T20:44:29.911] [DEBUG] debug-file - CopyResources is end, endTime: 10911759358500
[2026-05-19T20:44:29.912] [DEBUG] debug-file - default@CompileArkTS work[1] done.
[2026-05-19T20:44:30.028] [DEBUG] debug-file - worker[5] has one work done.
[2026-05-19T20:44:30.028] [DEBUG] debug-file - default@CacheNativeLibs work[2] done.
[2026-05-19T20:44:30.029] [INFO] debug-file - Finished :entry:default@CacheNativeLibs... after 12 ms 
[2026-05-19T20:44:30.244] [DEBUG] debug-file - A work dispatched to worker[6] failed because unable to get work from ready queue.
[2026-05-19T20:44:30.244] [DEBUG] debug-file - A work dispatched to worker[5] failed because unable to get work from ready queue.
[2026-05-19T20:44:36.655] [DEBUG] debug-file - worker[4] has one work error.
[2026-05-19T20:44:36.656] [DEBUG] debug-file - default@CompileArkTS work[0] failed.
[2026-05-19T20:44:36.656] [ERROR] debug-file - Failed :entry:default@CompileArkTS... 
[2026-05-19T20:44:36.656] [DEBUG] debug-file - hvigor build process will be closed with an error.
[2026-05-19T20:44:36.655] [DEBUG] debug-file - Ark compile task finished.finished time is 10918503715100
[2026-05-19T20:44:36.657] [DEBUG] debug-file - ERROR: stacktrace = Error: ArkTS Compiler Error
[31m1 ERROR: [31m10505001 ArkTS Compiler Error
Error Message: Property 'minHeight' does not exist on type 'RowAttribute'. Did you mean 'height'? At File: C:/Users/31293/Desktop/text-effects-master/entry/src/main/ets/pages/Index.ets:117:12
[39m
[39m
[31mCOMPILE RESULT:FAIL {ERROR:2}[39m
    at runArkPack (C:\Program Files\Huawei\DevEco Studio\tools\hvigor\hvigor-ohos-plugin\node_modules\@ohos\hvigor-arkts-compose\dist\src\arkts-pack.js:1:5860)
ArkTSCompilerError: ArkTS Compiler Error
    at throwArkTsCompilerError (C:\Program Files\Huawei\DevEco Studio\tools\hvigor\hvigor-ohos-plugin\node_modules\@ohos\hvigor-arkts-compose\dist\src\data\compose-error.js:1:423)
    at throwErrorIfHasErrorInfo (C:\Program Files\Huawei\DevEco Studio\tools\hvigor\hvigor-ohos-plugin\node_modules\@ohos\hvigor-arkts-compose\dist\src\plugins\common-plugin.js:1:4478)
    at Object.handler (C:\Program Files\Huawei\DevEco Studio\tools\hvigor\hvigor-ohos-plugin\node_modules\@ohos\hvigor-arkts-compose\dist\src\plugins\common-plugin.js:1:2547)
    at C:\Program Files\Huawei\DevEco Studio\tools\hvigor\hvigor-ohos-plugin\node_modules\@ohos\hvigor-arkts-base\node_modules\rollup\dist\shared\rollup.js:27765:40
[2026-05-19T20:44:36.657] [ERROR] debug-file - Error: ArkTS Compiler Error
[31m1 ERROR: [31m10505001 ArkTS Compiler Error
Error Message: Property 'minHeight' does not exist on type 'RowAttribute'. Did you mean 'height'? At File: C:/Users/31293/Desktop/text-effects-master/entry/src/main/ets/pages/Index.ets:117:12
[39m
[39m
[31mCOMPILE RESULT:FAIL {ERROR:2}[39m
    at runArkPack (C:\Program Files\Huawei\DevEco Studio\tools\hvigor\hvigor-ohos-plugin\node_modules\@ohos\hvigor-arkts-compose\dist\src\arkts-pack.js:1:5860)
ArkTSCompilerError: ArkTS Compiler Error
    at throwArkTsCompilerError (C:\Program Files\Huawei\DevEco Studio\tools\hvigor\hvigor-ohos-plugin\node_modules\@ohos\hvigor-arkts-compose\dist\src\data\compose-error.js:1:423)
    at throwErrorIfHasErrorInfo (C:\Program Files\Huawei\DevEco Studio\tools\hvigor\hvigor-ohos-plugin\node_modules\@ohos\hvigor-arkts-compose\dist\src\plugins\common-plugin.js:1:4478)
    at Object.handler (C:\Program Files\Huawei\DevEco Studio\tools\hvigor\hvigor-ohos-plugin\node_modules\@ohos\hvigor-arkts-compose\dist\src\plugins\common-plugin.js:1:2547)
    at C:\Program Files\Huawei\DevEco Studio\tools\hvigor\hvigor-ohos-plugin\node_modules\@ohos\hvigor-arkts-base\node_modules\rollup\dist\shared\rollup.js:27765:40
[2026-05-19T20:44:36.666] [ERROR] debug-file - BUILD FAILED in 8 s 954 ms 
[2026-05-19T20:44:36.667] [DEBUG] debug-file - Update task entry:default@PreBuild input file:C:\Users\31293\Desktop\text-effects-master\AppScope\app.json5 cache by regenerate.
[2026-05-19T20:44:36.668] [DEBUG] debug-file - Update task entry:default@PreBuild input file:C:\Users\31293\Desktop\text-effects-master\entry\src\main\module.json5 cache by regenerate.
[2026-05-19T20:44:36.668] [DEBUG] debug-file - Update task entry:default@PreBuild input file:C:\Users\31293\Desktop\text-effects-master\build-profile.json5 cache by regenerate.
[2026-05-19T20:44:36.669] [DEBUG] debug-file - Update task entry:default@PreBuild input file:C:\Users\31293\Desktop\text-effects-master\entry\build-profile.json5 cache by regenerate.
[2026-05-19T20:44:36.669] [DEBUG] debug-file - Update task entry:default@PreBuild input file:C:\Users\31293\Desktop\text-effects-master\entry\src\main\resources\base\profile\main_pages.json cache by regenerate.
[2026-05-19T20:44:36.669] [DEBUG] debug-file - Update task entry:default@PreBuild input file:C:\Users\31293\Desktop\text-effects-master\hvigor\hvigor-config.json5 cache by regenerate.
[2026-05-19T20:44:36.670] [DEBUG] debug-file - Update task entry:default@PreBuild input file:C:\Users\31293\Desktop\text-effects-master\entry\oh-package.json5 cache by regenerate.
[2026-05-19T20:44:36.670] [DEBUG] debug-file - Update task entry:default@PreBuild input file:C:\Users\31293\Desktop\text-effects-master\oh-package.json5 cache by regenerate.
[2026-05-19T20:44:36.670] [DEBUG] debug-file - Incremental task entry:default@PreBuild post-execution cost:4 ms .
[2026-05-19T20:44:36.670] [DEBUG] debug-file - Update task entry:default@CreateModuleInfo output file:C:\Users\31293\Desktop\text-effects-master\entry\build\default\generated\profile\default\ModuleInfo.ts cache.
[2026-05-19T20:44:36.671] [DEBUG] debug-file - Incremental task entry:default@CreateModuleInfo post-execution cost:1 ms .
[2026-05-19T20:44:36.671] [DEBUG] debug-file - Update task entry:default@GenerateMetadata input file:C:\Users\31293\Desktop\text-effects-master\entry\src\main\module.json5 cache by regenerate.
[2026-05-19T20:44:36.671] [DEBUG] debug-file - Update task entry:default@GenerateMetadata output file:C:\Users\31293\Desktop\text-effects-master\entry\build\default\intermediates\hap_metadata\default\output_metadata.json cache.
[2026-05-19T20:44:36.671] [DEBUG] debug-file - Incremental task entry:default@GenerateMetadata post-execution cost:1 ms .
[2026-05-19T20:44:36.671] [DEBUG] debug-file - Update task entry:default@MergeProfile input file:C:\Users\31293\Desktop\text-effects-master\AppScope\app.json5 cache by regenerate.
[2026-05-19T20:44:36.671] [DEBUG] debug-file - Update task entry:default@MergeProfile input file:C:\Users\31293\Desktop\text-effects-master\build-profile.json5 cache by regenerate.
[2026-05-19T20:44:36.671] [DEBUG] debug-file - Update task entry:default@MergeProfile input file:C:\Users\31293\Desktop\text-effects-master\entry\src\main\module.json5 cache by regenerate.
[2026-05-19T20:44:36.672] [DEBUG] debug-file - Update task entry:default@MergeProfile output file:C:\Users\31293\Desktop\text-effects-master\entry\build\default\intermediates\merge_profile\default\module.json cache.
[2026-05-19T20:44:36.672] [DEBUG] debug-file - Incremental task entry:default@MergeProfile post-execution cost:1 ms .
[2026-05-19T20:44:36.672] [DEBUG] debug-file - Update task entry:default@CreateBuildProfile input file:C:\Users\31293\Desktop\text-effects-master\AppScope\app.json5 cache by regenerate.
[2026-05-19T20:44:36.672] [DEBUG] debug-file - Update task entry:default@CreateBuildProfile input file:C:\Users\31293\Desktop\text-effects-master\build-profile.json5 cache by regenerate.
[2026-05-19T20:44:36.672] [DEBUG] debug-file - Update task entry:default@CreateBuildProfile output file:C:\Users\31293\Desktop\text-effects-master\entry\build\default\generated\profile\default\BuildProfile.ets cache.
[2026-05-19T20:44:36.672] [DEBUG] debug-file - Incremental task entry:default@CreateBuildProfile post-execution cost:1 ms .
[2026-05-19T20:44:36.672] [DEBUG] debug-file - Update task entry:default@GeneratePkgContextInfo output file:C:\Users\31293\Desktop\text-effects-master\entry\build\default\intermediates\loader\default\pkgContextInfo.json cache.
[2026-05-19T20:44:36.672] [DEBUG] debug-file - Incremental task entry:default@GeneratePkgContextInfo post-execution cost:1 ms .
[2026-05-19T20:44:36.673] [DEBUG] debug-file - Update task entry:default@ProcessIntegratedHsp output file:C:\Users\31293\Desktop\text-effects-master\build\cache\default\integrated_hsp\integratedHspCache.json cache.
[2026-05-19T20:44:36.673] [DEBUG] debug-file - Incremental task entry:default@ProcessIntegratedHsp post-execution cost:1 ms .
[2026-05-19T20:44:36.673] [DEBUG] debug-file - Update task entry:default@MakePackInfo input file:C:\Users\31293\Desktop\text-effects-master\AppScope\app.json5 cache by regenerate.
[2026-05-19T20:44:36.673] [DEBUG] debug-file - Update task entry:default@MakePackInfo input file:C:\Users\31293\Desktop\text-effects-master\entry\src\main\module.json5 cache by regenerate.
[2026-05-19T20:44:36.673] [DEBUG] debug-file - Update task entry:default@MakePackInfo input file:C:\Users\31293\Desktop\text-effects-master\build-profile.json5 cache by regenerate.
[2026-05-19T20:44:36.673] [DEBUG] debug-file - Update task entry:default@MakePackInfo output file:C:\Users\31293\Desktop\text-effects-master\entry\build\default\outputs\default\pack.info cache.
[2026-05-19T20:44:36.673] [DEBUG] debug-file - Incremental task entry:default@MakePackInfo post-execution cost:1 ms .
[2026-05-19T20:44:36.673] [DEBUG] debug-file - Update task entry:default@SyscapTransform input file:C:\Program Files\Huawei\DevEco Studio\sdk\default\openharmony\toolchains\syscap_tool.exe cache by regenerate.
[2026-05-19T20:44:36.673] [DEBUG] debug-file - Update task entry:default@SyscapTransform input file:C:\Program Files\Huawei\DevEco Studio\sdk\default\openharmony\ets\api\device-define cache by regenerate.
[2026-05-19T20:44:36.690] [DEBUG] debug-file - Update task entry:default@SyscapTransform output file:C:\Users\31293\Desktop\text-effects-master\entry\build\default\intermediates\syscap\default\rpcid.sc cache.
[2026-05-19T20:44:36.691] [DEBUG] debug-file - Incremental task entry:default@SyscapTransform post-execution cost:19 ms .
[2026-05-19T20:44:36.692] [DEBUG] debug-file - Update task entry:default@ProcessProfile input file:C:\Users\31293\Desktop\text-effects-master\entry\build\default\intermediates\merge_profile\default\module.json cache by regenerate.
[2026-05-19T20:44:36.692] [DEBUG] debug-file - Update task entry:default@ProcessProfile output file:C:\Users\31293\Desktop\text-effects-master\entry\build\default\intermediates\process_profile\default\module.json cache.
[2026-05-19T20:44:36.693] [DEBUG] debug-file - Incremental task entry:default@ProcessProfile post-execution cost:2 ms .
[2026-05-19T20:44:36.693] [DEBUG] debug-file - Update task entry:default@ProcessRouterMap input file:C:\Users\31293\Desktop\text-effects-master\entry\oh-package.json5 cache by regenerate.
[2026-05-19T20:44:36.694] [DEBUG] debug-file - Update task entry:default@ProcessRouterMap input file:C:\Users\31293\Desktop\text-effects-master\oh-package.json5 cache by regenerate.
[2026-05-19T20:44:36.695] [DEBUG] debug-file - Update task entry:default@ProcessRouterMap input file:C:\Users\31293\Desktop\text-effects-master\entry\src\main\module.json5 cache by regenerate.
[2026-05-19T20:44:36.695] [DEBUG] debug-file - Update task entry:default@ProcessRouterMap output file:C:\Users\31293\Desktop\text-effects-master\entry\build\default\intermediates\router_map\default\temp-router-map.json cache.
[2026-05-19T20:44:36.695] [DEBUG] debug-file - Update task entry:default@ProcessRouterMap output file:C:\Users\31293\Desktop\text-effects-master\entry\build\default\intermediates\router_map\default\loader-router-map.json cache.
[2026-05-19T20:44:36.695] [DEBUG] debug-file - Incremental task entry:default@ProcessRouterMap post-execution cost:3 ms .
[2026-05-19T20:44:36.696] [DEBUG] debug-file - Update task entry:default@ProcessShareConfig input file:C:\Users\31293\Desktop\text-effects-master\entry\oh-package.json5 cache by regenerate.
[2026-05-19T20:44:36.696] [DEBUG] debug-file - Update task entry:default@ProcessShareConfig input file:C:\Users\31293\Desktop\text-effects-master\oh-package.json5 cache by regenerate.
[2026-05-19T20:44:36.697] [DEBUG] debug-file - Update task entry:default@ProcessShareConfig input file:C:\Users\31293\Desktop\text-effects-master\entry\src\main\module.json5 cache by regenerate.
[2026-05-19T20:44:36.697] [DEBUG] debug-file - Update task entry:default@ProcessShareConfig output file:C:\Users\31293\Desktop\text-effects-master\entry\build\default\intermediates\share_config\default\temp-share-config.json cache.
[2026-05-19T20:44:36.698] [DEBUG] debug-file - Incremental task entry:default@ProcessShareConfig post-execution cost:2 ms .
[2026-05-19T20:44:36.698] [DEBUG] debug-file - Update task entry:default@ProcessStartupConfig output file:C:\Users\31293\Desktop\text-effects-master\entry\build\default\intermediates\startup\default\startup_config.json cache.
[2026-05-19T20:44:36.698] [DEBUG] debug-file - Incremental task entry:default@ProcessStartupConfig post-execution cost:1 ms .
[2026-05-19T20:44:36.698] [DEBUG] debug-file - Update task entry:default@ProcessResource output file:C:\Users\31293\Desktop\text-effects-master\entry\build\default\intermediates\res\default\resConfig.json cache.
[2026-05-19T20:44:36.699] [DEBUG] debug-file - Update task entry:default@ProcessResource output file:C:\Users\31293\Desktop\text-effects-master\entry\build\default\intermediates\res\default\opt-compression.json cache.
[2026-05-19T20:44:36.699] [DEBUG] debug-file - Incremental task entry:default@ProcessResource post-execution cost:1 ms .
[2026-05-19T20:44:36.699] [DEBUG] debug-file - Update task entry:default@GenerateLoaderJson input file:C:\Users\31293\Desktop\text-effects-master\entry\build\default\intermediates\router_map\default\temp-router-map.json cache by regenerate.
[2026-05-19T20:44:36.700] [DEBUG] debug-file - Update task entry:default@GenerateLoaderJson output file:C:\Users\31293\Desktop\text-effects-master\entry\build\default\intermediates\loader\default\loader.json cache.
[2026-05-19T20:44:36.700] [DEBUG] debug-file - Incremental task entry:default@GenerateLoaderJson post-execution cost:2 ms .
[2026-05-19T20:44:36.700] [DEBUG] debug-file - Update task entry:default@ProcessLibs input file:C:\Users\31293\Desktop\text-effects-master\build-profile.json5 cache by regenerate.
[2026-05-19T20:44:36.701] [DEBUG] debug-file - Update task entry:default@ProcessLibs input file:C:\Users\31293\Desktop\text-effects-master\entry\build-profile.json5 cache by regenerate.
[2026-05-19T20:44:36.701] [DEBUG] debug-file - Update task entry:default@ProcessLibs output file:C:\Users\31293\Desktop\text-effects-master\entry\build\default\intermediates\libs\default cache.
[2026-05-19T20:44:36.701] [DEBUG] debug-file - Incremental task entry:default@ProcessLibs post-execution cost:2 ms .
[2026-05-19T20:44:36.702] [DEBUG] debug-file - Update task entry:default@CompileResource input file:C:\Users\31293\Desktop\text-effects-master\entry\src\main\resources cache by regenerate.
[2026-05-19T20:44:36.704] [DEBUG] debug-file - Update task entry:default@CompileResource input file:C:\Users\31293\Desktop\text-effects-master\AppScope\resources cache by regenerate.
[2026-05-19T20:44:36.705] [DEBUG] debug-file - Update task entry:default@CompileResource input file:C:\Users\31293\Desktop\text-effects-master\entry\build\default\intermediates\process_profile\default\module.json cache by regenerate.
[2026-05-19T20:44:36.705] [DEBUG] debug-file - Update task entry:default@CompileResource input file:C:\Users\31293\Desktop\text-effects-master\entry\build\default\intermediates\res\default\resConfig.json cache by regenerate.
[2026-05-19T20:44:36.705] [DEBUG] debug-file - Update task entry:default@CompileResource output file:C:\Users\31293\Desktop\text-effects-master\entry\build\default\intermediates\res\default cache.
[2026-05-19T20:44:36.710] [DEBUG] debug-file - Update task entry:default@CompileResource output file:C:\Users\31293\Desktop\text-effects-master\entry\build\default\generated\r\default\ResourceTable.h cache.
[2026-05-19T20:44:36.710] [DEBUG] debug-file - Update task entry:default@CompileResource output file:C:\Users\31293\Desktop\text-effects-master\entry\build\default\generated\r\default cache.
[2026-05-19T20:44:36.711] [DEBUG] debug-file - Incremental task entry:default@CompileResource post-execution cost:10 ms .
[2026-05-19T20:44:36.711] [DEBUG] debug-file - Update task entry:default@DoNativeStrip input file:C:\Users\31293\Desktop\text-effects-master\entry\build\default\intermediates\libs\default cache by regenerate.
[2026-05-19T20:44:36.711] [DEBUG] debug-file - Update task entry:default@DoNativeStrip output file:C:\Users\31293\Desktop\text-effects-master\entry\build\default\intermediates\stripped_native_libs\default cache.
[2026-05-19T20:44:36.711] [DEBUG] debug-file - Incremental task entry:default@DoNativeStrip post-execution cost:1 ms .
[2026-05-19T20:44:36.712] [DEBUG] debug-file - Update task entry:default@CompileArkTS input file:C:\Users\31293\Desktop\text-effects-master\entry\build\default\intermediates\loader\default cache by regenerate.
[2026-05-19T20:44:36.712] [DEBUG] debug-file - Update task entry:default@CompileArkTS input file:C:\Users\31293\Desktop\text-effects-master\entry\build\default\intermediates\res\default\ResourceTable.txt cache by regenerate.
[2026-05-19T20:44:36.712] [DEBUG] debug-file - Update task entry:default@CompileArkTS input file:C:\Users\31293\Desktop\text-effects-master\entry\build\default\intermediates\res\default\ark_module.json cache by regenerate.
[2026-05-19T20:44:36.713] [DEBUG] debug-file - Update task entry:default@CompileArkTS input file:C:\Users\31293\Desktop\text-effects-master\entry\build\default\intermediates\res\default\resources\base\profile cache by regenerate.
[2026-05-19T20:44:36.713] [DEBUG] debug-file - Update task entry:default@CompileArkTS input file:C:\Users\31293\Desktop\text-effects-master\entry\src\main\ets cache by regenerate.
[2026-05-19T20:44:36.714] [DEBUG] debug-file - Update task entry:default@CompileArkTS input file:C:\Users\31293\Desktop\text-effects-master\entry\build\default\generated\profile\default\BuildProfile.ets cache by regenerate.
[2026-05-19T20:44:36.714] [DEBUG] debug-file - Update task entry:default@CompileArkTS output file:C:\Users\31293\Desktop\text-effects-master\entry\build\default\intermediates\loader_out\default\ets cache.
[2026-05-19T20:44:36.714] [DEBUG] debug-file - Incremental task entry:default@CompileArkTS post-execution cost:4 ms .
[2026-05-19T20:44:36.715] [DEBUG] debug-file - Update task entry:default@BuildJS input file:C:\Users\31293\Desktop\text-effects-master\entry\build\default\intermediates\loader\default cache by regenerate.
[2026-05-19T20:44:36.715] [DEBUG] debug-file - Update task entry:default@BuildJS input file:C:\Users\31293\Desktop\text-effects-master\entry\build\default\intermediates\res\default\ResourceTable.txt cache by regenerate.
[2026-05-19T20:44:36.715] [DEBUG] debug-file - Update task entry:default@BuildJS input file:C:\Users\31293\Desktop\text-effects-master\entry\build\default\intermediates\res\default\ark_module.json cache by regenerate.
[2026-05-19T20:44:36.715] [DEBUG] debug-file - Update task entry:default@BuildJS input file:C:\Users\31293\Desktop\text-effects-master\entry\build\default\intermediates\res\default\resources\base\profile cache by regenerate.
[2026-05-19T20:44:36.716] [DEBUG] debug-file - Update task entry:default@BuildJS output file:C:\Users\31293\Desktop\text-effects-master\entry\build\default\intermediates\loader_out\default\js cache.
[2026-05-19T20:44:36.716] [DEBUG] debug-file - Incremental task entry:default@BuildJS post-execution cost:3 ms .
[2026-05-19T20:44:36.716] [DEBUG] debug-file - Update task entry:default@CacheNativeLibs input file:C:\Users\31293\Desktop\text-effects-master\entry\build\default\intermediates\stripped_native_libs\default cache by regenerate.
[2026-05-19T20:44:36.717] [DEBUG] debug-file - Update task entry:default@CacheNativeLibs input file:C:\Users\31293\Desktop\text-effects-master\entry\build\default\intermediates\libs\default cache by regenerate.
[2026-05-19T20:44:36.717] [DEBUG] debug-file - Update task entry:default@CacheNativeLibs output file:C:\Users\31293\Desktop\text-effects-master\entry\build\default\intermediates\patch\default\base_native_libs.json cache.
[2026-05-19T20:44:36.717] [DEBUG] debug-file - Incremental task entry:default@CacheNativeLibs post-execution cost:1 ms .
[2026-05-19T20:44:36.735] [DEBUG] debug-file - Cleanup worker 6.
[2026-05-19T20:44:36.735] [DEBUG] debug-file - Worker 6 has been cleaned up.
[2026-05-19T20:44:36.735] [DEBUG] debug-file - Current idle worker size: 2.
[2026-05-19T20:44:36.735] [DEBUG] debug-file - Current resident worker size: 3.
[2026-05-19T20:44:36.735] [DEBUG] debug-file - Cleanup worker 5.
[2026-05-19T20:44:36.735] [DEBUG] debug-file - Worker 5 has been cleaned up.
[2026-05-19T20:44:36.735] [DEBUG] debug-file - Current idle worker size: 1.
[2026-05-19T20:44:36.735] [DEBUG] debug-file - Current resident worker size: 3.
[2026-05-19T20:44:36.736] [DEBUG] debug-file - hvigor build process will be closed.
[2026-05-19T20:44:36.749] [DEBUG] debug-file - session manager: send message to worker process.
[2026-05-19T20:44:36.749] [DEBUG] debug-file - session manager: send message to worker process.
[2026-05-19T20:44:36.749] [DEBUG] debug-file - watch worker: worker id should be larger than 0. Nothing will be sent to any worker thread.
[2026-05-19T20:44:36.750] [DEBUG] debug-file - watch worker: worker id should be larger than 0. Nothing will be sent to any worker thread.
[2026-05-19T20:44:36.757] [DEBUG] debug-file - worker[6] exits with exit code 1.
[2026-05-19T20:44:36.758] [DEBUG] debug-file - worker[5] exits with exit code 1.
[2026-05-19T20:48:03.109] [DEBUG] debug-file - env: nodejsVersion=v18.20.1
[2026-05-19T20:48:03.149] [DEBUG] debug-file - env: daemon=true
[2026-05-19T20:48:03.111] [DEBUG] debug-file - env: hvigor-config.json5 content = {
  modelVersion: '5.0.0',
  dependencies: {},
  execution: {},
  logging: {},
  debugging: {},
  nodeOptions: {}
}
[2026-05-19T20:48:03.684] [DEBUG] debug-file - session manager: set active socket. socketId=2GoF_kbYuBLD2Mc2AAAF
[2026-05-19T20:48:03.801] [DEBUG] debug-file - watch worker: worker id should be larger than 0. Nothing will be sent to any worker thread.
[2026-05-19T20:48:03.835] [DEBUG] debug-file - Workers' log level updated to INFO
[2026-05-19T20:48:03.865] [DEBUG] debug-file - Hvigor init with startParameters:{
  hvigorfileTypeCheck: false,
  parallelExecution: true,
  incrementalExecution: true,
  printStackTrace: false,
  daemon: true,
  analyze: 0,
  logLevel: Level { level: 20000, levelStr: 'INFO', colour: 'green' },
  optimizationStrategy: 'memory',
  hotCompile: undefined,
  hotReloadBuild: undefined,
  customizedParam: undefined
}
[2026-05-19T20:48:03.893] [DEBUG] debug-file - Cache service initialization finished in 28 ms 
[2026-05-19T20:48:03.899] [DEBUG] debug-file - hvigorfile, resolving C:\Users\31293\Desktop\text-effects-master\hvigorfile.ts
[2026-05-19T20:48:04.171] [DEBUG] debug-file - hvigorfile, require result:  { default: { plugins: [] } }
[2026-05-19T20:48:04.172] [DEBUG] debug-file - hvigorfile, binding system plugins null
[2026-05-19T20:48:04.177] [DEBUG] debug-file - Starting plugin build process
[2026-05-19T20:48:04.178] [DEBUG] debug-file - App plugin prepare start...
[2026-05-19T20:48:04.181] [DEBUG] debug-file - App plugin prepare end...
[2026-05-19T20:48:04.182] [DEBUG] debug-file - App plugin creating...
[2026-05-19T20:48:04.287] [DEBUG] debug-file - App plugin register hook start...
[2026-05-19T20:48:04.287] [DEBUG] debug-file - App plugin register hook end...
[2026-05-19T20:48:04.293] [DEBUG] debug-file - Plugin build process completed
[2026-05-19T20:48:04.295] [DEBUG] debug-file - Start initialize project's product build option map with build mode debug.
[2026-05-19T20:48:04.298] [DEBUG] debug-file - Picking option from product 'default' with build mode 'debug'.
[2026-05-19T20:48:04.299] [DEBUG] debug-file - Product 'default' build option initialized
[2026-05-19T20:48:04.301] [DEBUG] debug-file - End initialize project's product build option map with build mode 'debug'.
[2026-05-19T20:48:04.311] [DEBUG] debug-file - Obtain build option for product 'default'in this build.
[2026-05-19T20:48:04.319] [DEBUG] debug-file - No signingConfig found, initRemoteHspCache failed.
[2026-05-19T20:48:04.363] [DEBUG] debug-file - Start recording SDK configuration permission data.
[2026-05-19T20:48:04.527] [DEBUG] debug-file - Sdk init in 204 ms 
[2026-05-19T20:48:04.569] [DEBUG] debug-file - Project task initialization takes 37 ms 
[2026-05-19T20:48:04.569] [DEBUG] debug-file - hvigorfile, binding custom plugins []
[2026-05-19T20:48:04.569] [DEBUG] debug-file - hvigorfile, no custom plugins were found in C:\Users\31293\Desktop\text-effects-master\hvigorfile.ts
[2026-05-19T20:48:04.570] [DEBUG] debug-file - hvigorfile, resolve finished C:\Users\31293\Desktop\text-effects-master\hvigorfile.ts
[2026-05-19T20:48:04.571] [DEBUG] debug-file - hvigorfile, resolving C:\Users\31293\Desktop\text-effects-master\entry\hvigorfile.ts
[2026-05-19T20:48:04.583] [DEBUG] debug-file - hvigorfile, require result:  { default: { plugins: [] } }
[2026-05-19T20:48:04.583] [DEBUG] debug-file - hvigorfile, binding system plugins null
[2026-05-19T20:48:04.584] [DEBUG] debug-file - Starting plugin build process
[2026-05-19T20:48:04.585] [DEBUG] debug-file - Hap plugin creating...
[2026-05-19T20:48:04.591] [DEBUG] debug-file - failed to load cangjie to dynamically generate schemas: Error: Cannot find module '@ohos/cangjie-build-support/index'
Require stack:
- C:\Program Files\Huawei\DevEco Studio\tools\hvigor\hvigor-ohos-plugin\src\plugin\hooks\cangjie-register.js
- C:\Program Files\Huawei\DevEco Studio\tools\hvigor\hvigor-ohos-plugin\src\plugin\strategy\stage-init-strategy.js
- C:\Program Files\Huawei\DevEco Studio\tools\hvigor\hvigor-ohos-plugin\src\plugin\builder\abstract-plugin-builder.js
- C:\Program Files\Huawei\DevEco Studio\tools\hvigor\hvigor-ohos-plugin\src\plugin\builder\app-plugin-builder.js
- C:\Program Files\Huawei\DevEco Studio\tools\hvigor\hvigor-ohos-plugin\src\plugin\factory\plugin-factory.js
- C:\Program Files\Huawei\DevEco Studio\tools\hvigor\hvigor-ohos-plugin\index.js
- C:\Users\31293\Desktop\text-effects-master\hvigorfile.ts
- C:\Program Files\Huawei\DevEco Studio\tools\hvigor\hvigor\src\base\internal\lifecycle\configuration.js
- C:\Program Files\Huawei\DevEco Studio\tools\hvigor\hvigor\src\base\boot\index.js
- C:\Program Files\Huawei\DevEco Studio\tools\hvigor\hvigor\src\base\daemon\cluster\worker-process-lifecycle.js
- C:\Program Files\Huawei\DevEco Studio\tools\hvigor\hvigor\src\base\daemon\process\daemon-process-boot-script.js
[2026-05-19T20:48:04.624] [DEBUG] debug-file - Start initialize module-target build option map, moduleName=entry, buildMode=debug
[2026-05-19T20:48:04.628] [DEBUG] debug-file - Target 'default' config initialized
[2026-05-19T20:48:04.629] [DEBUG] debug-file - Module 'entry' target 'default' build option initialized
[2026-05-19T20:48:04.630] [DEBUG] debug-file - End initialize module-target build option map, moduleName=entry
[2026-05-19T20:48:04.630] [DEBUG] debug-file - Start initialize module-target build option map, moduleName=entry, buildMode=release
[2026-05-19T20:48:04.630] [DEBUG] debug-file - Target 'default' config initialized
[2026-05-19T20:48:04.631] [DEBUG] debug-file - Module 'entry' target 'default' build option initialized
[2026-05-19T20:48:04.631] [DEBUG] debug-file - End initialize module-target build option map, moduleName=entry
[2026-05-19T20:48:04.631] [DEBUG] debug-file - Start initialize module-target build option map, moduleName=entry, buildMode=debug
[2026-05-19T20:48:04.631] [DEBUG] debug-file - Target 'default' config initialized
[2026-05-19T20:48:04.632] [DEBUG] debug-file - Module 'entry' target 'default' build option initialized
[2026-05-19T20:48:04.632] [DEBUG] debug-file - End initialize module-target build option map, moduleName=entry
[2026-05-19T20:48:04.634] [DEBUG] debug-file - Obtain build option for module 'entry' target 'default'in this build.
[2026-05-19T20:48:04.649] [DEBUG] debug-file - Module entry task initialization takes 11 ms 
[2026-05-19T20:48:04.654] [DEBUG] debug-file - Hap plugin register hook start...
[2026-05-19T20:48:04.655] [DEBUG] debug-file - Hap plugin register hook end...
[2026-05-19T20:48:04.657] [DEBUG] debug-file - Plugin build process completed
[2026-05-19T20:48:04.657] [DEBUG] debug-file - hvigorfile, binding custom plugins []
[2026-05-19T20:48:04.657] [DEBUG] debug-file - hvigorfile, no custom plugins were found in C:\Users\31293\Desktop\text-effects-master\entry\hvigorfile.ts
[2026-05-19T20:48:04.657] [DEBUG] debug-file - hvigorfile, resolve finished C:\Users\31293\Desktop\text-effects-master\entry\hvigorfile.ts
[2026-05-19T20:48:04.918] [DEBUG] debug-file - hvigorfile, resolve hvigorfile dependencies in 250 ms 
[2026-05-19T20:48:04.919] [DEBUG] debug-file - project has submodules:entry
[2026-05-19T20:48:04.923] [DEBUG] debug-file - start to load updatedOhPackageInfo to the disk
[2026-05-19T20:48:04.945] [DEBUG] debug-file - load to the disk finished
[2026-05-19T20:48:04.948] [DEBUG] debug-file - Start to initialize dependency information.
[2026-05-19T20:48:04.951] [DEBUG] debug-file - Module text-effects-master Collected Dependency: 
[2026-05-19T20:48:04.952] [DEBUG] debug-file - Module text-effects-master's total dependency: 0
[2026-05-19T20:48:04.956] [DEBUG] debug-file - Start to initialize dependency information.
[2026-05-19T20:48:04.966] [DEBUG] debug-file - Module entry Collected Dependency: 
[2026-05-19T20:48:04.966] [DEBUG] debug-file - Module entry's total dependency: 0
[2026-05-19T20:48:04.983] [DEBUG] debug-file - Configuration phase cost:1 s 90 ms 
[2026-05-19T20:48:04.987] [DEBUG] debug-file - Configuration task cost before running: 1 s 151 ms 
[2026-05-19T20:48:05.001] [DEBUG] debug-file - Executing task :entry:default@PreBuild
[2026-05-19T20:48:05.005] [DEBUG] debug-file - Task 'entry:default@PreBuild' cost while wrapping incremental declarations: 1 ms 
[2026-05-19T20:48:05.028] [DEBUG] debug-file - entry:default@PreBuild is not up-to-date, since the task snapshots are different.
[2026-05-19T20:48:05.029] [DEBUG] debug-file - Incremental task entry:default@PreBuild pre-execution cost: 18 ms .
[2026-05-19T20:48:05.045] [DEBUG] debug-file - current product is not Atomic service.
[2026-05-19T20:48:05.047] [DEBUG] debug-file - Use tool [win32: JAVA_HOME, CLASSPATH]
 [
  { JAVA_HOME: 'C:\\Program Files\\Huawei\\DevEco Studio\\jbr' },
  { CLASSPATH: undefined }
]
[2026-05-19T20:48:05.048] [DEBUG] debug-file - Use tool [win32: NODE_HOME]
 [
  {
    NODE_HOME: 'C:\\Program Files\\Huawei\\DevEco Studio\\tools\\node'
  }
]
[2026-05-19T20:48:05.049] [DEBUG] debug-file - entry : default@PreBuild cost memory 0.5451126098632812
[2026-05-19T20:48:05.050] [DEBUG] debug-file - runTaskFromQueue task cost before running: 1 s 213 ms 
[2026-05-19T20:48:05.057] [INFO] debug-file - Finished :entry:default@PreBuild... after 49 ms 
[2026-05-19T20:48:05.063] [DEBUG] debug-file - Executing task :entry:default@CreateModuleInfo
[2026-05-19T20:48:05.064] [DEBUG] debug-file - Task 'entry:default@CreateModuleInfo' cost while wrapping incremental declarations: 1 ms 
[2026-05-19T20:48:05.064] [DEBUG] debug-file - entry : default@CreateModuleInfo cost memory 0.04730987548828125
[2026-05-19T20:48:05.065] [DEBUG] debug-file - runTaskFromQueue task cost before running: 1 s 228 ms 
[2026-05-19T20:48:05.065] [INFO] debug-file - Finished :entry:default@CreateModuleInfo... after 2 ms 
[2026-05-19T20:48:05.067] [DEBUG] debug-file - Executing task :entry:default@GenerateMetadata
[2026-05-19T20:48:05.068] [DEBUG] debug-file - Task 'entry:default@GenerateMetadata' cost while wrapping incremental declarations: 1 ms 
[2026-05-19T20:48:05.072] [DEBUG] debug-file - Incremental task entry:default@GenerateMetadata pre-execution cost: 4 ms .
[2026-05-19T20:48:05.073] [DEBUG] debug-file - entry : default@GenerateMetadata cost memory 0.09468841552734375
[2026-05-19T20:48:05.076] [INFO] debug-file - UP-TO-DATE :entry:default@GenerateMetadata...  
[2026-05-19T20:48:05.079] [DEBUG] debug-file - Executing task :entry:default@ConfigureCmake
[2026-05-19T20:48:05.079] [DEBUG] debug-file - entry : default@ConfigureCmake cost memory 0.016143798828125
[2026-05-19T20:48:05.080] [DEBUG] debug-file - runTaskFromQueue task cost before running: 1 s 243 ms 
[2026-05-19T20:48:05.080] [INFO] debug-file - Finished :entry:default@ConfigureCmake... after 1 ms 
[2026-05-19T20:48:05.082] [DEBUG] debug-file - Executing task :entry:default@MergeProfile
[2026-05-19T20:48:05.082] [DEBUG] debug-file - Task 'entry:default@MergeProfile' cost while wrapping incremental declarations: 1 ms 
[2026-05-19T20:48:05.086] [DEBUG] debug-file - Incremental task entry:default@MergeProfile pre-execution cost: 4 ms .
[2026-05-19T20:48:05.087] [DEBUG] debug-file - entry : default@MergeProfile cost memory 0.12447357177734375
[2026-05-19T20:48:05.087] [INFO] debug-file - UP-TO-DATE :entry:default@MergeProfile...  
[2026-05-19T20:48:05.094] [DEBUG] debug-file - Executing task :entry:default@CreateBuildProfile
[2026-05-19T20:48:05.095] [DEBUG] debug-file - Task 'entry:default@CreateBuildProfile' cost while wrapping incremental declarations: 1 ms 
[2026-05-19T20:48:05.097] [DEBUG] debug-file - Incremental task entry:default@CreateBuildProfile pre-execution cost: 2 ms .
[2026-05-19T20:48:05.098] [DEBUG] debug-file - entry : default@CreateBuildProfile cost memory 0.09844207763671875
[2026-05-19T20:48:05.100] [INFO] debug-file - UP-TO-DATE :entry:default@CreateBuildProfile...  
[2026-05-19T20:48:05.104] [DEBUG] debug-file - Executing task :entry:default@PreCheckSyscap
[2026-05-19T20:48:05.105] [DEBUG] debug-file - entry : default@PreCheckSyscap cost memory 0.01638031005859375
[2026-05-19T20:48:05.106] [DEBUG] debug-file - runTaskFromQueue task cost before running: 1 s 268 ms 
[2026-05-19T20:48:05.107] [INFO] debug-file - Finished :entry:default@PreCheckSyscap... after 1 ms 
[2026-05-19T20:48:05.119] [DEBUG] debug-file - Executing task :entry:default@GeneratePkgContextInfo
[2026-05-19T20:48:05.142] [DEBUG] debug-file - Task 'entry:default@GeneratePkgContextInfo' cost while wrapping incremental declarations: 1 ms 
[2026-05-19T20:48:05.146] [DEBUG] debug-file - entry : default@GeneratePkgContextInfo cost memory 0.23145294189453125
[2026-05-19T20:48:05.146] [DEBUG] debug-file - runTaskFromQueue task cost before running: 1 s 309 ms 
[2026-05-19T20:48:05.147] [INFO] debug-file - Finished :entry:default@GeneratePkgContextInfo... after 28 ms 
[2026-05-19T20:48:05.180] [DEBUG] debug-file - Executing task :entry:default@ProcessIntegratedHsp
[2026-05-19T20:48:05.181] [DEBUG] debug-file - entry:default@ProcessIntegratedHsp is not up-to-date, since the output file 'C:\Users\31293\Desktop\text-effects-master\build\cache\default\integrated_hsp\integratedHspCache.json' does not exist.
[2026-05-19T20:48:05.187] [DEBUG] debug-file - Incremental task entry:default@ProcessIntegratedHsp pre-execution cost: 7 ms .
[2026-05-19T20:48:05.188] [DEBUG] debug-file - entry : default@ProcessIntegratedHsp cost memory 0.06404876708984375
[2026-05-19T20:48:05.188] [DEBUG] debug-file - runTaskFromQueue task cost before running: 1 s 352 ms 
[2026-05-19T20:48:05.195] [INFO] debug-file - Finished :entry:default@ProcessIntegratedHsp... after 9 ms 
[2026-05-19T20:48:05.199] [DEBUG] debug-file - Executing task :entry:default@BuildNativeWithCmake
[2026-05-19T20:48:05.199] [DEBUG] debug-file - entry : default@BuildNativeWithCmake cost memory 0.01712799072265625
[2026-05-19T20:48:05.200] [DEBUG] debug-file - runTaskFromQueue task cost before running: 1 s 363 ms 
[2026-05-19T20:48:05.200] [INFO] debug-file - Finished :entry:default@BuildNativeWithCmake... after 2 ms 
[2026-05-19T20:48:05.233] [DEBUG] debug-file - Executing task :entry:default@MakePackInfo
[2026-05-19T20:48:05.253] [DEBUG] debug-file - Incremental task entry:default@MakePackInfo pre-execution cost: 19 ms .
[2026-05-19T20:48:05.254] [DEBUG] debug-file - entry : default@MakePackInfo cost memory 0.29975128173828125
[2026-05-19T20:48:05.265] [INFO] debug-file - UP-TO-DATE :entry:default@MakePackInfo...  
[2026-05-19T20:48:05.274] [DEBUG] debug-file - Executing task :entry:default@SyscapTransform
[2026-05-19T20:48:05.278] [DEBUG] debug-file - File: 'C:\Users\31293\Desktop\text-effects-master\entry\src\main\syscap.json' from 'sysCapJsonPath' is not exists, just ignore.
[2026-05-19T20:48:05.283] [DEBUG] debug-file - Task 'entry:default@SyscapTransform' cost while wrapping incremental declarations: 6 ms 
[2026-05-19T20:48:05.287] [DEBUG] debug-file - entry:default@SyscapTransform is not up-to-date, since the output file 'C:\Users\31293\Desktop\text-effects-master\entry\build\default\intermediates\syscap\default\rpcid.sc' does not exist.
[2026-05-19T20:48:05.287] [DEBUG] debug-file - Incremental task entry:default@SyscapTransform pre-execution cost: 4 ms .
[2026-05-19T20:48:05.288] [DEBUG] debug-file - entry : default@SyscapTransform cost memory 0.1502532958984375
[2026-05-19T20:48:05.288] [DEBUG] debug-file - runTaskFromQueue task cost before running: 1 s 451 ms 
[2026-05-19T20:48:05.288] [INFO] debug-file - Finished :entry:default@SyscapTransform... after 14 ms 
[2026-05-19T20:48:05.295] [DEBUG] debug-file - Executing task :entry:default@ProcessProfile
[2026-05-19T20:48:05.299] [DEBUG] debug-file - Task 'entry:default@ProcessProfile' cost while wrapping incremental declarations: 1 ms 
[2026-05-19T20:48:05.301] [DEBUG] debug-file - Incremental task entry:default@ProcessProfile pre-execution cost: 3 ms .
[2026-05-19T20:48:05.302] [DEBUG] debug-file - entry : default@ProcessProfile cost memory 0.13085174560546875
[2026-05-19T20:48:05.302] [INFO] debug-file - UP-TO-DATE :entry:default@ProcessProfile...  
[2026-05-19T20:48:05.305] [DEBUG] debug-file - Executing task :entry:default@ProcessRouterMap
[2026-05-19T20:48:05.316] [DEBUG] debug-file - Incremental task entry:default@ProcessRouterMap pre-execution cost: 10 ms .
[2026-05-19T20:48:05.316] [DEBUG] debug-file - entry : default@ProcessRouterMap cost memory 0.1416778564453125
[2026-05-19T20:48:05.317] [INFO] debug-file - UP-TO-DATE :entry:default@ProcessRouterMap...  
[2026-05-19T20:48:05.320] [DEBUG] debug-file - Executing task :entry:default@ProcessShareConfig
[2026-05-19T20:48:05.334] [DEBUG] debug-file - Incremental task entry:default@ProcessShareConfig pre-execution cost: 12 ms .
[2026-05-19T20:48:05.334] [DEBUG] debug-file - entry : default@ProcessShareConfig cost memory 0.11641693115234375
[2026-05-19T20:48:05.335] [INFO] debug-file - UP-TO-DATE :entry:default@ProcessShareConfig...  
[2026-05-19T20:48:05.339] [DEBUG] debug-file - Executing task :entry:default@ProcessStartupConfig
[2026-05-19T20:48:05.340] [DEBUG] debug-file - Task 'entry:default@ProcessStartupConfig' cost while wrapping incremental declarations: 1 ms 
[2026-05-19T20:48:05.343] [DEBUG] debug-file - entry:default@ProcessStartupConfig is not up-to-date, since the output file 'C:\Users\31293\Desktop\text-effects-master\entry\build\default\intermediates\startup\default\startup_config.json' does not exist.
[2026-05-19T20:48:05.344] [DEBUG] debug-file - Incremental task entry:default@ProcessStartupConfig pre-execution cost: 1 ms .
[2026-05-19T20:48:05.345] [DEBUG] debug-file - entry : default@ProcessStartupConfig cost memory 0.1408538818359375
[2026-05-19T20:48:05.346] [DEBUG] debug-file - runTaskFromQueue task cost before running: 1 s 509 ms 
[2026-05-19T20:48:05.347] [INFO] debug-file - Finished :entry:default@ProcessStartupConfig... after 7 ms 
[2026-05-19T20:48:05.349] [DEBUG] debug-file - Executing task :entry:default@BuildNativeWithNinja
[2026-05-19T20:48:05.351] [DEBUG] debug-file - entry : default@BuildNativeWithNinja cost memory 0.02416229248046875
[2026-05-19T20:48:05.351] [DEBUG] debug-file - runTaskFromQueue task cost before running: 1 s 514 ms 
[2026-05-19T20:48:05.352] [INFO] debug-file - Finished :entry:default@BuildNativeWithNinja... after 2 ms 
[2026-05-19T20:48:05.364] [DEBUG] debug-file - restool module names: entry; moduleName=entry, taskName=default@ProcessResource
[2026-05-19T20:48:05.371] [DEBUG] debug-file - Executing task :entry:default@ProcessResource
[2026-05-19T20:48:05.372] [DEBUG] debug-file - Task 'entry:default@ProcessResource' cost while wrapping incremental declarations: 2 ms 
[2026-05-19T20:48:05.379] [DEBUG] debug-file - Incremental task entry:default@ProcessResource pre-execution cost: 6 ms .
[2026-05-19T20:48:05.380] [DEBUG] debug-file - entry : default@ProcessResource cost memory 0.1601715087890625
[2026-05-19T20:48:05.384] [INFO] debug-file - UP-TO-DATE :entry:default@ProcessResource...  
[2026-05-19T20:48:05.387] [DEBUG] debug-file - Executing task :entry:default@GenerateLoaderJson
[2026-05-19T20:48:05.388] [DEBUG] debug-file - Task 'entry:default@GenerateLoaderJson' cost while wrapping incremental declarations: 1 ms 
[2026-05-19T20:48:05.400] [DEBUG] debug-file - Incremental task entry:default@GenerateLoaderJson pre-execution cost: 5 ms .
[2026-05-19T20:48:05.400] [DEBUG] debug-file - entry : default@GenerateLoaderJson cost memory 0.48177337646484375
[2026-05-19T20:48:05.408] [INFO] debug-file - UP-TO-DATE :entry:default@GenerateLoaderJson...  
[2026-05-19T20:48:05.412] [DEBUG] debug-file - Executing task :entry:default@ProcessLibs
[2026-05-19T20:48:05.415] [DEBUG] debug-file - Incremental task entry:default@ProcessLibs pre-execution cost: 2 ms .
[2026-05-19T20:48:05.415] [DEBUG] debug-file - entry : default@ProcessLibs cost memory 0.12085723876953125
[2026-05-19T20:48:05.416] [INFO] debug-file - UP-TO-DATE :entry:default@ProcessLibs...  
[2026-05-19T20:48:05.418] [DEBUG] debug-file - restool module names: entry; moduleName=entry, taskName=default@CompileResource
[2026-05-19T20:48:05.418] [DEBUG] debug-file - Executing task :entry:default@CompileResource
[2026-05-19T20:48:05.437] [DEBUG] debug-file - Incremental task entry:default@CompileResource pre-execution cost: 17 ms .
[2026-05-19T20:48:05.437] [DEBUG] debug-file - entry : default@CompileResource cost memory 0.6186370849609375
[2026-05-19T20:48:05.438] [INFO] debug-file - UP-TO-DATE :entry:default@CompileResource...  
[2026-05-19T20:48:05.439] [DEBUG] debug-file - Executing task :entry:default@DoNativeStrip
[2026-05-19T20:48:05.439] [DEBUG] debug-file - Task 'entry:default@DoNativeStrip' cost while wrapping incremental declarations: 1 ms 
[2026-05-19T20:48:05.440] [DEBUG] debug-file - Incremental task entry:default@DoNativeStrip pre-execution cost: 1 ms .
[2026-05-19T20:48:05.440] [DEBUG] debug-file - entry : default@DoNativeStrip cost memory 0.08361053466796875
[2026-05-19T20:48:05.440] [INFO] debug-file - UP-TO-DATE :entry:default@DoNativeStrip...  
[2026-05-19T20:48:05.442] [DEBUG] debug-file - Executing task :entry:default@CompileArkTS
[2026-05-19T20:48:05.443] [DEBUG] debug-file - obfuscationOptions: undefined
[2026-05-19T20:48:05.445] [DEBUG] debug-file - Task 'entry:default@CompileArkTS' cost while wrapping incremental declarations: 1 ms 
[2026-05-19T20:48:05.453] [DEBUG] debug-file - build config:
[2026-05-19T20:48:05.454] [DEBUG] debug-file - {
  moduleType: 'entry',
  perf: 0,
  targetName: '.default',
  packageManagerType: 'ohpm',
  localPropertiesPath: 'C:\\Users\\31293\\Desktop\\text-effects-master\\local.properties',
  isPreview: false,
  isOhosTest: false,
  isLocalTest: false,
  buildMode: 'Debug',
  hotReloadBuild: undefined,
  watchMode: 'false',
  aceProfilePath: 'C:\\Users\\31293\\Desktop\\text-effects-master\\entry\\build\\default\\intermediates\\res\\default\\resources\\base\\profile',
  etsLoaderPath: 'C:\\Program Files\\Huawei\\DevEco Studio\\sdk\\default\\openharmony\\ets\\build-tools\\ets-loader',
  modulePath: 'C:\\Users\\31293\\Desktop\\text-effects-master\\entry',
  testFrameworkPar: {
    testMode: undefined,
    coveragePathFilter: undefined,
    coverageMode: undefined
  },
  needCoverageInsert: false,
  debugLine: false,
  projectTopDir: 'C:\\Users\\31293\\Desktop\\text-effects-master',
  compileSdkVersion: 22,
  compatibleSdkVersion: 17,
  originCompatibleSdkVersion: '5.0.5(17)',
  compatibleSdkVersionStage: undefined,
  bundleName: 'c***s',
  etsLoaderVersion: '6.0.2.130',
  etsLoaderReleaseType: 'Release',
  aotCompileMode: 'type',
  apPath: 'C:\\Users\\31293\\Desktop\\text-effects-master\\entry\\modules.ap',
  entryModuleName: 'entry',
  entryModuleVersion: '1.0.0',
  entryPackageName: 'entry',
  allModuleNameHash: '04ad081ebb99493977862d131bc7fdab2930a72e887f3293ff165bce40261837',
  externalApiPaths: [
    'C:\\Program Files\\Huawei\\DevEco Studio\\sdk\\default\\hms\\ets'
  ],
  compilerTypes: [],
  isCrossplatform: false,
  hvigorPluginFile: undefined,
  compilePluginPath: undefined,
  buildGeneratedProfilePath: 'C:\\Users\\31293\\Desktop\\text-effects-master\\entry\\build\\default\\generated\\profile\\default',
  bundleType: 'app',
  arkTSVersion: undefined,
  apiVersion: 22,
  needCompleteSourcesMap: false,
  isFaMode: false,
  buildDir: 'C:\\Users\\31293\\Desktop\\text-effects-master\\entry\\build',
  deviceTypes: [ 'phone' ],
  pkgContextInfo: undefined,
  ohPackagePathMap: {},
  dependencyAliasMap: {},
  permission: { requestPermissions: undefined, definePermissions: undefined },
  useGetCurrentBundleName: false,
  projectArkOption: undefined,
  sourceMapDir: undefined,
  branchElimination: false,
  transformLib: undefined,
  tsImportSendable: false,
  resolveConflictMode: true,
  depName2RootPath: {},
  depName2DepInfo: {},
  rootPathSet: [ 'C:\\Users\\31293\\Desktop\\text-effects-master' ],
  useNativeResolver: true,
  shouldEmitJs: true,
  useTscResolve: false,
  singleFileEmit: false,
  userProjectConfig: {
    autoLazyImport: false,
    allowEmptyBundleName: false,
    reExportCheckMode: 'noCheck',
    executionMode: 'memory',
    usePathPlaceholder: false,
    writeRollupCache: true,
    isExpandImportEnabled: false,
    expandImportExclude: '',
    lazyImportExclude: '',
    lazyImportInclude: '',
    ignoreCrossplatformCheck: false,
    isHarDeduplicateEnabled: false,
    skipOhModulesLint: false,
    enableStrictCheckOHModule: false,
    disableSendableCheckRules: [],
    useDeclarationFileSignature: false,
    customizedOptions: undefined,
    integratedHsp: false,
    isPreloadSoEnabled: false
  },
  executionMode: 'memory',
  arkCompileCachePath: 'C:\\Users\\31293\\Desktop\\text-effects-master\\entry\\build\\default\\cache\\default\\default@CompileArkTS\\esmodule',
  autoLazyFilter: undefined,
  isHarDeduplicateEnabled: false,
  intermediateHarDuplicateDirPath: 'C:\\Users\\31293\\Desktop\\text-effects-master\\entry\\build\\default\\intermediates\\har_duplicate\\default',
  autoLazyImport: false,
  allowEmptyBundleName: false,
  reExportCheckMode: 'noCheck',
  usePathPlaceholder: false,
  writeRollupCache: true,
  isExpandImportEnabled: false,
  expandImportExclude: '',
  lazyImportExclude: '',
  lazyImportInclude: '',
  ignoreCrossplatformCheck: false,
  skipOhModulesLint: false,
  enableStrictCheckOHModule: false,
  disableSendableCheckRules: [],
  useDeclarationFileSignature: false,
  customizedOptions: undefined,
  integratedHsp: false,
  isPreloadSoEnabled: false,
  strictMode: undefined,
  useNormalizedOHMUrl: false,
  caseSensitiveCheck: false,
  aceModuleJsonPath: 'C:\\Users\\31293\\Desktop\\text-effects-master\\entry\\build\\default\\intermediates\\res\\default\\ark_module.json',
  appResource: 'C:\\Users\\31293\\Desktop\\text-effects-master\\entry\\build\\default\\intermediates\\res\\default\\ResourceTable.txt',
  rawFileResource: 'C:\\Users\\31293\\Desktop\\text-effects-master\\entry\\build\\default\\intermediates\\res\\default\\resources\\rawfile',
  resourceTableHash: '3ca29c14ae3a9ac908814a3ce10d8a692d4939db3563941d5ac3dc96a0f66f6d',
  runtimeOS: 'HarmonyOS',
  sdkInfo: 'false:22:6.0.2.130:Release',
  aceModuleRoot: 'C:\\Users\\31293\\Desktop\\text-effects-master\\entry\\src\\main\\ets',
  compileMode: 'esmodule',
  aceSuperVisualPath: 'C:\\Users\\31293\\Desktop\\text-effects-master\\entry\\src\\main\\supervisual',
  aceBuildJson: 'C:\\Users\\31293\\Desktop\\text-effects-master\\entry\\build\\default\\intermediates\\loader\\default\\loader.json',
  cachePath: 'C:\\Users\\31293\\Desktop\\text-effects-master\\entry\\build\\default\\cache\\default\\default@CompileArkTS\\esmodule\\debug',
  aceModuleBuild: 'C:\\Users\\31293\\Desktop\\text-effects-master\\entry\\build\\default\\intermediates\\loader_out\\default\\ets',
  supportChunks: true,
  declaredFilesPath: undefined,
  shouldCollectDirectImportees: false,
  isByteCodeHarOptimize: false,
  expandImportPath: undefined,
  pkgNameToPkgBriefInfo: {
    entry: {
      pkgRoot: 'C:\\Users\\31293\\Desktop\\text-effects-master\\entry',
      originalSourceRoots: undefined,
      sourceRoots: [Array],
      pkgName: 'entry'
    }
  },
  projectModel: {
    'C:\\Users\\31293\\Desktop\\text-effects-master\\entry\\src\\main': {
      moduleName: 'entry',
      modulePkgPath: 'C:\\Users\\31293\\Desktop\\text-effects-master\\entry',
      belongProjectPath: 'C:\\Users\\31293\\Desktop\\text-effects-master'
    },
    'C:\\Users\\31293\\Desktop\\text-effects-master\\entry': {
      moduleName: 'entry',
      modulePkgPath: 'C:\\Users\\31293\\Desktop\\text-effects-master\\entry',
      belongProjectPath: 'C:\\Users\\31293\\Desktop\\text-effects-master'
    },
    'C:\\Users\\31293\\Desktop\\text-effects-master': {
      moduleName: 'text-effects-master',
      modulePkgPath: 'C:\\Users\\31293\\Desktop\\text-effects-master',
      belongProjectPath: 'C:\\Users\\31293\\Desktop\\text-effects-master'
    }
  },
  pkgJsonFileHash: 'ac995480e710a275b7cf4a6fb2472a77382a629452dd716ec0366f01c80fa48c',
  allModulePaths: [ 'C:\\Users\\31293\\Desktop\\text-effects-master\\entry' ],
  routerMap: {},
  obfuscationOptions: undefined,
  byteCodeHarToDependencyKeys: undefined,
  compileBlockPkg: [],
  mockParams: {
    decorator: '@MockSetup',
    packageName: '@ohos/hamock',
    etsSourceRootPath: 'src/main/ets',
    mockConfigPath: undefined,
    mockConfigKey2ModuleInfo: {},
    source2ModuleIdMap: {}
  },
  copyCodeResourceEnable: true,
  copyCodeResourceExcludes: [],
  copyCodeResourceIncludes: undefined,
  uiTransformOptimization: false,
  sdkPath: 'C:/Program Files/Huawei/DevEco Studio/sdk',
  needPreloadSoFileSet: {},
  preloadSoFilePath: 'C:\\Users\\31293\\Desktop\\text-effects-master\\entry\\build\\default\\intermediates\\preload\\default\\preload.json',
  useSourceHash: false,
  localModuleParamMap: {},
  otherPaths: {
    'entry/*': [
      '..\\*',
      '..\\..\\..\\build\\default\\generated\\profile\\default\\*'
    ]
  },
  collectImportersConfig: undefined
}
[2026-05-19T20:48:05.454] [DEBUG] debug-file - Compile arkts with external api path: C:\Program Files\Huawei\DevEco Studio\sdk\default\hms\ets
[2026-05-19T20:48:05.455] [DEBUG] debug-file - default@CompileArkTS work[3] is submitted.
[2026-05-19T20:48:05.455] [DEBUG] debug-file - default@CompileArkTS work[3] is pushed to ready queue.
[2026-05-19T20:48:05.455] [DEBUG] debug-file - A work dispatched to worker[7] failed because unable to get work from ready queue.
[2026-05-19T20:48:05.455] [DEBUG] debug-file - A work dispatched to worker[6] failed because unable to get work from ready queue.
[2026-05-19T20:48:05.455] [DEBUG] debug-file - A work dispatched to worker[5] failed because unable to get work from ready queue.
[2026-05-19T20:48:05.456] [DEBUG] debug-file - default@CompileArkTS work[3] has been dispatched to worker[4].
[2026-05-19T20:48:05.456] [DEBUG] debug-file - default@CompileArkTS work[3] is dispatched.
[2026-05-19T20:48:05.456] [DEBUG] debug-file - CopyResources startTime: 11127303982600
[2026-05-19T20:48:05.456] [DEBUG] debug-file - default@CompileArkTS work[4] is submitted.
[2026-05-19T20:48:05.456] [DEBUG] debug-file - default@CompileArkTS work[4] is pushed to ready queue.
[2026-05-19T20:48:05.456] [DEBUG] debug-file - A work dispatched to worker[7] failed because unable to get work from ready queue.
[2026-05-19T20:48:05.456] [DEBUG] debug-file - Create  resident worker with id: 6.
[2026-05-19T20:48:05.458] [DEBUG] debug-file - default@CompileArkTS work[4] has been dispatched to worker[6].
[2026-05-19T20:48:05.458] [DEBUG] debug-file - default@CompileArkTS work[4] is dispatched.
[2026-05-19T20:48:05.458] [DEBUG] debug-file - entry : default@CompileArkTS cost memory 1.2593307495117188
[2026-05-19T20:48:05.461] [DEBUG] debug-file - Executing task :entry:default@BuildJS
[2026-05-19T20:48:05.462] [DEBUG] debug-file - Task 'entry:default@BuildJS' cost while wrapping incremental declarations: 1 ms 
[2026-05-19T20:48:05.465] [DEBUG] debug-file - entry : default@BuildJS cost memory 0.15869903564453125
[2026-05-19T20:48:05.466] [DEBUG] debug-file - runTaskFromQueue task cost before running: 1 s 629 ms 
[2026-05-19T20:48:05.466] [INFO] debug-file - Finished :entry:default@BuildJS... after 5 ms 
[2026-05-19T20:48:05.468] [DEBUG] debug-file - Executing task :entry:default@CacheNativeLibs
[2026-05-19T20:48:05.468] [DEBUG] debug-file - Task 'entry:default@CacheNativeLibs' cost while wrapping incremental declarations: 1 ms 
[2026-05-19T20:48:05.469] [DEBUG] debug-file - Incremental task entry:default@CacheNativeLibs pre-execution cost: 1 ms .
[2026-05-19T20:48:05.469] [DEBUG] debug-file - entry : default@CacheNativeLibs cost memory 0.10163116455078125
[2026-05-19T20:48:05.470] [INFO] debug-file - UP-TO-DATE :entry:default@CacheNativeLibs...  
[2026-05-19T20:48:06.301] [DEBUG] debug-file - worker[4] has one work done.
[2026-05-19T20:48:06.301] [DEBUG] debug-file - Ark compile task finished.finished time is 11128148473000
[2026-05-19T20:48:06.303] [DEBUG] debug-file - default@CompileArkTS work[3] done.
[2026-05-19T20:48:06.303] [DEBUG] debug-file - A work dispatched to worker[4] failed because unable to get work from ready queue.
[2026-05-19T20:48:06.347] [DEBUG] debug-file - worker[6] has one work done.
[2026-05-19T20:48:06.347] [DEBUG] debug-file - CopyResources is end, endTime: 11128195427500
[2026-05-19T20:48:06.347] [DEBUG] debug-file - default@CompileArkTS work[4] done.
[2026-05-19T20:48:06.349] [INFO] debug-file - Finished :entry:default@CompileArkTS... after 868 ms 
[2026-05-19T20:48:06.350] [DEBUG] debug-file - Executing task :entry:default@GeneratePkgModuleJson
[2026-05-19T20:48:06.350] [DEBUG] debug-file - File: 'C:\Users\31293\Desktop\text-effects-master\entry\build\default\intermediates\preload\default\preload.json' from 'preloadSoJsonPath' is not exists, just ignore.
[2026-05-19T20:48:06.351] [DEBUG] debug-file - Error occurs while handling @Input 'shouldDeduplicateHar': The "data" argument must be of type string or an instance of Buffer, TypedArray, or DataView. Received undefined
[2026-05-19T20:48:06.351] [DEBUG] debug-file - Task 'entry:default@GeneratePkgModuleJson' cost while wrapping incremental declarations: 1 ms 
[2026-05-19T20:48:06.353] [DEBUG] debug-file - entry : default@GeneratePkgModuleJson cost memory 0.15999603271484375
[2026-05-19T20:48:06.353] [DEBUG] debug-file - runTaskFromQueue task cost before running: 2 s 516 ms 
[2026-05-19T20:48:06.353] [INFO] debug-file - Finished :entry:default@GeneratePkgModuleJson... after 4 ms 
[2026-05-19T20:48:06.353] [DEBUG] debug-file - Executing task :entry:default@ProcessCompiledResources
[2026-05-19T20:48:06.353] [DEBUG] debug-file - File: 'C:\Users\31293\Desktop\text-effects-master\entry\build\default\intermediates\preload\default\preload.json' from 'preloadSoJsonPath' is not exists, just ignore.
[2026-05-19T20:48:06.354] [DEBUG] debug-file - Task 'entry:default@ProcessCompiledResources' cost while wrapping incremental declarations: 1 ms 
[2026-05-19T20:48:06.354] [DEBUG] debug-file - entry : default@ProcessCompiledResources cost memory 0.0709075927734375
[2026-05-19T20:48:06.354] [DEBUG] debug-file - runTaskFromQueue task cost before running: 2 s 517 ms 
[2026-05-19T20:48:06.354] [INFO] debug-file - Finished :entry:default@ProcessCompiledResources... after 1 ms 
[2026-05-19T20:48:06.355] [DEBUG] debug-file - Executing task :entry:default@PackageHap
[2026-05-19T20:48:06.357] [DEBUG] debug-file - Use tool [C:\Program Files\Huawei\DevEco Studio\sdk\default\openharmony\toolchains\lib\app_packing_tool.jar]
 [
  'java',
  '-Dfile.encoding=GBK',
  '-jar',
  'C:\\Program Files\\Huawei\\DevEco Studio\\sdk\\default\\openharmony\\toolchains\\lib\\app_packing_tool.jar',
  '--mode',
  'hap',
  '--force',
  'true',
  '--lib-path',
  'C:\\Users\\31293\\Desktop\\text-effects-master\\entry\\build\\default\\intermediates\\stripped_native_libs\\default',
  '--json-path',
  'C:\\Users\\31293\\Desktop\\text-effects-master\\entry\\build\\default\\intermediates\\package\\default\\module.json',
  '--resources-path',
  'C:\\Users\\31293\\Desktop\\text-effects-master\\entry\\build\\default\\intermediates\\res\\default\\resources',
  '--index-path',
  'C:\\Users\\31293\\Desktop\\text-effects-master\\entry\\build\\default\\intermediates\\res\\default\\resources.index',
  '--pack-info-path',
  'C:\\Users\\31293\\Desktop\\text-effects-master\\entry\\build\\default\\outputs\\default\\pack.info',
  '--out-path',
  'C:\\Users\\31293\\Desktop\\text-effects-master\\entry\\build\\default\\outputs\\default\\entry-default-unsigned.hap',
  '--ets-path',
  'C:\\Users\\31293\\Desktop\\text-effects-master\\entry\\build\\default\\intermediates\\loader_out\\default\\ets'
]
[2026-05-19T20:48:06.451] [DEBUG] debug-file - A work dispatched to worker[6] failed because unable to get work from ready queue.
[2026-05-19T20:48:06.648] [DEBUG] debug-file - java daemon socket received message:{"code":0,"message":"pack success"}
[2026-05-19T20:48:06.657] [DEBUG] debug-file - entry : default@PackageHap cost memory 0.6115798950195312
[2026-05-19T20:48:06.657] [DEBUG] debug-file - runTaskFromQueue task cost before running: 2 s 821 ms 
[2026-05-19T20:48:06.658] [INFO] debug-file - Finished :entry:default@PackageHap... after 302 ms 
[2026-05-19T20:48:06.660] [DEBUG] debug-file - Executing task :entry:default@PackingCheck
[2026-05-19T20:48:06.666] [DEBUG] debug-file - entry : default@PackingCheck cost memory 0.5107803344726562
[2026-05-19T20:48:06.666] [DEBUG] debug-file - runTaskFromQueue task cost before running: 2 s 830 ms 
[2026-05-19T20:48:06.667] [INFO] debug-file - Finished :entry:default@PackingCheck... after 7 ms 
[2026-05-19T20:48:06.667] [DEBUG] debug-file - Executing task :entry:default@SignHap
[2026-05-19T20:48:06.668] [WARN] debug-file - Will skip sign 'hos_hap'. No signingConfigs profile is configured in current project.
             If needed, configure the signingConfigs in C:\Users\31293\Desktop\text-effects-master\build-profile.json5.
[2026-05-19T20:48:06.669] [DEBUG] debug-file - entry : default@SignHap cost memory 0.0626678466796875
[2026-05-19T20:48:06.669] [DEBUG] debug-file - runTaskFromQueue task cost before running: 2 s 832 ms 
[2026-05-19T20:48:06.669] [INFO] debug-file - Finished :entry:default@SignHap... after 2 ms 
[2026-05-19T20:48:06.670] [DEBUG] debug-file - Executing task :entry:default@CollectDebugSymbol
[2026-05-19T20:48:06.670] [DEBUG] debug-file - entry : default@CollectDebugSymbol cost memory 0.09917449951171875
[2026-05-19T20:48:06.671] [DEBUG] debug-file - runTaskFromQueue task cost before running: 2 s 834 ms 
[2026-05-19T20:48:06.671] [INFO] debug-file - Finished :entry:default@CollectDebugSymbol... after 2 ms 
[2026-05-19T20:48:06.671] [DEBUG] debug-file - Executing task :entry:assembleHap
[2026-05-19T20:48:06.671] [DEBUG] debug-file - entry : assembleHap cost memory 0.014434814453125
[2026-05-19T20:48:06.671] [DEBUG] debug-file - runTaskFromQueue task cost before running: 2 s 835 ms 
[2026-05-19T20:48:06.671] [INFO] debug-file - Finished :entry:assembleHap... after 1 ms 
[2026-05-19T20:48:06.678] [INFO] debug-file - BUILD SUCCESSFUL in 2 s 841 ms 
[2026-05-19T20:48:06.679] [DEBUG] debug-file - Update task entry:default@PreBuild input file:C:\Users\31293\Desktop\text-effects-master\AppScope\app.json5 cache by regenerate.
[2026-05-19T20:48:06.679] [DEBUG] debug-file - Update task entry:default@PreBuild input file:C:\Users\31293\Desktop\text-effects-master\entry\src\main\module.json5 cache by regenerate.
[2026-05-19T20:48:06.679] [DEBUG] debug-file - Update task entry:default@PreBuild input file:C:\Users\31293\Desktop\text-effects-master\build-profile.json5 cache by regenerate.
[2026-05-19T20:48:06.679] [DEBUG] debug-file - Update task entry:default@PreBuild input file:C:\Users\31293\Desktop\text-effects-master\entry\build-profile.json5 cache by regenerate.
[2026-05-19T20:48:06.679] [DEBUG] debug-file - Update task entry:default@PreBuild input file:C:\Users\31293\Desktop\text-effects-master\entry\src\main\resources\base\profile\main_pages.json cache by regenerate.
[2026-05-19T20:48:06.680] [DEBUG] debug-file - Update task entry:default@PreBuild input file:C:\Users\31293\Desktop\text-effects-master\hvigor\hvigor-config.json5 cache by regenerate.
[2026-05-19T20:48:06.680] [DEBUG] debug-file - Update task entry:default@PreBuild input file:C:\Users\31293\Desktop\text-effects-master\entry\oh-package.json5 cache by regenerate.
[2026-05-19T20:48:06.680] [DEBUG] debug-file - Update task entry:default@PreBuild input file:C:\Users\31293\Desktop\text-effects-master\oh-package.json5 cache by regenerate.
[2026-05-19T20:48:06.680] [DEBUG] debug-file - Incremental task entry:default@PreBuild post-execution cost:2 ms .
[2026-05-19T20:48:06.680] [DEBUG] debug-file - Update task entry:default@CreateModuleInfo output file:C:\Users\31293\Desktop\text-effects-master\entry\build\default\generated\profile\default\ModuleInfo.ts cache.
[2026-05-19T20:48:06.680] [DEBUG] debug-file - Incremental task entry:default@CreateModuleInfo post-execution cost:1 ms .
[2026-05-19T20:48:06.680] [DEBUG] debug-file - There is no need to refresh cache, since the incremental task entry:default@GenerateMetadata is up-to-date.
[2026-05-19T20:48:06.680] [DEBUG] debug-file - There is no need to refresh cache, since the incremental task entry:default@MergeProfile is up-to-date.
[2026-05-19T20:48:06.680] [DEBUG] debug-file - There is no need to refresh cache, since the incremental task entry:default@CreateBuildProfile is up-to-date.
[2026-05-19T20:48:06.680] [DEBUG] debug-file - Update task entry:default@GeneratePkgContextInfo output file:C:\Users\31293\Desktop\text-effects-master\entry\build\default\intermediates\loader\default\pkgContextInfo.json cache.
[2026-05-19T20:48:06.680] [DEBUG] debug-file - Incremental task entry:default@GeneratePkgContextInfo post-execution cost:1 ms .
[2026-05-19T20:48:06.680] [DEBUG] debug-file - Update task entry:default@ProcessIntegratedHsp output file:C:\Users\31293\Desktop\text-effects-master\build\cache\default\integrated_hsp\integratedHspCache.json cache.
[2026-05-19T20:48:06.680] [DEBUG] debug-file - Incremental task entry:default@ProcessIntegratedHsp post-execution cost:1 ms .
[2026-05-19T20:48:06.680] [DEBUG] debug-file - There is no need to refresh cache, since the incremental task entry:default@MakePackInfo is up-to-date.
[2026-05-19T20:48:06.680] [DEBUG] debug-file - Update task entry:default@SyscapTransform input file:C:\Program Files\Huawei\DevEco Studio\sdk\default\openharmony\toolchains\syscap_tool.exe cache by regenerate.
[2026-05-19T20:48:06.681] [DEBUG] debug-file - Update task entry:default@SyscapTransform input file:C:\Program Files\Huawei\DevEco Studio\sdk\default\openharmony\ets\api\device-define cache by regenerate.
[2026-05-19T20:48:06.681] [DEBUG] debug-file - Update task entry:default@SyscapTransform output file:C:\Users\31293\Desktop\text-effects-master\entry\build\default\intermediates\syscap\default\rpcid.sc cache.
[2026-05-19T20:48:06.681] [DEBUG] debug-file - Incremental task entry:default@SyscapTransform post-execution cost:1 ms .
[2026-05-19T20:48:06.681] [DEBUG] debug-file - There is no need to refresh cache, since the incremental task entry:default@ProcessProfile is up-to-date.
[2026-05-19T20:48:06.681] [DEBUG] debug-file - There is no need to refresh cache, since the incremental task entry:default@ProcessRouterMap is up-to-date.
[2026-05-19T20:48:06.681] [DEBUG] debug-file - There is no need to refresh cache, since the incremental task entry:default@ProcessShareConfig is up-to-date.
[2026-05-19T20:48:06.681] [DEBUG] debug-file - Update task entry:default@ProcessStartupConfig output file:C:\Users\31293\Desktop\text-effects-master\entry\build\default\intermediates\startup\default\startup_config.json cache.
[2026-05-19T20:48:06.681] [DEBUG] debug-file - Incremental task entry:default@ProcessStartupConfig post-execution cost:1 ms .
[2026-05-19T20:48:06.681] [DEBUG] debug-file - There is no need to refresh cache, since the incremental task entry:default@ProcessResource is up-to-date.
[2026-05-19T20:48:06.681] [DEBUG] debug-file - There is no need to refresh cache, since the incremental task entry:default@GenerateLoaderJson is up-to-date.
[2026-05-19T20:48:06.681] [DEBUG] debug-file - There is no need to refresh cache, since the incremental task entry:default@ProcessLibs is up-to-date.
[2026-05-19T20:48:06.681] [DEBUG] debug-file - There is no need to refresh cache, since the incremental task entry:default@CompileResource is up-to-date.
[2026-05-19T20:48:06.681] [DEBUG] debug-file - There is no need to refresh cache, since the incremental task entry:default@DoNativeStrip is up-to-date.
[2026-05-19T20:48:06.682] [DEBUG] debug-file - Update task entry:default@CompileArkTS input file:C:\Users\31293\Desktop\text-effects-master\entry\build\default\intermediates\loader\default cache by regenerate.
[2026-05-19T20:48:06.682] [DEBUG] debug-file - Update task entry:default@CompileArkTS input file:C:\Users\31293\Desktop\text-effects-master\entry\build\default\intermediates\res\default\ResourceTable.txt cache by regenerate.
[2026-05-19T20:48:06.682] [DEBUG] debug-file - Update task entry:default@CompileArkTS input file:C:\Users\31293\Desktop\text-effects-master\entry\build\default\intermediates\res\default\ark_module.json cache by regenerate.
[2026-05-19T20:48:06.683] [DEBUG] debug-file - Update task entry:default@CompileArkTS input file:C:\Users\31293\Desktop\text-effects-master\entry\build\default\intermediates\res\default\resources\base\profile cache by regenerate.
[2026-05-19T20:48:06.683] [DEBUG] debug-file - Update task entry:default@CompileArkTS input file:C:\Users\31293\Desktop\text-effects-master\entry\src\main\ets cache by regenerate.
[2026-05-19T20:48:06.683] [DEBUG] debug-file - Update task entry:default@CompileArkTS input file:C:\Users\31293\Desktop\text-effects-master\entry\build\default\generated\profile\default\BuildProfile.ets cache by regenerate.
[2026-05-19T20:48:06.684] [DEBUG] debug-file - Update task entry:default@CompileArkTS output file:C:\Users\31293\Desktop\text-effects-master\entry\build\default\intermediates\loader_out\default\ets cache.
[2026-05-19T20:48:06.684] [DEBUG] debug-file - Incremental task entry:default@CompileArkTS post-execution cost:3 ms .
[2026-05-19T20:48:06.684] [DEBUG] debug-file - Update task entry:default@BuildJS input file:C:\Users\31293\Desktop\text-effects-master\entry\build\default\intermediates\loader\default cache by regenerate.
[2026-05-19T20:48:06.685] [DEBUG] debug-file - Update task entry:default@BuildJS input file:C:\Users\31293\Desktop\text-effects-master\entry\build\default\intermediates\res\default\ResourceTable.txt cache by regenerate.
[2026-05-19T20:48:06.685] [DEBUG] debug-file - Update task entry:default@BuildJS input file:C:\Users\31293\Desktop\text-effects-master\entry\build\default\intermediates\res\default\ark_module.json cache by regenerate.
[2026-05-19T20:48:06.685] [DEBUG] debug-file - Update task entry:default@BuildJS input file:C:\Users\31293\Desktop\text-effects-master\entry\build\default\intermediates\res\default\resources\base\profile cache by regenerate.
[2026-05-19T20:48:06.685] [DEBUG] debug-file - Update task entry:default@BuildJS output file:C:\Users\31293\Desktop\text-effects-master\entry\build\default\intermediates\loader_out\default\js cache.
[2026-05-19T20:48:06.685] [DEBUG] debug-file - Incremental task entry:default@BuildJS post-execution cost:2 ms .
[2026-05-19T20:48:06.685] [DEBUG] debug-file - There is no need to refresh cache, since the incremental task entry:default@CacheNativeLibs is up-to-date.
[2026-05-19T20:48:06.685] [DEBUG] debug-file - Update task entry:default@GeneratePkgModuleJson input file:C:\Users\31293\Desktop\text-effects-master\entry\build\default\intermediates\res\default\module.json cache by regenerate.
[2026-05-19T20:48:06.685] [DEBUG] debug-file - Update task entry:default@GeneratePkgModuleJson output file:C:\Users\31293\Desktop\text-effects-master\entry\build\default\intermediates\package\default\module.json cache.
[2026-05-19T20:48:06.685] [DEBUG] debug-file - Incremental task entry:default@GeneratePkgModuleJson post-execution cost:1 ms .
[2026-05-19T20:48:06.685] [DEBUG] debug-file - Incremental task entry:default@ProcessCompiledResources post-execution cost:1 ms .
[2026-05-19T20:48:06.686] [DEBUG] debug-file - Update task entry:default@PackageHap input file:C:\Users\31293\Desktop\text-effects-master\entry\build\default\intermediates\stripped_native_libs\default cache by regenerate.
[2026-05-19T20:48:06.686] [DEBUG] debug-file - Update task entry:default@PackageHap input file:C:\Users\31293\Desktop\text-effects-master\entry\build\default\intermediates\res\default\module.json cache by regenerate.
[2026-05-19T20:48:06.686] [DEBUG] debug-file - Update task entry:default@PackageHap input file:C:\Users\31293\Desktop\text-effects-master\entry\build\default\intermediates\res\default\resources cache by regenerate.
[2026-05-19T20:48:06.688] [DEBUG] debug-file - Update task entry:default@PackageHap input file:C:\Users\31293\Desktop\text-effects-master\entry\build\default\intermediates\res\default\resources.index cache by regenerate.
[2026-05-19T20:48:06.688] [DEBUG] debug-file - Update task entry:default@PackageHap input file:C:\Users\31293\Desktop\text-effects-master\entry\build\default\outputs\default\pack.info cache by regenerate.
[2026-05-19T20:48:06.688] [DEBUG] debug-file - Update task entry:default@PackageHap input file:C:\Users\31293\Desktop\text-effects-master\entry\build\default\intermediates\loader_out\default\ets cache by regenerate.
[2026-05-19T20:48:06.688] [DEBUG] debug-file - Update task entry:default@PackageHap input file:C:\Users\31293\Desktop\text-effects-master\entry\build\default\intermediates\loader_out\default\ets\sourceMaps.map cache by regenerate.
[2026-05-19T20:48:06.688] [DEBUG] debug-file - Update task entry:default@PackageHap input file:C:\Users\31293\Desktop\text-effects-master\entry\build\default\generated\profile\default\BuildProfile.ets cache by regenerate.
[2026-05-19T20:48:06.688] [DEBUG] debug-file - Update task entry:default@PackageHap output file:C:\Users\31293\Desktop\text-effects-master\entry\build\default\outputs\default\entry-default-unsigned.hap cache.
[2026-05-19T20:48:06.688] [DEBUG] debug-file - Update task entry:default@PackageHap output file:C:\Users\31293\Desktop\text-effects-master\entry\build\default\intermediates\source_map\default\sourceMaps.map cache.
[2026-05-19T20:48:06.688] [DEBUG] debug-file - Update task entry:default@PackageHap output file:C:\Users\31293\Desktop\text-effects-master\entry\build\default\outputs\default\mapping\sourceMaps.map cache.
[2026-05-19T20:48:06.689] [DEBUG] debug-file - Incremental task entry:default@PackageHap post-execution cost:4 ms .
[2026-05-19T20:48:06.689] [DEBUG] debug-file - Update task entry:default@SignHap input file:C:\Users\31293\Desktop\text-effects-master\entry\build\default\outputs\default\entry-default-unsigned.hap cache by regenerate.
[2026-05-19T20:48:06.689] [DEBUG] debug-file - Update task entry:default@SignHap output file:C:\Users\31293\Desktop\text-effects-master\entry\build\default\outputs\default\entry-default-signed.hap cache.
[2026-05-19T20:48:06.689] [DEBUG] debug-file - Incremental task entry:default@SignHap post-execution cost:1 ms .
[2026-05-19T20:48:06.689] [DEBUG] debug-file - Update task entry:default@CollectDebugSymbol input file:C:\Users\31293\Desktop\text-effects-master\entry\build\default\intermediates\loader_out\default\ets\sourceMaps.map cache by regenerate.
[2026-05-19T20:48:06.689] [DEBUG] debug-file - Update task entry:default@CollectDebugSymbol input file:C:\Users\31293\Desktop\text-effects-master\entry\build\default\intermediates\libs\default cache by regenerate.
[2026-05-19T20:48:06.689] [DEBUG] debug-file - Update task entry:default@CollectDebugSymbol output file:C:\Users\31293\Desktop\text-effects-master\entry\build\default\outputs\default\symbol cache.
[2026-05-19T20:48:06.690] [DEBUG] debug-file - Incremental task entry:default@CollectDebugSymbol post-execution cost:1 ms .
[2026-05-19T20:48:06.709] [DEBUG] debug-file - Cleanup worker 6.
[2026-05-19T20:48:06.710] [DEBUG] debug-file - Worker 6 has been cleaned up.
[2026-05-19T20:48:06.710] [DEBUG] debug-file - Current idle worker size: 1.
[2026-05-19T20:48:06.710] [DEBUG] debug-file - Current resident worker size: 2.
[2026-05-19T20:48:06.710] [DEBUG] debug-file - hvigor build process will be closed.
[2026-05-19T20:48:06.711] [DEBUG] debug-file - java daemon socket close code:1000 reason:close by user
[2026-05-19T20:48:06.716] [DEBUG] debug-file - session manager: send message to worker process.
[2026-05-19T20:48:06.716] [DEBUG] debug-file - session manager: send message to worker process.
[2026-05-19T20:48:06.716] [DEBUG] debug-file - watch worker: worker id should be larger than 0. Nothing will be sent to any worker thread.
[2026-05-19T20:48:06.717] [DEBUG] debug-file - watch worker: worker id should be larger than 0. Nothing will be sent to any worker thread.
[2026-05-19T20:48:06.719] [DEBUG] debug-file - worker[6] exits with exit code 1.
[2026-05-19T20:48:24.035] [DEBUG] debug-file - session manager: set active socket. socketId=fVaX5zpHYZzj6R-uAAAH
[2026-05-19T20:48:24.057] [DEBUG] debug-file - watch worker: worker id should be larger than 0. Nothing will be sent to any worker thread.
[2026-05-19T20:48:24.061] [DEBUG] debug-file - Workers' log level updated to INFO
[2026-05-19T20:48:24.065] [DEBUG] debug-file - Hvigor init with startParameters:{
  hvigorfileTypeCheck: false,
  parallelExecution: true,
  incrementalExecution: true,
  printStackTrace: false,
  daemon: true,
  analyze: 0,
  logLevel: Level { level: 20000, levelStr: 'INFO', colour: 'green' },
  optimizationStrategy: 'memory',
  hotCompile: undefined,
  hotReloadBuild: undefined,
  customizedParam: undefined
}
[2026-05-19T20:48:24.069] [DEBUG] debug-file - Cache service initialization finished in 4 ms 
[2026-05-19T20:48:24.069] [DEBUG] debug-file - hvigorfile, resolving C:\Users\31293\Desktop\text-effects-master\hvigorfile.ts
[2026-05-19T20:48:24.073] [DEBUG] debug-file - hvigorfile, require result:  { default: { plugins: [] } }
[2026-05-19T20:48:24.073] [DEBUG] debug-file - hvigorfile, binding system plugins null
[2026-05-19T20:48:24.074] [DEBUG] debug-file - Starting plugin build process
[2026-05-19T20:48:24.074] [DEBUG] debug-file - App plugin prepare start...
[2026-05-19T20:48:24.074] [DEBUG] debug-file - App plugin prepare end...
[2026-05-19T20:48:24.074] [DEBUG] debug-file - App plugin creating...
[2026-05-19T20:48:24.078] [DEBUG] debug-file - App plugin register hook start...
[2026-05-19T20:48:24.079] [DEBUG] debug-file - App plugin register hook end...
[2026-05-19T20:48:24.079] [DEBUG] debug-file - Plugin build process completed
[2026-05-19T20:48:24.079] [DEBUG] debug-file - Start initialize project's product build option map with build mode debug.
[2026-05-19T20:48:24.080] [DEBUG] debug-file - Picking option from product 'default' with build mode 'debug'.
[2026-05-19T20:48:24.080] [DEBUG] debug-file - Product 'default' build option initialized
[2026-05-19T20:48:24.080] [DEBUG] debug-file - End initialize project's product build option map with build mode 'debug'.
[2026-05-19T20:48:24.080] [DEBUG] debug-file - Obtain build option for product 'default'in this build.
[2026-05-19T20:48:24.081] [DEBUG] debug-file - No signingConfig found, initRemoteHspCache failed.
[2026-05-19T20:48:24.082] [DEBUG] debug-file - Start recording SDK configuration permission data.
[2026-05-19T20:48:24.106] [DEBUG] debug-file - Sdk init in 26 ms 
[2026-05-19T20:48:24.110] [DEBUG] debug-file - Project task initialization takes 3 ms 
[2026-05-19T20:48:24.110] [DEBUG] debug-file - hvigorfile, binding custom plugins []
[2026-05-19T20:48:24.110] [DEBUG] debug-file - hvigorfile, no custom plugins were found in C:\Users\31293\Desktop\text-effects-master\hvigorfile.ts
[2026-05-19T20:48:24.110] [DEBUG] debug-file - hvigorfile, resolve finished C:\Users\31293\Desktop\text-effects-master\hvigorfile.ts
[2026-05-19T20:48:24.110] [DEBUG] debug-file - hvigorfile, resolving C:\Users\31293\Desktop\text-effects-master\entry\hvigorfile.ts
[2026-05-19T20:48:24.113] [DEBUG] debug-file - hvigorfile, require result:  { default: { plugins: [] } }
[2026-05-19T20:48:24.113] [DEBUG] debug-file - hvigorfile, binding system plugins null
[2026-05-19T20:48:24.113] [DEBUG] debug-file - Starting plugin build process
[2026-05-19T20:48:24.113] [DEBUG] debug-file - Hap plugin creating...
[2026-05-19T20:48:24.114] [DEBUG] debug-file - failed to load cangjie to dynamically generate schemas: Error: Cannot find module '@ohos/cangjie-build-support/index'
Require stack:
- C:\Program Files\Huawei\DevEco Studio\tools\hvigor\hvigor-ohos-plugin\src\plugin\hooks\cangjie-register.js
- C:\Program Files\Huawei\DevEco Studio\tools\hvigor\hvigor-ohos-plugin\src\plugin\strategy\stage-init-strategy.js
- C:\Program Files\Huawei\DevEco Studio\tools\hvigor\hvigor-ohos-plugin\src\plugin\builder\abstract-plugin-builder.js
- C:\Program Files\Huawei\DevEco Studio\tools\hvigor\hvigor-ohos-plugin\src\plugin\builder\app-plugin-builder.js
- C:\Program Files\Huawei\DevEco Studio\tools\hvigor\hvigor-ohos-plugin\src\plugin\factory\plugin-factory.js
- C:\Program Files\Huawei\DevEco Studio\tools\hvigor\hvigor-ohos-plugin\index.js
- C:\Users\31293\Desktop\text-effects-master\hvigorfile.ts
- C:\Program Files\Huawei\DevEco Studio\tools\hvigor\hvigor\src\base\internal\lifecycle\configuration.js
- C:\Program Files\Huawei\DevEco Studio\tools\hvigor\hvigor\src\base\boot\index.js
- C:\Program Files\Huawei\DevEco Studio\tools\hvigor\hvigor\src\base\daemon\cluster\worker-process-lifecycle.js
- C:\Program Files\Huawei\DevEco Studio\tools\hvigor\hvigor\src\base\daemon\process\daemon-process-boot-script.js
[2026-05-19T20:48:24.115] [DEBUG] debug-file - Start initialize module-target build option map, moduleName=entry, buildMode=debug
[2026-05-19T20:48:24.115] [DEBUG] debug-file - Target 'default' config initialized
[2026-05-19T20:48:24.115] [DEBUG] debug-file - Module 'entry' target 'default' build option initialized
[2026-05-19T20:48:24.115] [DEBUG] debug-file - End initialize module-target build option map, moduleName=entry
[2026-05-19T20:48:24.116] [DEBUG] debug-file - Start initialize module-target build option map, moduleName=entry, buildMode=release
[2026-05-19T20:48:24.116] [DEBUG] debug-file - Target 'default' config initialized
[2026-05-19T20:48:24.116] [DEBUG] debug-file - Module 'entry' target 'default' build option initialized
[2026-05-19T20:48:24.116] [DEBUG] debug-file - End initialize module-target build option map, moduleName=entry
[2026-05-19T20:48:24.116] [DEBUG] debug-file - Start initialize module-target build option map, moduleName=entry, buildMode=debug
[2026-05-19T20:48:24.116] [DEBUG] debug-file - Target 'default' config initialized
[2026-05-19T20:48:24.117] [DEBUG] debug-file - Module 'entry' target 'default' build option initialized
[2026-05-19T20:48:24.117] [DEBUG] debug-file - End initialize module-target build option map, moduleName=entry
[2026-05-19T20:48:24.117] [DEBUG] debug-file - Obtain build option for module 'entry' target 'default'in this build.
[2026-05-19T20:48:24.118] [DEBUG] debug-file - Module entry task initialization takes 1 ms 
[2026-05-19T20:48:24.118] [DEBUG] debug-file - Hap plugin register hook start...
[2026-05-19T20:48:24.118] [DEBUG] debug-file - Hap plugin register hook end...
[2026-05-19T20:48:24.118] [DEBUG] debug-file - Plugin build process completed
[2026-05-19T20:48:24.118] [DEBUG] debug-file - hvigorfile, binding custom plugins []
[2026-05-19T20:48:24.118] [DEBUG] debug-file - hvigorfile, no custom plugins were found in C:\Users\31293\Desktop\text-effects-master\entry\hvigorfile.ts
[2026-05-19T20:48:24.118] [DEBUG] debug-file - hvigorfile, resolve finished C:\Users\31293\Desktop\text-effects-master\entry\hvigorfile.ts
[2026-05-19T20:48:24.164] [DEBUG] debug-file - hvigorfile, resolve hvigorfile dependencies in 46 ms 
[2026-05-19T20:48:24.164] [DEBUG] debug-file - project has submodules:entry
[2026-05-19T20:48:24.165] [DEBUG] debug-file - start to load updatedOhPackageInfo to the disk
[2026-05-19T20:48:24.169] [DEBUG] debug-file - load to the disk finished
[2026-05-19T20:48:24.170] [DEBUG] debug-file - Start to initialize dependency information.
[2026-05-19T20:48:24.172] [DEBUG] debug-file - Module text-effects-master Collected Dependency: 
[2026-05-19T20:48:24.172] [DEBUG] debug-file - Module text-effects-master's total dependency: 0
[2026-05-19T20:48:24.173] [DEBUG] debug-file - Start to initialize dependency information.
[2026-05-19T20:48:24.173] [DEBUG] debug-file - Module entry Collected Dependency: 
[2026-05-19T20:48:24.174] [DEBUG] debug-file - Module entry's total dependency: 0
[2026-05-19T20:48:24.174] [DEBUG] debug-file - Configuration phase cost:106 ms 
[2026-05-19T20:48:24.175] [DEBUG] debug-file - Configuration task cost before running: 114 ms 
[2026-05-19T20:48:24.177] [DEBUG] debug-file - Executing task :entry:default@PreBuild
[2026-05-19T20:48:24.177] [DEBUG] debug-file - Task 'entry:default@PreBuild' cost while wrapping incremental declarations: 1 ms 
[2026-05-19T20:48:24.180] [DEBUG] debug-file - entry:default@PreBuild is not up-to-date, since the task snapshots are different.
[2026-05-19T20:48:24.180] [DEBUG] debug-file - Incremental task entry:default@PreBuild pre-execution cost: 2 ms .
[2026-05-19T20:48:24.182] [DEBUG] debug-file - current product is not Atomic service.
[2026-05-19T20:48:24.182] [DEBUG] debug-file - Use tool [win32: JAVA_HOME, CLASSPATH]
 [
  { JAVA_HOME: 'C:\\Program Files\\Huawei\\DevEco Studio\\jbr' },
  { CLASSPATH: undefined }
]
[2026-05-19T20:48:24.182] [DEBUG] debug-file - Use tool [win32: NODE_HOME]
 [
  {
    NODE_HOME: 'C:\\Program Files\\Huawei\\DevEco Studio\\tools\\node'
  }
]
[2026-05-19T20:48:24.182] [DEBUG] debug-file - entry : default@PreBuild cost memory 0.5380859375
[2026-05-19T20:48:24.182] [DEBUG] debug-file - runTaskFromQueue task cost before running: 122 ms 
[2026-05-19T20:48:24.184] [INFO] debug-file - Finished :entry:default@PreBuild... after 6 ms 
[2026-05-19T20:48:24.184] [DEBUG] debug-file - Executing task :entry:default@CreateModuleInfo
[2026-05-19T20:48:24.184] [DEBUG] debug-file - Task 'entry:default@CreateModuleInfo' cost while wrapping incremental declarations: 1 ms 
[2026-05-19T20:48:24.185] [DEBUG] debug-file - entry : default@CreateModuleInfo cost memory 0.04732513427734375
[2026-05-19T20:48:24.185] [DEBUG] debug-file - runTaskFromQueue task cost before running: 124 ms 
[2026-05-19T20:48:24.185] [INFO] debug-file - Finished :entry:default@CreateModuleInfo... after 1 ms 
[2026-05-19T20:48:24.185] [DEBUG] debug-file - Executing task :entry:default@GenerateMetadata
[2026-05-19T20:48:24.186] [DEBUG] debug-file - Task 'entry:default@GenerateMetadata' cost while wrapping incremental declarations: 1 ms 
[2026-05-19T20:48:24.186] [DEBUG] debug-file - Incremental task entry:default@GenerateMetadata pre-execution cost: 1 ms .
[2026-05-19T20:48:24.186] [DEBUG] debug-file - entry : default@GenerateMetadata cost memory 0.09110260009765625
[2026-05-19T20:48:24.186] [INFO] debug-file - UP-TO-DATE :entry:default@GenerateMetadata...  
[2026-05-19T20:48:24.187] [DEBUG] debug-file - Executing task :entry:default@ConfigureCmake
[2026-05-19T20:48:24.187] [DEBUG] debug-file - entry : default@ConfigureCmake cost memory 0.016082763671875
[2026-05-19T20:48:24.187] [DEBUG] debug-file - runTaskFromQueue task cost before running: 126 ms 
[2026-05-19T20:48:24.187] [INFO] debug-file - Finished :entry:default@ConfigureCmake... after 1 ms 
[2026-05-19T20:48:24.187] [DEBUG] debug-file - Executing task :entry:default@MergeProfile
[2026-05-19T20:48:24.187] [DEBUG] debug-file - Task 'entry:default@MergeProfile' cost while wrapping incremental declarations: 1 ms 
[2026-05-19T20:48:24.189] [DEBUG] debug-file - Incremental task entry:default@MergeProfile pre-execution cost: 2 ms .
[2026-05-19T20:48:24.189] [DEBUG] debug-file - entry : default@MergeProfile cost memory 0.12798309326171875
[2026-05-19T20:48:24.190] [INFO] debug-file - UP-TO-DATE :entry:default@MergeProfile...  
[2026-05-19T20:48:24.190] [DEBUG] debug-file - Executing task :entry:default@CreateBuildProfile
[2026-05-19T20:48:24.191] [DEBUG] debug-file - Task 'entry:default@CreateBuildProfile' cost while wrapping incremental declarations: 1 ms 
[2026-05-19T20:48:24.191] [DEBUG] debug-file - Incremental task entry:default@CreateBuildProfile pre-execution cost: 1 ms .
[2026-05-19T20:48:24.192] [DEBUG] debug-file - entry : default@CreateBuildProfile cost memory 0.097808837890625
[2026-05-19T20:48:24.192] [INFO] debug-file - UP-TO-DATE :entry:default@CreateBuildProfile...  
[2026-05-19T20:48:24.193] [DEBUG] debug-file - Executing task :entry:default@PreCheckSyscap
[2026-05-19T20:48:24.194] [DEBUG] debug-file - entry : default@PreCheckSyscap cost memory 0.01630401611328125
[2026-05-19T20:48:24.194] [DEBUG] debug-file - runTaskFromQueue task cost before running: 133 ms 
[2026-05-19T20:48:24.194] [INFO] debug-file - Finished :entry:default@PreCheckSyscap... after 1 ms 
[2026-05-19T20:48:24.194] [DEBUG] debug-file - Executing task :entry:default@GeneratePkgContextInfo
[2026-05-19T20:48:24.197] [DEBUG] debug-file - Task 'entry:default@GeneratePkgContextInfo' cost while wrapping incremental declarations: 1 ms 
[2026-05-19T20:48:24.197] [DEBUG] debug-file - entry : default@GeneratePkgContextInfo cost memory 0.15944671630859375
[2026-05-19T20:48:24.197] [DEBUG] debug-file - runTaskFromQueue task cost before running: 136 ms 
[2026-05-19T20:48:24.197] [INFO] debug-file - Finished :entry:default@GeneratePkgContextInfo... after 3 ms 
[2026-05-19T20:48:24.200] [DEBUG] debug-file - Executing task :entry:default@ProcessIntegratedHsp
[2026-05-19T20:48:24.200] [DEBUG] debug-file - entry:default@ProcessIntegratedHsp is not up-to-date, since the output file 'C:\Users\31293\Desktop\text-effects-master\build\cache\default\integrated_hsp\integratedHspCache.json' does not exist.
[2026-05-19T20:48:24.200] [DEBUG] debug-file - Incremental task entry:default@ProcessIntegratedHsp pre-execution cost: 1 ms .
[2026-05-19T20:48:24.200] [DEBUG] debug-file - entry : default@ProcessIntegratedHsp cost memory 0.063568115234375
[2026-05-19T20:48:24.200] [DEBUG] debug-file - runTaskFromQueue task cost before running: 139 ms 
[2026-05-19T20:48:24.200] [INFO] debug-file - Finished :entry:default@ProcessIntegratedHsp... after 1 ms 
[2026-05-19T20:48:24.202] [DEBUG] debug-file - Executing task :entry:default@BuildNativeWithCmake
[2026-05-19T20:48:24.202] [DEBUG] debug-file - entry : default@BuildNativeWithCmake cost memory 0.01712799072265625
[2026-05-19T20:48:24.202] [DEBUG] debug-file - runTaskFromQueue task cost before running: 142 ms 
[2026-05-19T20:48:24.203] [INFO] debug-file - Finished :entry:default@BuildNativeWithCmake... after 1 ms 
[2026-05-19T20:48:24.203] [DEBUG] debug-file - Executing task :entry:default@MakePackInfo
[2026-05-19T20:48:24.205] [DEBUG] debug-file - Incremental task entry:default@MakePackInfo pre-execution cost: 1 ms .
[2026-05-19T20:48:24.205] [DEBUG] debug-file - entry : default@MakePackInfo cost memory 0.10271453857421875
[2026-05-19T20:48:24.205] [INFO] debug-file - UP-TO-DATE :entry:default@MakePackInfo...  
[2026-05-19T20:48:24.206] [DEBUG] debug-file - Executing task :entry:default@SyscapTransform
[2026-05-19T20:48:24.206] [DEBUG] debug-file - File: 'C:\Users\31293\Desktop\text-effects-master\entry\src\main\syscap.json' from 'sysCapJsonPath' is not exists, just ignore.
[2026-05-19T20:48:24.206] [DEBUG] debug-file - Task 'entry:default@SyscapTransform' cost while wrapping incremental declarations: 1 ms 
[2026-05-19T20:48:24.207] [DEBUG] debug-file - entry:default@SyscapTransform is not up-to-date, since the output file 'C:\Users\31293\Desktop\text-effects-master\entry\build\default\intermediates\syscap\default\rpcid.sc' does not exist.
[2026-05-19T20:48:24.207] [DEBUG] debug-file - Incremental task entry:default@SyscapTransform pre-execution cost: 1 ms .
[2026-05-19T20:48:24.207] [DEBUG] debug-file - entry : default@SyscapTransform cost memory 0.14691162109375
[2026-05-19T20:48:24.207] [DEBUG] debug-file - runTaskFromQueue task cost before running: 147 ms 
[2026-05-19T20:48:24.208] [INFO] debug-file - Finished :entry:default@SyscapTransform... after 2 ms 
[2026-05-19T20:48:24.209] [DEBUG] debug-file - Executing task :entry:default@ProcessProfile
[2026-05-19T20:48:24.209] [DEBUG] debug-file - Task 'entry:default@ProcessProfile' cost while wrapping incremental declarations: 1 ms 
[2026-05-19T20:48:24.210] [DEBUG] debug-file - Incremental task entry:default@ProcessProfile pre-execution cost: 1 ms .
[2026-05-19T20:48:24.210] [DEBUG] debug-file - entry : default@ProcessProfile cost memory 0.12818145751953125
[2026-05-19T20:48:24.210] [INFO] debug-file - UP-TO-DATE :entry:default@ProcessProfile...  
[2026-05-19T20:48:24.210] [DEBUG] debug-file - Executing task :entry:default@ProcessRouterMap
[2026-05-19T20:48:24.211] [DEBUG] debug-file - Incremental task entry:default@ProcessRouterMap pre-execution cost: 1 ms .
[2026-05-19T20:48:24.211] [DEBUG] debug-file - entry : default@ProcessRouterMap cost memory 0.1358642578125
[2026-05-19T20:48:24.212] [INFO] debug-file - UP-TO-DATE :entry:default@ProcessRouterMap...  
[2026-05-19T20:48:24.212] [DEBUG] debug-file - Executing task :entry:default@ProcessShareConfig
[2026-05-19T20:48:24.213] [DEBUG] debug-file - Incremental task entry:default@ProcessShareConfig pre-execution cost: 1 ms .
[2026-05-19T20:48:24.213] [DEBUG] debug-file - entry : default@ProcessShareConfig cost memory 0.11292266845703125
[2026-05-19T20:48:24.214] [INFO] debug-file - UP-TO-DATE :entry:default@ProcessShareConfig...  
[2026-05-19T20:48:24.214] [DEBUG] debug-file - Executing task :entry:default@ProcessStartupConfig
[2026-05-19T20:48:24.214] [DEBUG] debug-file - Task 'entry:default@ProcessStartupConfig' cost while wrapping incremental declarations: 1 ms 
[2026-05-19T20:48:24.215] [DEBUG] debug-file - entry:default@ProcessStartupConfig is not up-to-date, since the output file 'C:\Users\31293\Desktop\text-effects-master\entry\build\default\intermediates\startup\default\startup_config.json' does not exist.
[2026-05-19T20:48:24.215] [DEBUG] debug-file - Incremental task entry:default@ProcessStartupConfig pre-execution cost: 1 ms .
[2026-05-19T20:48:24.215] [DEBUG] debug-file - entry : default@ProcessStartupConfig cost memory 0.10459136962890625
[2026-05-19T20:48:24.215] [DEBUG] debug-file - runTaskFromQueue task cost before running: 155 ms 
[2026-05-19T20:48:24.215] [INFO] debug-file - Finished :entry:default@ProcessStartupConfig... after 2 ms 
[2026-05-19T20:48:24.217] [DEBUG] debug-file - Executing task :entry:default@BuildNativeWithNinja
[2026-05-19T20:48:24.217] [DEBUG] debug-file - entry : default@BuildNativeWithNinja cost memory 0.02410125732421875
[2026-05-19T20:48:24.217] [DEBUG] debug-file - runTaskFromQueue task cost before running: 157 ms 
[2026-05-19T20:48:24.218] [INFO] debug-file - Finished :entry:default@BuildNativeWithNinja... after 1 ms 
[2026-05-19T20:48:24.219] [DEBUG] debug-file - restool module names: entry; moduleName=entry, taskName=default@ProcessResource
[2026-05-19T20:48:24.220] [DEBUG] debug-file - Executing task :entry:default@ProcessResource
[2026-05-19T20:48:24.220] [DEBUG] debug-file - Task 'entry:default@ProcessResource' cost while wrapping incremental declarations: 1 ms 
[2026-05-19T20:48:24.221] [DEBUG] debug-file - Incremental task entry:default@ProcessResource pre-execution cost: 1 ms .
[2026-05-19T20:48:24.221] [DEBUG] debug-file - entry : default@ProcessResource cost memory 0.1422119140625
[2026-05-19T20:48:24.222] [INFO] debug-file - UP-TO-DATE :entry:default@ProcessResource...  
[2026-05-19T20:48:24.223] [DEBUG] debug-file - Executing task :entry:default@GenerateLoaderJson
[2026-05-19T20:48:24.223] [DEBUG] debug-file - Task 'entry:default@GenerateLoaderJson' cost while wrapping incremental declarations: 1 ms 
[2026-05-19T20:48:24.227] [DEBUG] debug-file - Incremental task entry:default@GenerateLoaderJson pre-execution cost: 3 ms .
[2026-05-19T20:48:24.227] [DEBUG] debug-file - entry : default@GenerateLoaderJson cost memory 0.466522216796875
[2026-05-19T20:48:24.229] [INFO] debug-file - UP-TO-DATE :entry:default@GenerateLoaderJson...  
[2026-05-19T20:48:24.230] [DEBUG] debug-file - Executing task :entry:default@ProcessLibs
[2026-05-19T20:48:24.231] [DEBUG] debug-file - Incremental task entry:default@ProcessLibs pre-execution cost: 1 ms .
[2026-05-19T20:48:24.231] [DEBUG] debug-file - entry : default@ProcessLibs cost memory 0.1059417724609375
[2026-05-19T20:48:24.231] [INFO] debug-file - UP-TO-DATE :entry:default@ProcessLibs...  
[2026-05-19T20:48:24.232] [DEBUG] debug-file - restool module names: entry; moduleName=entry, taskName=default@CompileResource
[2026-05-19T20:48:24.233] [DEBUG] debug-file - Executing task :entry:default@CompileResource
[2026-05-19T20:48:24.238] [DEBUG] debug-file - Incremental task entry:default@CompileResource pre-execution cost: 5 ms .
[2026-05-19T20:48:24.238] [DEBUG] debug-file - entry : default@CompileResource cost memory 0.6135711669921875
[2026-05-19T20:48:24.239] [INFO] debug-file - UP-TO-DATE :entry:default@CompileResource...  
[2026-05-19T20:48:24.240] [DEBUG] debug-file - Executing task :entry:default@DoNativeStrip
[2026-05-19T20:48:24.240] [DEBUG] debug-file - Task 'entry:default@DoNativeStrip' cost while wrapping incremental declarations: 1 ms 
[2026-05-19T20:48:24.241] [DEBUG] debug-file - Incremental task entry:default@DoNativeStrip pre-execution cost: 1 ms .
[2026-05-19T20:48:24.241] [DEBUG] debug-file - entry : default@DoNativeStrip cost memory 0.08376312255859375
[2026-05-19T20:48:24.241] [INFO] debug-file - UP-TO-DATE :entry:default@DoNativeStrip...  
[2026-05-19T20:48:24.242] [DEBUG] debug-file - Executing task :entry:default@CompileArkTS
[2026-05-19T20:48:24.243] [DEBUG] debug-file - obfuscationOptions: undefined
[2026-05-19T20:48:24.243] [DEBUG] debug-file - Task 'entry:default@CompileArkTS' cost while wrapping incremental declarations: 1 ms 
[2026-05-19T20:48:24.248] [DEBUG] debug-file - Incremental task entry:default@CompileArkTS pre-execution cost: 4 ms .
[2026-05-19T20:48:24.248] [DEBUG] debug-file - entry : default@CompileArkTS cost memory 0.5207290649414062
[2026-05-19T20:48:24.249] [INFO] debug-file - UP-TO-DATE :entry:default@CompileArkTS...  
[2026-05-19T20:48:24.249] [DEBUG] debug-file - Executing task :entry:default@BuildJS
[2026-05-19T20:48:24.250] [DEBUG] debug-file - Task 'entry:default@BuildJS' cost while wrapping incremental declarations: 1 ms 
[2026-05-19T20:48:24.251] [DEBUG] debug-file - entry : default@BuildJS cost memory 0.155303955078125
[2026-05-19T20:48:24.251] [DEBUG] debug-file - runTaskFromQueue task cost before running: 191 ms 
[2026-05-19T20:48:24.252] [INFO] debug-file - Finished :entry:default@BuildJS... after 2 ms 
[2026-05-19T20:48:24.252] [DEBUG] debug-file - Executing task :entry:default@CacheNativeLibs
[2026-05-19T20:48:24.253] [DEBUG] debug-file - Task 'entry:default@CacheNativeLibs' cost while wrapping incremental declarations: 1 ms 
[2026-05-19T20:48:24.253] [DEBUG] debug-file - Incremental task entry:default@CacheNativeLibs pre-execution cost: 1 ms .
[2026-05-19T20:48:24.254] [DEBUG] debug-file - entry : default@CacheNativeLibs cost memory 0.09937286376953125
[2026-05-19T20:48:24.254] [INFO] debug-file - UP-TO-DATE :entry:default@CacheNativeLibs...  
[2026-05-19T20:48:24.254] [DEBUG] debug-file - Executing task :entry:default@GeneratePkgModuleJson
[2026-05-19T20:48:24.254] [DEBUG] debug-file - File: 'C:\Users\31293\Desktop\text-effects-master\entry\build\default\intermediates\preload\default\preload.json' from 'preloadSoJsonPath' is not exists, just ignore.
[2026-05-19T20:48:24.255] [DEBUG] debug-file - Error occurs while handling @Input 'shouldDeduplicateHar': The "data" argument must be of type string or an instance of Buffer, TypedArray, or DataView. Received undefined
[2026-05-19T20:48:24.255] [DEBUG] debug-file - Task 'entry:default@GeneratePkgModuleJson' cost while wrapping incremental declarations: 1 ms 
[2026-05-19T20:48:24.255] [DEBUG] debug-file - Incremental task entry:default@GeneratePkgModuleJson pre-execution cost: 1 ms .
[2026-05-19T20:48:24.255] [DEBUG] debug-file - entry : default@GeneratePkgModuleJson cost memory 0.11331939697265625
[2026-05-19T20:48:24.255] [INFO] debug-file - UP-TO-DATE :entry:default@GeneratePkgModuleJson...  
[2026-05-19T20:48:24.256] [DEBUG] debug-file - Executing task :entry:default@ProcessCompiledResources
[2026-05-19T20:48:24.256] [DEBUG] debug-file - File: 'C:\Users\31293\Desktop\text-effects-master\entry\build\default\intermediates\preload\default\preload.json' from 'preloadSoJsonPath' is not exists, just ignore.
[2026-05-19T20:48:24.256] [DEBUG] debug-file - Task 'entry:default@ProcessCompiledResources' cost while wrapping incremental declarations: 1 ms 
[2026-05-19T20:48:24.256] [DEBUG] debug-file - entry : default@ProcessCompiledResources cost memory 0.06542205810546875
[2026-05-19T20:48:24.256] [DEBUG] debug-file - runTaskFromQueue task cost before running: 195 ms 
[2026-05-19T20:48:24.256] [INFO] debug-file - Finished :entry:default@ProcessCompiledResources... after 1 ms 
[2026-05-19T20:48:24.257] [DEBUG] debug-file - Executing task :entry:default@PackageHap
[2026-05-19T20:48:24.262] [DEBUG] debug-file - Incremental task entry:default@PackageHap pre-execution cost: 5 ms .
[2026-05-19T20:48:24.262] [DEBUG] debug-file - entry : default@PackageHap cost memory 0.40932464599609375
[2026-05-19T20:48:24.263] [INFO] debug-file - UP-TO-DATE :entry:default@PackageHap...  
[2026-05-19T20:48:24.265] [DEBUG] debug-file - Executing task :entry:default@PackingCheck
[2026-05-19T20:48:24.268] [DEBUG] debug-file - entry : default@PackingCheck cost memory 0.316558837890625
[2026-05-19T20:48:24.268] [DEBUG] debug-file - runTaskFromQueue task cost before running: 207 ms 
[2026-05-19T20:48:24.268] [INFO] debug-file - Finished :entry:default@PackingCheck... after 4 ms 
[2026-05-19T20:48:24.269] [DEBUG] debug-file - Executing task :entry:default@SignHap
[2026-05-19T20:48:24.269] [WARN] debug-file - Will skip sign 'hos_hap'. No signingConfigs profile is configured in current project.
             If needed, configure the signingConfigs in C:\Users\31293\Desktop\text-effects-master\build-profile.json5.
[2026-05-19T20:48:24.270] [DEBUG] debug-file - entry:default@SignHap is not up-to-date, since the output file 'C:\Users\31293\Desktop\text-effects-master\entry\build\default\outputs\default\entry-default-signed.hap' does not exist.
[2026-05-19T20:48:24.270] [DEBUG] debug-file - Incremental task entry:default@SignHap pre-execution cost: 1 ms .
[2026-05-19T20:48:24.270] [DEBUG] debug-file - entry : default@SignHap cost memory 0.1017913818359375
[2026-05-19T20:48:24.271] [DEBUG] debug-file - runTaskFromQueue task cost before running: 210 ms 
[2026-05-19T20:48:24.271] [INFO] debug-file - Finished :entry:default@SignHap... after 2 ms 
[2026-05-19T20:48:24.273] [DEBUG] debug-file - Executing task :entry:default@CollectDebugSymbol
[2026-05-19T20:48:24.274] [DEBUG] debug-file - entry : default@CollectDebugSymbol cost memory 0.0992431640625
[2026-05-19T20:48:24.274] [DEBUG] debug-file - runTaskFromQueue task cost before running: 213 ms 
[2026-05-19T20:48:24.274] [INFO] debug-file - Finished :entry:default@CollectDebugSymbol... after 2 ms 
[2026-05-19T20:48:24.275] [DEBUG] debug-file - Executing task :entry:assembleHap
[2026-05-19T20:48:24.275] [DEBUG] debug-file - entry : assembleHap cost memory 0.01424407958984375
[2026-05-19T20:48:24.275] [DEBUG] debug-file - runTaskFromQueue task cost before running: 215 ms 
[2026-05-19T20:48:24.276] [INFO] debug-file - Finished :entry:assembleHap... after 1 ms 
[2026-05-19T20:48:24.285] [INFO] debug-file - BUILD SUCCESSFUL in 224 ms 
[2026-05-19T20:48:24.285] [DEBUG] debug-file - Update task entry:default@PreBuild input file:C:\Users\31293\Desktop\text-effects-master\AppScope\app.json5 cache by regenerate.
[2026-05-19T20:48:24.286] [DEBUG] debug-file - Update task entry:default@PreBuild input file:C:\Users\31293\Desktop\text-effects-master\entry\src\main\module.json5 cache by regenerate.
[2026-05-19T20:48:24.286] [DEBUG] debug-file - Update task entry:default@PreBuild input file:C:\Users\31293\Desktop\text-effects-master\build-profile.json5 cache by regenerate.
[2026-05-19T20:48:24.286] [DEBUG] debug-file - Update task entry:default@PreBuild input file:C:\Users\31293\Desktop\text-effects-master\entry\build-profile.json5 cache by regenerate.
[2026-05-19T20:48:24.286] [DEBUG] debug-file - Update task entry:default@PreBuild input file:C:\Users\31293\Desktop\text-effects-master\entry\src\main\resources\base\profile\main_pages.json cache by regenerate.
[2026-05-19T20:48:24.286] [DEBUG] debug-file - Update task entry:default@PreBuild input file:C:\Users\31293\Desktop\text-effects-master\hvigor\hvigor-config.json5 cache by regenerate.
[2026-05-19T20:48:24.286] [DEBUG] debug-file - Update task entry:default@PreBuild input file:C:\Users\31293\Desktop\text-effects-master\entry\oh-package.json5 cache by regenerate.
[2026-05-19T20:48:24.286] [DEBUG] debug-file - Update task entry:default@PreBuild input file:C:\Users\31293\Desktop\text-effects-master\oh-package.json5 cache by regenerate.
[2026-05-19T20:48:24.286] [DEBUG] debug-file - Incremental task entry:default@PreBuild post-execution cost:2 ms .
[2026-05-19T20:48:24.286] [DEBUG] debug-file - Update task entry:default@CreateModuleInfo output file:C:\Users\31293\Desktop\text-effects-master\entry\build\default\generated\profile\default\ModuleInfo.ts cache.
[2026-05-19T20:48:24.286] [DEBUG] debug-file - Incremental task entry:default@CreateModuleInfo post-execution cost:1 ms .
[2026-05-19T20:48:24.286] [DEBUG] debug-file - There is no need to refresh cache, since the incremental task entry:default@GenerateMetadata is up-to-date.
[2026-05-19T20:48:24.286] [DEBUG] debug-file - There is no need to refresh cache, since the incremental task entry:default@MergeProfile is up-to-date.
[2026-05-19T20:48:24.287] [DEBUG] debug-file - There is no need to refresh cache, since the incremental task entry:default@CreateBuildProfile is up-to-date.
[2026-05-19T20:48:24.287] [DEBUG] debug-file - Update task entry:default@GeneratePkgContextInfo output file:C:\Users\31293\Desktop\text-effects-master\entry\build\default\intermediates\loader\default\pkgContextInfo.json cache.
[2026-05-19T20:48:24.287] [DEBUG] debug-file - Incremental task entry:default@GeneratePkgContextInfo post-execution cost:1 ms .
[2026-05-19T20:48:24.287] [DEBUG] debug-file - Update task entry:default@ProcessIntegratedHsp output file:C:\Users\31293\Desktop\text-effects-master\build\cache\default\integrated_hsp\integratedHspCache.json cache.
[2026-05-19T20:48:24.287] [DEBUG] debug-file - Incremental task entry:default@ProcessIntegratedHsp post-execution cost:1 ms .
[2026-05-19T20:48:24.287] [DEBUG] debug-file - There is no need to refresh cache, since the incremental task entry:default@MakePackInfo is up-to-date.
[2026-05-19T20:48:24.287] [DEBUG] debug-file - Update task entry:default@SyscapTransform input file:C:\Program Files\Huawei\DevEco Studio\sdk\default\openharmony\toolchains\syscap_tool.exe cache by regenerate.
[2026-05-19T20:48:24.287] [DEBUG] debug-file - Update task entry:default@SyscapTransform input file:C:\Program Files\Huawei\DevEco Studio\sdk\default\openharmony\ets\api\device-define cache by regenerate.
[2026-05-19T20:48:24.288] [DEBUG] debug-file - Update task entry:default@SyscapTransform output file:C:\Users\31293\Desktop\text-effects-master\entry\build\default\intermediates\syscap\default\rpcid.sc cache.
[2026-05-19T20:48:24.288] [DEBUG] debug-file - Incremental task entry:default@SyscapTransform post-execution cost:1 ms .
[2026-05-19T20:48:24.288] [DEBUG] debug-file - There is no need to refresh cache, since the incremental task entry:default@ProcessProfile is up-to-date.
[2026-05-19T20:48:24.288] [DEBUG] debug-file - There is no need to refresh cache, since the incremental task entry:default@ProcessRouterMap is up-to-date.
[2026-05-19T20:48:24.288] [DEBUG] debug-file - There is no need to refresh cache, since the incremental task entry:default@ProcessShareConfig is up-to-date.
[2026-05-19T20:48:24.288] [DEBUG] debug-file - Update task entry:default@ProcessStartupConfig output file:C:\Users\31293\Desktop\text-effects-master\entry\build\default\intermediates\startup\default\startup_config.json cache.
[2026-05-19T20:48:24.288] [DEBUG] debug-file - Incremental task entry:default@ProcessStartupConfig post-execution cost:1 ms .
[2026-05-19T20:48:24.288] [DEBUG] debug-file - There is no need to refresh cache, since the incremental task entry:default@ProcessResource is up-to-date.
[2026-05-19T20:48:24.288] [DEBUG] debug-file - There is no need to refresh cache, since the incremental task entry:default@GenerateLoaderJson is up-to-date.
[2026-05-19T20:48:24.288] [DEBUG] debug-file - There is no need to refresh cache, since the incremental task entry:default@ProcessLibs is up-to-date.
[2026-05-19T20:48:24.288] [DEBUG] debug-file - There is no need to refresh cache, since the incremental task entry:default@CompileResource is up-to-date.
[2026-05-19T20:48:24.288] [DEBUG] debug-file - There is no need to refresh cache, since the incremental task entry:default@DoNativeStrip is up-to-date.
[2026-05-19T20:48:24.288] [DEBUG] debug-file - There is no need to refresh cache, since the incremental task entry:default@CompileArkTS is up-to-date.
[2026-05-19T20:48:24.289] [DEBUG] debug-file - Update task entry:default@BuildJS input file:C:\Users\31293\Desktop\text-effects-master\entry\build\default\intermediates\loader\default cache by regenerate.
[2026-05-19T20:48:24.289] [DEBUG] debug-file - Update task entry:default@BuildJS input file:C:\Users\31293\Desktop\text-effects-master\entry\build\default\intermediates\res\default\ResourceTable.txt cache by regenerate.
[2026-05-19T20:48:24.289] [DEBUG] debug-file - Update task entry:default@BuildJS input file:C:\Users\31293\Desktop\text-effects-master\entry\build\default\intermediates\res\default\ark_module.json cache by regenerate.
[2026-05-19T20:48:24.289] [DEBUG] debug-file - Update task entry:default@BuildJS input file:C:\Users\31293\Desktop\text-effects-master\entry\build\default\intermediates\res\default\resources\base\profile cache by regenerate.
[2026-05-19T20:48:24.289] [DEBUG] debug-file - Update task entry:default@BuildJS output file:C:\Users\31293\Desktop\text-effects-master\entry\build\default\intermediates\loader_out\default\js cache.
[2026-05-19T20:48:24.290] [DEBUG] debug-file - Incremental task entry:default@BuildJS post-execution cost:2 ms .
[2026-05-19T20:48:24.290] [DEBUG] debug-file - There is no need to refresh cache, since the incremental task entry:default@CacheNativeLibs is up-to-date.
[2026-05-19T20:48:24.290] [DEBUG] debug-file - There is no need to refresh cache, since the incremental task entry:default@GeneratePkgModuleJson is up-to-date.
[2026-05-19T20:48:24.290] [DEBUG] debug-file - Incremental task entry:default@ProcessCompiledResources post-execution cost:1 ms .
[2026-05-19T20:48:24.290] [DEBUG] debug-file - There is no need to refresh cache, since the incremental task entry:default@PackageHap is up-to-date.
[2026-05-19T20:48:24.290] [DEBUG] debug-file - Update task entry:default@SignHap input file:C:\Users\31293\Desktop\text-effects-master\entry\build\default\outputs\default\entry-default-unsigned.hap cache by regenerate.
[2026-05-19T20:48:24.290] [DEBUG] debug-file - Update task entry:default@SignHap output file:C:\Users\31293\Desktop\text-effects-master\entry\build\default\outputs\default\entry-default-signed.hap cache.
[2026-05-19T20:48:24.290] [DEBUG] debug-file - Incremental task entry:default@SignHap post-execution cost:1 ms .
[2026-05-19T20:48:24.290] [DEBUG] debug-file - Update task entry:default@CollectDebugSymbol input file:C:\Users\31293\Desktop\text-effects-master\entry\build\default\intermediates\loader_out\default\ets\sourceMaps.map cache by regenerate.
[2026-05-19T20:48:24.290] [DEBUG] debug-file - Update task entry:default@CollectDebugSymbol input file:C:\Users\31293\Desktop\text-effects-master\entry\build\default\intermediates\libs\default cache by regenerate.
[2026-05-19T20:48:24.291] [DEBUG] debug-file - Update task entry:default@CollectDebugSymbol output file:C:\Users\31293\Desktop\text-effects-master\entry\build\default\outputs\default\symbol cache.
[2026-05-19T20:48:24.291] [DEBUG] debug-file - Incremental task entry:default@CollectDebugSymbol post-execution cost:1 ms .
[2026-05-19T20:48:24.306] [DEBUG] debug-file - hvigor build process will be closed.
[2026-05-19T20:48:24.323] [DEBUG] debug-file - session manager: send message to worker process.
[2026-05-19T20:48:24.324] [DEBUG] debug-file - session manager: send message to worker process.
[2026-05-19T20:48:24.379] [DEBUG] debug-file - watch worker: worker id should be larger than 0. Nothing will be sent to any worker thread.
[2026-05-19T20:48:24.380] [DEBUG] debug-file - watch worker: worker id should be larger than 0. Nothing will be sent to any worker thread.
[2026-05-19T20:49:24.913] [DEBUG] debug-file - session manager: set active socket. socketId=PN_-UKJJ6orRNh1_AAAJ
[2026-05-19T20:49:24.937] [DEBUG] debug-file - watch worker: worker id should be larger than 0. Nothing will be sent to any worker thread.
[2026-05-19T20:49:24.944] [DEBUG] debug-file - Workers' log level updated to INFO
[2026-05-19T20:49:24.949] [DEBUG] debug-file - Hvigor init with startParameters:{
  hvigorfileTypeCheck: false,
  parallelExecution: true,
  incrementalExecution: true,
  printStackTrace: false,
  daemon: true,
  analyze: 0,
  logLevel: Level { level: 20000, levelStr: 'INFO', colour: 'green' },
  optimizationStrategy: 'memory',
  hotCompile: undefined,
  hotReloadBuild: undefined,
  customizedParam: undefined
}
[2026-05-19T20:49:24.952] [DEBUG] debug-file - Cache service initialization finished in 3 ms 
[2026-05-19T20:49:24.954] [DEBUG] debug-file - hvigorfile, resolving C:\Users\31293\Desktop\text-effects-master\hvigorfile.ts
[2026-05-19T20:49:24.965] [DEBUG] debug-file - hvigorfile, require result:  { default: { plugins: [] } }
[2026-05-19T20:49:24.965] [DEBUG] debug-file - hvigorfile, binding system plugins null
[2026-05-19T20:49:24.967] [DEBUG] debug-file - Starting plugin build process
[2026-05-19T20:49:24.967] [DEBUG] debug-file - App plugin prepare start...
[2026-05-19T20:49:24.967] [DEBUG] debug-file - App plugin prepare end...
[2026-05-19T20:49:24.967] [DEBUG] debug-file - App plugin creating...
[2026-05-19T20:49:24.970] [DEBUG] debug-file - App plugin register hook start...
[2026-05-19T20:49:24.970] [DEBUG] debug-file - App plugin register hook end...
[2026-05-19T20:49:24.970] [DEBUG] debug-file - Plugin build process completed
[2026-05-19T20:49:24.971] [DEBUG] debug-file - Start initialize project's product build option map with build mode debug.
[2026-05-19T20:49:24.971] [DEBUG] debug-file - Picking option from product 'default' with build mode 'debug'.
[2026-05-19T20:49:24.971] [DEBUG] debug-file - Product 'default' build option initialized
[2026-05-19T20:49:24.971] [DEBUG] debug-file - End initialize project's product build option map with build mode 'debug'.
[2026-05-19T20:49:24.972] [DEBUG] debug-file - Obtain build option for product 'default'in this build.
[2026-05-19T20:49:24.974] [DEBUG] debug-file - No signingConfig found, initRemoteHspCache failed.
[2026-05-19T20:49:24.978] [DEBUG] debug-file - Start recording SDK configuration permission data.
[2026-05-19T20:49:25.004] [DEBUG] debug-file - Sdk init in 28 ms 
[2026-05-19T20:49:25.006] [DEBUG] debug-file - Project task initialization takes 3 ms 
[2026-05-19T20:49:25.007] [DEBUG] debug-file - hvigorfile, binding custom plugins []
[2026-05-19T20:49:25.007] [DEBUG] debug-file - hvigorfile, no custom plugins were found in C:\Users\31293\Desktop\text-effects-master\hvigorfile.ts
[2026-05-19T20:49:25.007] [DEBUG] debug-file - hvigorfile, resolve finished C:\Users\31293\Desktop\text-effects-master\hvigorfile.ts
[2026-05-19T20:49:25.008] [DEBUG] debug-file - hvigorfile, resolving C:\Users\31293\Desktop\text-effects-master\entry\hvigorfile.ts
[2026-05-19T20:49:25.013] [DEBUG] debug-file - hvigorfile, require result:  { default: { plugins: [] } }
[2026-05-19T20:49:25.013] [DEBUG] debug-file - hvigorfile, binding system plugins null
[2026-05-19T20:49:25.013] [DEBUG] debug-file - Starting plugin build process
[2026-05-19T20:49:25.013] [DEBUG] debug-file - Hap plugin creating...
[2026-05-19T20:49:25.016] [DEBUG] debug-file - failed to load cangjie to dynamically generate schemas: Error: Cannot find module '@ohos/cangjie-build-support/index'
Require stack:
- C:\Program Files\Huawei\DevEco Studio\tools\hvigor\hvigor-ohos-plugin\src\plugin\hooks\cangjie-register.js
- C:\Program Files\Huawei\DevEco Studio\tools\hvigor\hvigor-ohos-plugin\src\plugin\strategy\stage-init-strategy.js
- C:\Program Files\Huawei\DevEco Studio\tools\hvigor\hvigor-ohos-plugin\src\plugin\builder\abstract-plugin-builder.js
- C:\Program Files\Huawei\DevEco Studio\tools\hvigor\hvigor-ohos-plugin\src\plugin\builder\app-plugin-builder.js
- C:\Program Files\Huawei\DevEco Studio\tools\hvigor\hvigor-ohos-plugin\src\plugin\factory\plugin-factory.js
- C:\Program Files\Huawei\DevEco Studio\tools\hvigor\hvigor-ohos-plugin\index.js
- C:\Users\31293\Desktop\text-effects-master\hvigorfile.ts
- C:\Program Files\Huawei\DevEco Studio\tools\hvigor\hvigor\src\base\internal\lifecycle\configuration.js
- C:\Program Files\Huawei\DevEco Studio\tools\hvigor\hvigor\src\base\boot\index.js
- C:\Program Files\Huawei\DevEco Studio\tools\hvigor\hvigor\src\base\daemon\cluster\worker-process-lifecycle.js
- C:\Program Files\Huawei\DevEco Studio\tools\hvigor\hvigor\src\base\daemon\process\daemon-process-boot-script.js
[2026-05-19T20:49:25.017] [DEBUG] debug-file - Start initialize module-target build option map, moduleName=entry, buildMode=debug
[2026-05-19T20:49:25.017] [DEBUG] debug-file - Target 'default' config initialized
[2026-05-19T20:49:25.017] [DEBUG] debug-file - Module 'entry' target 'default' build option initialized
[2026-05-19T20:49:25.017] [DEBUG] debug-file - End initialize module-target build option map, moduleName=entry
[2026-05-19T20:49:25.017] [DEBUG] debug-file - Start initialize module-target build option map, moduleName=entry, buildMode=release
[2026-05-19T20:49:25.017] [DEBUG] debug-file - Target 'default' config initialized
[2026-05-19T20:49:25.018] [DEBUG] debug-file - Module 'entry' target 'default' build option initialized
[2026-05-19T20:49:25.018] [DEBUG] debug-file - End initialize module-target build option map, moduleName=entry
[2026-05-19T20:49:25.018] [DEBUG] debug-file - Start initialize module-target build option map, moduleName=entry, buildMode=debug
[2026-05-19T20:49:25.018] [DEBUG] debug-file - Target 'default' config initialized
[2026-05-19T20:49:25.019] [DEBUG] debug-file - Module 'entry' target 'default' build option initialized
[2026-05-19T20:49:25.019] [DEBUG] debug-file - End initialize module-target build option map, moduleName=entry
[2026-05-19T20:49:25.019] [DEBUG] debug-file - Obtain build option for module 'entry' target 'default'in this build.
[2026-05-19T20:49:25.021] [DEBUG] debug-file - Module entry task initialization takes 2 ms 
[2026-05-19T20:49:25.021] [DEBUG] debug-file - Hap plugin register hook start...
[2026-05-19T20:49:25.021] [DEBUG] debug-file - Hap plugin register hook end...
[2026-05-19T20:49:25.021] [DEBUG] debug-file - Plugin build process completed
[2026-05-19T20:49:25.021] [DEBUG] debug-file - hvigorfile, binding custom plugins []
[2026-05-19T20:49:25.021] [DEBUG] debug-file - hvigorfile, no custom plugins were found in C:\Users\31293\Desktop\text-effects-master\entry\hvigorfile.ts
[2026-05-19T20:49:25.021] [DEBUG] debug-file - hvigorfile, resolve finished C:\Users\31293\Desktop\text-effects-master\entry\hvigorfile.ts
[2026-05-19T20:49:25.103] [DEBUG] debug-file - hvigorfile, resolve hvigorfile dependencies in 82 ms 
[2026-05-19T20:49:25.104] [DEBUG] debug-file - project has submodules:entry
[2026-05-19T20:49:25.106] [DEBUG] debug-file - start to load updatedOhPackageInfo to the disk
[2026-05-19T20:49:25.113] [DEBUG] debug-file - load to the disk finished
[2026-05-19T20:49:25.114] [DEBUG] debug-file - Start to initialize dependency information.
[2026-05-19T20:49:25.114] [DEBUG] debug-file - Module text-effects-master Collected Dependency: 
[2026-05-19T20:49:25.114] [DEBUG] debug-file - Module text-effects-master's total dependency: 0
[2026-05-19T20:49:25.115] [DEBUG] debug-file - Start to initialize dependency information.
[2026-05-19T20:49:25.116] [DEBUG] debug-file - Module entry Collected Dependency: 
[2026-05-19T20:49:25.116] [DEBUG] debug-file - Module entry's total dependency: 0
[2026-05-19T20:49:25.118] [DEBUG] debug-file - Configuration phase cost:166 ms 
[2026-05-19T20:49:25.119] [DEBUG] debug-file - Configuration task cost before running: 174 ms 
[2026-05-19T20:49:25.121] [DEBUG] debug-file - Executing task :entry:default@PreBuild
[2026-05-19T20:49:25.121] [DEBUG] debug-file - Task 'entry:default@PreBuild' cost while wrapping incremental declarations: 1 ms 
[2026-05-19T20:49:25.127] [DEBUG] debug-file - Incremental task entry:default@PreBuild pre-execution cost: 5 ms .
[2026-05-19T20:49:25.128] [DEBUG] debug-file - entry : default@PreBuild cost memory 0.30104827880859375
[2026-05-19T20:49:25.129] [INFO] debug-file - UP-TO-DATE :entry:default@PreBuild...  
[2026-05-19T20:49:25.129] [DEBUG] debug-file - Executing task :entry:default@CreateModuleInfo
[2026-05-19T20:49:25.130] [DEBUG] debug-file - Task 'entry:default@CreateModuleInfo' cost while wrapping incremental declarations: 1 ms 
[2026-05-19T20:49:25.130] [DEBUG] debug-file - entry : default@CreateModuleInfo cost memory 0.04732513427734375
[2026-05-19T20:49:25.130] [DEBUG] debug-file - runTaskFromQueue task cost before running: 186 ms 
[2026-05-19T20:49:25.130] [INFO] debug-file - Finished :entry:default@CreateModuleInfo... after 1 ms 
[2026-05-19T20:49:25.132] [DEBUG] debug-file - Executing task :entry:default@GenerateMetadata
[2026-05-19T20:49:25.132] [DEBUG] debug-file - Task 'entry:default@GenerateMetadata' cost while wrapping incremental declarations: 1 ms 
[2026-05-19T20:49:25.133] [DEBUG] debug-file - Incremental task entry:default@GenerateMetadata pre-execution cost: 1 ms .
[2026-05-19T20:49:25.133] [DEBUG] debug-file - entry : default@GenerateMetadata cost memory 0.09140777587890625
[2026-05-19T20:49:25.133] [INFO] debug-file - UP-TO-DATE :entry:default@GenerateMetadata...  
[2026-05-19T20:49:25.135] [DEBUG] debug-file - Executing task :entry:default@ConfigureCmake
[2026-05-19T20:49:25.135] [DEBUG] debug-file - entry : default@ConfigureCmake cost memory 0.016082763671875
[2026-05-19T20:49:25.135] [DEBUG] debug-file - runTaskFromQueue task cost before running: 191 ms 
[2026-05-19T20:49:25.136] [INFO] debug-file - Finished :entry:default@ConfigureCmake... after 1 ms 
[2026-05-19T20:49:25.137] [DEBUG] debug-file - Executing task :entry:default@MergeProfile
[2026-05-19T20:49:25.138] [DEBUG] debug-file - Task 'entry:default@MergeProfile' cost while wrapping incremental declarations: 1 ms 
[2026-05-19T20:49:25.142] [DEBUG] debug-file - Incremental task entry:default@MergeProfile pre-execution cost: 4 ms .
[2026-05-19T20:49:25.142] [DEBUG] debug-file - entry : default@MergeProfile cost memory 0.12465667724609375
[2026-05-19T20:49:25.143] [INFO] debug-file - UP-TO-DATE :entry:default@MergeProfile...  
[2026-05-19T20:49:25.145] [DEBUG] debug-file - Executing task :entry:default@CreateBuildProfile
[2026-05-19T20:49:25.147] [DEBUG] debug-file - Task 'entry:default@CreateBuildProfile' cost while wrapping incremental declarations: 2 ms 
[2026-05-19T20:49:25.150] [DEBUG] debug-file - Incremental task entry:default@CreateBuildProfile pre-execution cost: 3 ms .
[2026-05-19T20:49:25.151] [DEBUG] debug-file - entry : default@CreateBuildProfile cost memory 0.09891510009765625
[2026-05-19T20:49:25.152] [INFO] debug-file - UP-TO-DATE :entry:default@CreateBuildProfile...  
[2026-05-19T20:49:25.157] [DEBUG] debug-file - Executing task :entry:default@PreCheckSyscap
[2026-05-19T20:49:25.157] [DEBUG] debug-file - entry : default@PreCheckSyscap cost memory 0.01630401611328125
[2026-05-19T20:49:25.159] [DEBUG] debug-file - runTaskFromQueue task cost before running: 214 ms 
[2026-05-19T20:49:25.160] [INFO] debug-file - Finished :entry:default@PreCheckSyscap... after 2 ms 
[2026-05-19T20:49:25.163] [DEBUG] debug-file - Executing task :entry:default@GeneratePkgContextInfo
[2026-05-19T20:49:25.168] [DEBUG] debug-file - Task 'entry:default@GeneratePkgContextInfo' cost while wrapping incremental declarations: 1 ms 
[2026-05-19T20:49:25.168] [DEBUG] debug-file - entry : default@GeneratePkgContextInfo cost memory 0.230072021484375
[2026-05-19T20:49:25.168] [DEBUG] debug-file - runTaskFromQueue task cost before running: 224 ms 
[2026-05-19T20:49:25.169] [INFO] debug-file - Finished :entry:default@GeneratePkgContextInfo... after 6 ms 
[2026-05-19T20:49:25.177] [DEBUG] debug-file - Executing task :entry:default@ProcessIntegratedHsp
[2026-05-19T20:49:25.178] [DEBUG] debug-file - entry:default@ProcessIntegratedHsp is not up-to-date, since the output file 'C:\Users\31293\Desktop\text-effects-master\build\cache\default\integrated_hsp\integratedHspCache.json' does not exist.
[2026-05-19T20:49:25.178] [DEBUG] debug-file - Incremental task entry:default@ProcessIntegratedHsp pre-execution cost: 1 ms .
[2026-05-19T20:49:25.178] [DEBUG] debug-file - entry : default@ProcessIntegratedHsp cost memory 0.0642547607421875
[2026-05-19T20:49:25.179] [DEBUG] debug-file - runTaskFromQueue task cost before running: 234 ms 
[2026-05-19T20:49:25.179] [INFO] debug-file - Finished :entry:default@ProcessIntegratedHsp... after 3 ms 
[2026-05-19T20:49:25.182] [DEBUG] debug-file - Executing task :entry:default@BuildNativeWithCmake
[2026-05-19T20:49:25.183] [DEBUG] debug-file - entry : default@BuildNativeWithCmake cost memory 0.01712799072265625
[2026-05-19T20:49:25.183] [DEBUG] debug-file - runTaskFromQueue task cost before running: 239 ms 
[2026-05-19T20:49:25.184] [INFO] debug-file - Finished :entry:default@BuildNativeWithCmake... after 1 ms 
[2026-05-19T20:49:25.186] [DEBUG] debug-file - Executing task :entry:default@MakePackInfo
[2026-05-19T20:49:25.188] [DEBUG] debug-file - Incremental task entry:default@MakePackInfo pre-execution cost: 2 ms .
[2026-05-19T20:49:25.189] [DEBUG] debug-file - entry : default@MakePackInfo cost memory 0.1031494140625
[2026-05-19T20:49:25.190] [INFO] debug-file - UP-TO-DATE :entry:default@MakePackInfo...  
[2026-05-19T20:49:25.194] [DEBUG] debug-file - Executing task :entry:default@SyscapTransform
[2026-05-19T20:49:25.194] [DEBUG] debug-file - File: 'C:\Users\31293\Desktop\text-effects-master\entry\src\main\syscap.json' from 'sysCapJsonPath' is not exists, just ignore.
[2026-05-19T20:49:25.194] [DEBUG] debug-file - Task 'entry:default@SyscapTransform' cost while wrapping incremental declarations: 1 ms 
[2026-05-19T20:49:25.196] [DEBUG] debug-file - entry:default@SyscapTransform is not up-to-date, since the output file 'C:\Users\31293\Desktop\text-effects-master\entry\build\default\intermediates\syscap\default\rpcid.sc' does not exist.
[2026-05-19T20:49:25.196] [DEBUG] debug-file - Incremental task entry:default@SyscapTransform pre-execution cost: 2 ms .
[2026-05-19T20:49:25.196] [DEBUG] debug-file - entry : default@SyscapTransform cost memory 0.14774322509765625
[2026-05-19T20:49:25.196] [DEBUG] debug-file - runTaskFromQueue task cost before running: 252 ms 
[2026-05-19T20:49:25.196] [INFO] debug-file - Finished :entry:default@SyscapTransform... after 3 ms 
[2026-05-19T20:49:25.199] [DEBUG] debug-file - Executing task :entry:default@ProcessProfile
[2026-05-19T20:49:25.200] [DEBUG] debug-file - Task 'entry:default@ProcessProfile' cost while wrapping incremental declarations: 1 ms 
[2026-05-19T20:49:25.201] [DEBUG] debug-file - Incremental task entry:default@ProcessProfile pre-execution cost: 1 ms .
[2026-05-19T20:49:25.201] [DEBUG] debug-file - entry : default@ProcessProfile cost memory 0.13024139404296875
[2026-05-19T20:49:25.202] [INFO] debug-file - UP-TO-DATE :entry:default@ProcessProfile...  
[2026-05-19T20:49:25.204] [DEBUG] debug-file - Executing task :entry:default@ProcessRouterMap
[2026-05-19T20:49:25.213] [DEBUG] debug-file - Incremental task entry:default@ProcessRouterMap pre-execution cost: 7 ms .
[2026-05-19T20:49:25.216] [DEBUG] debug-file - entry : default@ProcessRouterMap cost memory 0.13661956787109375
[2026-05-19T20:49:25.217] [INFO] debug-file - UP-TO-DATE :entry:default@ProcessRouterMap...  
[2026-05-19T20:49:25.219] [DEBUG] debug-file - Executing task :entry:default@ProcessShareConfig
[2026-05-19T20:49:25.223] [DEBUG] debug-file - Incremental task entry:default@ProcessShareConfig pre-execution cost: 4 ms .
[2026-05-19T20:49:25.223] [DEBUG] debug-file - entry : default@ProcessShareConfig cost memory 0.11362457275390625
[2026-05-19T20:49:25.224] [INFO] debug-file - UP-TO-DATE :entry:default@ProcessShareConfig...  
[2026-05-19T20:49:25.228] [DEBUG] debug-file - Executing task :entry:default@ProcessStartupConfig
[2026-05-19T20:49:25.228] [DEBUG] debug-file - Task 'entry:default@ProcessStartupConfig' cost while wrapping incremental declarations: 1 ms 
[2026-05-19T20:49:25.230] [DEBUG] debug-file - entry:default@ProcessStartupConfig is not up-to-date, since the output file 'C:\Users\31293\Desktop\text-effects-master\entry\build\default\intermediates\startup\default\startup_config.json' does not exist.
[2026-05-19T20:49:25.231] [DEBUG] debug-file - Incremental task entry:default@ProcessStartupConfig pre-execution cost: 2 ms .
[2026-05-19T20:49:25.231] [DEBUG] debug-file - entry : default@ProcessStartupConfig cost memory 0.10540008544921875
[2026-05-19T20:49:25.232] [DEBUG] debug-file - runTaskFromQueue task cost before running: 288 ms 
[2026-05-19T20:49:25.233] [INFO] debug-file - Finished :entry:default@ProcessStartupConfig... after 5 ms 
[2026-05-19T20:49:25.237] [DEBUG] debug-file - Executing task :entry:default@BuildNativeWithNinja
[2026-05-19T20:49:25.237] [DEBUG] debug-file - entry : default@BuildNativeWithNinja cost memory 0.02408599853515625
[2026-05-19T20:49:25.237] [DEBUG] debug-file - runTaskFromQueue task cost before running: 293 ms 
[2026-05-19T20:49:25.238] [INFO] debug-file - Finished :entry:default@BuildNativeWithNinja... after 1 ms 
[2026-05-19T20:49:25.240] [DEBUG] debug-file - restool module names: entry; moduleName=entry, taskName=default@ProcessResource
[2026-05-19T20:49:25.243] [DEBUG] debug-file - Executing task :entry:default@ProcessResource
[2026-05-19T20:49:25.244] [DEBUG] debug-file - Task 'entry:default@ProcessResource' cost while wrapping incremental declarations: 1 ms 
[2026-05-19T20:49:25.245] [DEBUG] debug-file - Incremental task entry:default@ProcessResource pre-execution cost: 1 ms .
[2026-05-19T20:49:25.245] [DEBUG] debug-file - entry : default@ProcessResource cost memory 0.14231109619140625
[2026-05-19T20:49:25.247] [INFO] debug-file - UP-TO-DATE :entry:default@ProcessResource...  
[2026-05-19T20:49:25.249] [DEBUG] debug-file - Executing task :entry:default@GenerateLoaderJson
[2026-05-19T20:49:25.249] [DEBUG] debug-file - Task 'entry:default@GenerateLoaderJson' cost while wrapping incremental declarations: 1 ms 
[2026-05-19T20:49:25.256] [DEBUG] debug-file - Incremental task entry:default@GenerateLoaderJson pre-execution cost: 4 ms .
[2026-05-19T20:49:25.256] [DEBUG] debug-file - entry : default@GenerateLoaderJson cost memory 0.47251129150390625
[2026-05-19T20:49:25.263] [INFO] debug-file - UP-TO-DATE :entry:default@GenerateLoaderJson...  
[2026-05-19T20:49:25.267] [DEBUG] debug-file - Executing task :entry:default@ProcessLibs
[2026-05-19T20:49:25.277] [DEBUG] debug-file - Incremental task entry:default@ProcessLibs pre-execution cost: 7 ms .
[2026-05-19T20:49:25.277] [DEBUG] debug-file - entry : default@ProcessLibs cost memory 0.10678863525390625
[2026-05-19T20:49:25.280] [INFO] debug-file - UP-TO-DATE :entry:default@ProcessLibs...  
[2026-05-19T20:49:25.288] [DEBUG] debug-file - restool module names: entry; moduleName=entry, taskName=default@CompileResource
[2026-05-19T20:49:25.289] [DEBUG] debug-file - Executing task :entry:default@CompileResource
[2026-05-19T20:49:25.317] [DEBUG] debug-file - Incremental task entry:default@CompileResource pre-execution cost: 17 ms .
[2026-05-19T20:49:25.318] [DEBUG] debug-file - entry : default@CompileResource cost memory -6.035041809082031
[2026-05-19T20:49:25.319] [INFO] debug-file - UP-TO-DATE :entry:default@CompileResource...  
[2026-05-19T20:49:25.321] [DEBUG] debug-file - Executing task :entry:default@DoNativeStrip
[2026-05-19T20:49:25.322] [DEBUG] debug-file - Task 'entry:default@DoNativeStrip' cost while wrapping incremental declarations: 1 ms 
[2026-05-19T20:49:25.323] [DEBUG] debug-file - Incremental task entry:default@DoNativeStrip pre-execution cost: 1 ms .
[2026-05-19T20:49:25.323] [DEBUG] debug-file - entry : default@DoNativeStrip cost memory 0.08370208740234375
[2026-05-19T20:49:25.324] [INFO] debug-file - UP-TO-DATE :entry:default@DoNativeStrip...  
[2026-05-19T20:49:25.327] [DEBUG] debug-file - Executing task :entry:default@CompileArkTS
[2026-05-19T20:49:25.328] [DEBUG] debug-file - obfuscationOptions: undefined
[2026-05-19T20:49:25.331] [DEBUG] debug-file - Task 'entry:default@CompileArkTS' cost while wrapping incremental declarations: 1 ms 
[2026-05-19T20:49:25.348] [DEBUG] debug-file - Incremental task entry:default@CompileArkTS pre-execution cost: 12 ms .
[2026-05-19T20:49:25.348] [DEBUG] debug-file - entry : default@CompileArkTS cost memory 0.522216796875
[2026-05-19T20:49:25.353] [INFO] debug-file - UP-TO-DATE :entry:default@CompileArkTS...  
[2026-05-19T20:49:25.356] [DEBUG] debug-file - Executing task :entry:default@BuildJS
[2026-05-19T20:49:25.357] [DEBUG] debug-file - Task 'entry:default@BuildJS' cost while wrapping incremental declarations: 1 ms 
[2026-05-19T20:49:25.365] [DEBUG] debug-file - entry : default@BuildJS cost memory 0.1605224609375
[2026-05-19T20:49:25.366] [DEBUG] debug-file - runTaskFromQueue task cost before running: 421 ms 
[2026-05-19T20:49:25.366] [INFO] debug-file - Finished :entry:default@BuildJS... after 10 ms 
[2026-05-19T20:49:25.368] [DEBUG] debug-file - Executing task :entry:default@CacheNativeLibs
[2026-05-19T20:49:25.369] [DEBUG] debug-file - Task 'entry:default@CacheNativeLibs' cost while wrapping incremental declarations: 1 ms 
[2026-05-19T20:49:25.371] [DEBUG] debug-file - Incremental task entry:default@CacheNativeLibs pre-execution cost: 2 ms .
[2026-05-19T20:49:25.371] [DEBUG] debug-file - entry : default@CacheNativeLibs cost memory 0.0986785888671875
[2026-05-19T20:49:25.372] [INFO] debug-file - UP-TO-DATE :entry:default@CacheNativeLibs...  
[2026-05-19T20:49:25.374] [DEBUG] debug-file - Executing task :entry:default@GeneratePkgModuleJson
[2026-05-19T20:49:25.374] [DEBUG] debug-file - File: 'C:\Users\31293\Desktop\text-effects-master\entry\build\default\intermediates\preload\default\preload.json' from 'preloadSoJsonPath' is not exists, just ignore.
[2026-05-19T20:49:25.376] [DEBUG] debug-file - Error occurs while handling @Input 'shouldDeduplicateHar': The "data" argument must be of type string or an instance of Buffer, TypedArray, or DataView. Received undefined
[2026-05-19T20:49:25.376] [DEBUG] debug-file - Task 'entry:default@GeneratePkgModuleJson' cost while wrapping incremental declarations: 3 ms 
[2026-05-19T20:49:25.377] [DEBUG] debug-file - Incremental task entry:default@GeneratePkgModuleJson pre-execution cost: 1 ms .
[2026-05-19T20:49:25.378] [DEBUG] debug-file - entry : default@GeneratePkgModuleJson cost memory 0.11460113525390625
[2026-05-19T20:49:25.378] [INFO] debug-file - UP-TO-DATE :entry:default@GeneratePkgModuleJson...  
[2026-05-19T20:49:25.380] [DEBUG] debug-file - Executing task :entry:default@ProcessCompiledResources
[2026-05-19T20:49:25.381] [DEBUG] debug-file - File: 'C:\Users\31293\Desktop\text-effects-master\entry\build\default\intermediates\preload\default\preload.json' from 'preloadSoJsonPath' is not exists, just ignore.
[2026-05-19T20:49:25.381] [DEBUG] debug-file - Task 'entry:default@ProcessCompiledResources' cost while wrapping incremental declarations: 1 ms 
[2026-05-19T20:49:25.383] [DEBUG] debug-file - entry : default@ProcessCompiledResources cost memory 0.0686798095703125
[2026-05-19T20:49:25.383] [DEBUG] debug-file - runTaskFromQueue task cost before running: 439 ms 
[2026-05-19T20:49:25.384] [INFO] debug-file - Finished :entry:default@ProcessCompiledResources... after 4 ms 
[2026-05-19T20:49:25.388] [DEBUG] debug-file - Executing task :entry:default@PackageHap
[2026-05-19T20:49:25.403] [DEBUG] debug-file - Incremental task entry:default@PackageHap pre-execution cost: 11 ms .
[2026-05-19T20:49:25.404] [DEBUG] debug-file - entry : default@PackageHap cost memory 0.4096527099609375
[2026-05-19T20:49:25.405] [INFO] debug-file - UP-TO-DATE :entry:default@PackageHap...  
[2026-05-19T20:49:25.407] [DEBUG] debug-file - Executing task :entry:default@PackingCheck
[2026-05-19T20:49:25.418] [DEBUG] debug-file - entry : default@PackingCheck cost memory 0.6359024047851562
[2026-05-19T20:49:25.418] [DEBUG] debug-file - runTaskFromQueue task cost before running: 474 ms 
[2026-05-19T20:49:25.419] [INFO] debug-file - Finished :entry:default@PackingCheck... after 11 ms 
[2026-05-19T20:49:25.421] [DEBUG] debug-file - Executing task :entry:default@SignHap
[2026-05-19T20:49:25.421] [WARN] debug-file - Will skip sign 'hos_hap'. No signingConfigs profile is configured in current project.
             If needed, configure the signingConfigs in C:\Users\31293\Desktop\text-effects-master\build-profile.json5.
[2026-05-19T20:49:25.422] [DEBUG] debug-file - entry:default@SignHap is not up-to-date, since the output file 'C:\Users\31293\Desktop\text-effects-master\entry\build\default\outputs\default\entry-default-signed.hap' does not exist.
[2026-05-19T20:49:25.422] [DEBUG] debug-file - Incremental task entry:default@SignHap pre-execution cost: 1 ms .
[2026-05-19T20:49:25.423] [DEBUG] debug-file - entry : default@SignHap cost memory 0.1017608642578125
[2026-05-19T20:49:25.423] [DEBUG] debug-file - runTaskFromQueue task cost before running: 479 ms 
[2026-05-19T20:49:25.423] [INFO] debug-file - Finished :entry:default@SignHap... after 3 ms 
[2026-05-19T20:49:25.427] [DEBUG] debug-file - Executing task :entry:default@CollectDebugSymbol
[2026-05-19T20:49:25.428] [DEBUG] debug-file - entry : default@CollectDebugSymbol cost memory 0.0992431640625
[2026-05-19T20:49:25.428] [DEBUG] debug-file - runTaskFromQueue task cost before running: 484 ms 
[2026-05-19T20:49:25.428] [INFO] debug-file - Finished :entry:default@CollectDebugSymbol... after 2 ms 
[2026-05-19T20:49:25.429] [DEBUG] debug-file - Executing task :entry:assembleHap
[2026-05-19T20:49:25.429] [DEBUG] debug-file - entry : assembleHap cost memory 0.01419830322265625
[2026-05-19T20:49:25.430] [DEBUG] debug-file - runTaskFromQueue task cost before running: 485 ms 
[2026-05-19T20:49:25.431] [INFO] debug-file - Finished :entry:assembleHap... after 1 ms 
[2026-05-19T20:49:25.448] [INFO] debug-file - BUILD SUCCESSFUL in 504 ms 
[2026-05-19T20:49:25.449] [DEBUG] debug-file - There is no need to refresh cache, since the incremental task entry:default@PreBuild is up-to-date.
[2026-05-19T20:49:25.449] [DEBUG] debug-file - Update task entry:default@CreateModuleInfo output file:C:\Users\31293\Desktop\text-effects-master\entry\build\default\generated\profile\default\ModuleInfo.ts cache.
[2026-05-19T20:49:25.450] [DEBUG] debug-file - Incremental task entry:default@CreateModuleInfo post-execution cost:1 ms .
[2026-05-19T20:49:25.450] [DEBUG] debug-file - There is no need to refresh cache, since the incremental task entry:default@GenerateMetadata is up-to-date.
[2026-05-19T20:49:25.450] [DEBUG] debug-file - There is no need to refresh cache, since the incremental task entry:default@MergeProfile is up-to-date.
[2026-05-19T20:49:25.450] [DEBUG] debug-file - There is no need to refresh cache, since the incremental task entry:default@CreateBuildProfile is up-to-date.
[2026-05-19T20:49:25.450] [DEBUG] debug-file - Update task entry:default@GeneratePkgContextInfo output file:C:\Users\31293\Desktop\text-effects-master\entry\build\default\intermediates\loader\default\pkgContextInfo.json cache.
[2026-05-19T20:49:25.451] [DEBUG] debug-file - Incremental task entry:default@GeneratePkgContextInfo post-execution cost:1 ms .
[2026-05-19T20:49:25.451] [DEBUG] debug-file - Update task entry:default@ProcessIntegratedHsp output file:C:\Users\31293\Desktop\text-effects-master\build\cache\default\integrated_hsp\integratedHspCache.json cache.
[2026-05-19T20:49:25.451] [DEBUG] debug-file - Incremental task entry:default@ProcessIntegratedHsp post-execution cost:1 ms .
[2026-05-19T20:49:25.452] [DEBUG] debug-file - There is no need to refresh cache, since the incremental task entry:default@MakePackInfo is up-to-date.
[2026-05-19T20:49:25.452] [DEBUG] debug-file - Update task entry:default@SyscapTransform input file:C:\Program Files\Huawei\DevEco Studio\sdk\default\openharmony\toolchains\syscap_tool.exe cache by regenerate.
[2026-05-19T20:49:25.453] [DEBUG] debug-file - Update task entry:default@SyscapTransform input file:C:\Program Files\Huawei\DevEco Studio\sdk\default\openharmony\ets\api\device-define cache by regenerate.
[2026-05-19T20:49:25.454] [DEBUG] debug-file - Update task entry:default@SyscapTransform output file:C:\Users\31293\Desktop\text-effects-master\entry\build\default\intermediates\syscap\default\rpcid.sc cache.
[2026-05-19T20:49:25.455] [DEBUG] debug-file - Incremental task entry:default@SyscapTransform post-execution cost:3 ms .
[2026-05-19T20:49:25.455] [DEBUG] debug-file - There is no need to refresh cache, since the incremental task entry:default@ProcessProfile is up-to-date.
[2026-05-19T20:49:25.455] [DEBUG] debug-file - There is no need to refresh cache, since the incremental task entry:default@ProcessRouterMap is up-to-date.
[2026-05-19T20:49:25.455] [DEBUG] debug-file - There is no need to refresh cache, since the incremental task entry:default@ProcessShareConfig is up-to-date.
[2026-05-19T20:49:25.456] [DEBUG] debug-file - Update task entry:default@ProcessStartupConfig output file:C:\Users\31293\Desktop\text-effects-master\entry\build\default\intermediates\startup\default\startup_config.json cache.
[2026-05-19T20:49:25.457] [DEBUG] debug-file - Incremental task entry:default@ProcessStartupConfig post-execution cost:2 ms .
[2026-05-19T20:49:25.457] [DEBUG] debug-file - There is no need to refresh cache, since the incremental task entry:default@ProcessResource is up-to-date.
[2026-05-19T20:49:25.457] [DEBUG] debug-file - There is no need to refresh cache, since the incremental task entry:default@GenerateLoaderJson is up-to-date.
[2026-05-19T20:49:25.457] [DEBUG] debug-file - There is no need to refresh cache, since the incremental task entry:default@ProcessLibs is up-to-date.
[2026-05-19T20:49:25.458] [DEBUG] debug-file - There is no need to refresh cache, since the incremental task entry:default@CompileResource is up-to-date.
[2026-05-19T20:49:25.458] [DEBUG] debug-file - There is no need to refresh cache, since the incremental task entry:default@DoNativeStrip is up-to-date.
[2026-05-19T20:49:25.459] [DEBUG] debug-file - There is no need to refresh cache, since the incremental task entry:default@CompileArkTS is up-to-date.
[2026-05-19T20:49:25.461] [DEBUG] debug-file - Update task entry:default@BuildJS input file:C:\Users\31293\Desktop\text-effects-master\entry\build\default\intermediates\loader\default cache by regenerate.
[2026-05-19T20:49:25.462] [DEBUG] debug-file - Update task entry:default@BuildJS input file:C:\Users\31293\Desktop\text-effects-master\entry\build\default\intermediates\res\default\ResourceTable.txt cache by regenerate.
[2026-05-19T20:49:25.462] [DEBUG] debug-file - Update task entry:default@BuildJS input file:C:\Users\31293\Desktop\text-effects-master\entry\build\default\intermediates\res\default\ark_module.json cache by regenerate.
[2026-05-19T20:49:25.463] [DEBUG] debug-file - Update task entry:default@BuildJS input file:C:\Users\31293\Desktop\text-effects-master\entry\build\default\intermediates\res\default\resources\base\profile cache by regenerate.
[2026-05-19T20:49:25.463] [DEBUG] debug-file - Update task entry:default@BuildJS output file:C:\Users\31293\Desktop\text-effects-master\entry\build\default\intermediates\loader_out\default\js cache.
[2026-05-19T20:49:25.463] [DEBUG] debug-file - Incremental task entry:default@BuildJS post-execution cost:4 ms .
[2026-05-19T20:49:25.464] [DEBUG] debug-file - There is no need to refresh cache, since the incremental task entry:default@CacheNativeLibs is up-to-date.
[2026-05-19T20:49:25.464] [DEBUG] debug-file - There is no need to refresh cache, since the incremental task entry:default@GeneratePkgModuleJson is up-to-date.
[2026-05-19T20:49:25.464] [DEBUG] debug-file - Incremental task entry:default@ProcessCompiledResources post-execution cost:1 ms .
[2026-05-19T20:49:25.465] [DEBUG] debug-file - There is no need to refresh cache, since the incremental task entry:default@PackageHap is up-to-date.
[2026-05-19T20:49:25.465] [DEBUG] debug-file - Update task entry:default@SignHap input file:C:\Users\31293\Desktop\text-effects-master\entry\build\default\outputs\default\entry-default-unsigned.hap cache by regenerate.
[2026-05-19T20:49:25.465] [DEBUG] debug-file - Update task entry:default@SignHap output file:C:\Users\31293\Desktop\text-effects-master\entry\build\default\outputs\default\entry-default-signed.hap cache.
[2026-05-19T20:49:25.466] [DEBUG] debug-file - Incremental task entry:default@SignHap post-execution cost:2 ms .
[2026-05-19T20:49:25.466] [DEBUG] debug-file - Update task entry:default@CollectDebugSymbol input file:C:\Users\31293\Desktop\text-effects-master\entry\build\default\intermediates\loader_out\default\ets\sourceMaps.map cache by regenerate.
[2026-05-19T20:49:25.467] [DEBUG] debug-file - Update task entry:default@CollectDebugSymbol input file:C:\Users\31293\Desktop\text-effects-master\entry\build\default\intermediates\libs\default cache by regenerate.
[2026-05-19T20:49:25.467] [DEBUG] debug-file - Update task entry:default@CollectDebugSymbol output file:C:\Users\31293\Desktop\text-effects-master\entry\build\default\outputs\default\symbol cache.
[2026-05-19T20:49:25.468] [DEBUG] debug-file - Incremental task entry:default@CollectDebugSymbol post-execution cost:2 ms .
[2026-05-19T20:49:25.499] [DEBUG] debug-file - hvigor build process will be closed.
[2026-05-19T20:49:25.506] [DEBUG] debug-file - session manager: send message to worker process.
[2026-05-19T20:49:25.507] [DEBUG] debug-file - session manager: send message to worker process.
[2026-05-19T20:49:25.596] [DEBUG] debug-file - watch worker: worker id should be larger than 0. Nothing will be sent to any worker thread.
[2026-05-19T20:49:25.596] [DEBUG] debug-file - watch worker: worker id should be larger than 0. Nothing will be sent to any worker thread.
[2026-06-02T17:13:16.316] [DEBUG] debug-file - env: nodejsVersion=v18.20.1
[2026-06-02T17:13:21.414] [DEBUG] debug-file - Hvigor init with startParameters:{
  hvigorfileTypeCheck: false,
  parallelExecution: true,
  incrementalExecution: true,
  printStackTrace: false,
  daemon: false,
  analyze: 0,
  logLevel: Level { level: 20000, levelStr: 'INFO', colour: 'green' },
  optimizationStrategy: 'memory',
  hotCompile: undefined,
  hotReloadBuild: undefined,
  customizedParam: undefined
}
[2026-06-02T17:13:58.740] [DEBUG] debug-file - hvigorfile, require result:  { default: { system: [Function: appTasks], plugins: [] } }
[2026-06-02T17:13:58.743] [DEBUG] debug-file - Starting plugin build process
[2026-06-02T17:13:58.971] [DEBUG] debug-file - Start initialize project's product build option map with build mode debug.
[2026-06-02T17:13:58.968] [DEBUG] debug-file - App plugin register hook start...
[2026-06-02T17:13:58.984] [DEBUG] debug-file - Obtain build option for product 'default'in this build.
[2026-06-02T17:13:59.011] [DEBUG] debug-file - Start recording SDK configuration permission data.
[2026-06-02T17:13:59.090] [DEBUG] debug-file - Start initialize module-target build option map, moduleName=entry, buildMode=debug
[2026-06-02T17:13:59.064] [DEBUG] debug-file - Project task initialization takes 7 ms 
[2026-06-02T17:13:59.077] [DEBUG] debug-file - failed to load cangjie to dynamically generate schemas: Error: Cannot find module '@ohos/cangjie-build-support/index'
Require stack:
- C:\Program Files\Huawei\DevEco Studio\tools\hvigor\hvigor-ohos-plugin\src\plugin\hooks\cangjie-register.js
- C:\Program Files\Huawei\DevEco Studio\tools\hvigor\hvigor-ohos-plugin\src\plugin\strategy\stage-init-strategy.js
- C:\Program Files\Huawei\DevEco Studio\tools\hvigor\hvigor-ohos-plugin\src\plugin\builder\abstract-plugin-builder.js
- C:\Program Files\Huawei\DevEco Studio\tools\hvigor\hvigor-ohos-plugin\src\plugin\builder\app-plugin-builder.js
- C:\Program Files\Huawei\DevEco Studio\tools\hvigor\hvigor-ohos-plugin\src\plugin\factory\plugin-factory.js
- C:\Program Files\Huawei\DevEco Studio\tools\hvigor\hvigor-ohos-plugin\index.js
- C:\Users\31293\Desktop\workplace\text-effects-master-upgraded-multidevice\hvigorfile.ts
- C:\Program Files\Huawei\DevEco Studio\tools\hvigor\hvigor\src\base\internal\lifecycle\configuration.js
- C:\Program Files\Huawei\DevEco Studio\tools\hvigor\hvigor\src\base\boot\index.js
- C:\Program Files\Huawei\DevEco Studio\tools\hvigor\hvigor\src\cli\main\cli.js
- C:\Program Files\Huawei\DevEco Studio\tools\hvigor\hvigor\bin\hvigor.js
[2026-06-02T17:13:59.123] [DEBUG] debug-file - Start to initialize dependency information.
[2026-06-02T17:13:59.110] [DEBUG] debug-file - start to load updatedOhPackageInfo to the disk
[2026-06-02T17:13:16.317] [DEBUG] debug-file - env: hvigor-config.json5 content = {
  modelVersion: '5.0.0',
  dependencies: {},
  execution: {},
  logging: {},
  debugging: {},
  nodeOptions: {}
}
[2026-06-02T17:13:59.096] [DEBUG] debug-file - project has submodules:entry
[2026-06-02T17:13:21.467] [DEBUG] debug-file - Cache service initialization finished in 53 ms 
[2026-06-02T17:13:59.202] [DEBUG] debug-file - Create  resident worker with id: 0.
[2026-06-02T17:13:58.741] [DEBUG] debug-file - hvigorfile, binding system plugins [Function: appTasks]
[2026-06-02T17:13:58.743] [DEBUG] debug-file - App plugin prepare start...
[2026-06-02T17:13:58.971] [DEBUG] debug-file - Picking option from product 'default' with build mode 'debug'.
[2026-06-02T17:13:58.969] [DEBUG] debug-file - App plugin register hook end...
[2026-06-02T17:13:58.987] [DEBUG] debug-file - No signingConfig found, initRemoteHspCache failed.
[2026-06-02T17:13:59.056] [DEBUG] debug-file - Sdk init in 66 ms 
[2026-06-02T17:13:59.090] [DEBUG] debug-file - Target 'default' config initialized
[2026-06-02T17:13:59.064] [DEBUG] debug-file - hvigorfile, binding custom plugins []
[2026-06-02T17:13:59.125] [DEBUG] debug-file - Module entry Collected Dependency: 
[2026-06-02T17:13:59.116] [DEBUG] debug-file - load to the disk finished
[2026-06-02T17:13:16.319] [DEBUG] debug-file - env: daemon=false
[2026-06-02T17:13:21.470] [DEBUG] debug-file - hvigorfile, resolving C:\Users\31293\Desktop\workplace\text-effects-master-upgraded-multidevice\hvigorfile.ts
[2026-06-02T17:13:59.204] [DEBUG] debug-file - Create  resident worker with id: 1.
[2026-06-02T17:13:58.743] [DEBUG] debug-file - App plugin prepare end...
[2026-06-02T17:13:58.972] [DEBUG] debug-file - Product 'default' build option initialized
[2026-06-02T17:13:58.969] [DEBUG] debug-file - Plugin build process completed
[2026-06-02T17:13:58.992] [DEBUG] debug-file - Local scan or download HarmonyOS sdk components toolchains,ets,js,native,previewer
[2026-06-02T17:13:59.064] [DEBUG] debug-file - hvigorfile, no custom plugins were found in C:\Users\31293\Desktop\workplace\text-effects-master-upgraded-multidevice\hvigorfile.ts
[2026-06-02T17:13:59.125] [DEBUG] debug-file - Module entry's total dependency: 0
[2026-06-02T17:13:59.117] [DEBUG] debug-file - Start to initialize dependency information.
[2026-06-02T17:13:16.319] [DEBUG] debug-file - no-daemon, use the parent process.execArgv --max-old-space-size=8192,--max-semi-space-size=16,--expose-gc
[2026-06-02T17:13:59.206] [DEBUG] debug-file - Current worker pool is stopped or closed.
[2026-06-02T17:13:58.743] [DEBUG] debug-file - App plugin creating...
[2026-06-02T17:13:58.972] [DEBUG] debug-file - End initialize project's product build option map with build mode 'debug'.
[2026-06-02T17:13:58.998] [DEBUG] debug-file - Local scan or download hmscore sdk components toolchains,ets,native
[2026-06-02T17:13:59.090] [DEBUG] debug-file - Module 'entry' target 'default' build option initialized
[2026-06-02T17:13:59.065] [DEBUG] debug-file - hvigorfile, resolve finished C:\Users\31293\Desktop\workplace\text-effects-master-upgraded-multidevice\hvigorfile.ts
[2026-06-02T17:13:59.121] [DEBUG] debug-file - Module text-effects-master-upgraded-multidevice Collected Dependency: 
[2026-06-02T17:13:59.142] [DEBUG] debug-file - Configuration phase cost:37 s 675 ms 
[2026-06-02T17:13:59.206] [DEBUG] debug-file - Clear worker 0.
[2026-06-02T17:13:59.090] [DEBUG] debug-file - End initialize module-target build option map, moduleName=entry
[2026-06-02T17:13:59.065] [DEBUG] debug-file - hvigorfile, resolving C:\Users\31293\Desktop\workplace\text-effects-master-upgraded-multidevice\entry\hvigorfile.ts
[2026-06-02T17:13:59.145] [DEBUG] debug-file - Configuration task cost before running: 37 s 742 ms 
[2026-06-02T17:13:59.121] [DEBUG] debug-file - Module text-effects-master-upgraded-multidevice's total dependency: 0
[2026-06-02T17:13:59.206] [DEBUG] debug-file - Worker 0 has been cleared.
[2026-06-02T17:13:59.090] [DEBUG] debug-file - Start initialize module-target build option map, moduleName=entry, buildMode=release
[2026-06-02T17:13:59.075] [DEBUG] debug-file - hvigorfile, require result:  { default: { system: [Function: hapTasks], plugins: [] } }
[2026-06-02T17:13:59.146] [DEBUG] debug-file - Executing task :entry:init
[2026-06-02T17:13:59.206] [DEBUG] debug-file - Current idle worker size: 1.
[2026-06-02T17:13:59.206] [DEBUG] debug-file - Current busy worker size: 0.
[2026-06-02T17:13:59.075] [DEBUG] debug-file - hvigorfile, binding system plugins [Function: hapTasks]
[2026-06-02T17:13:59.091] [DEBUG] debug-file - Target 'default' config initialized
[2026-06-02T17:13:59.146] [DEBUG] debug-file - entry : init cost memory 0.02236175537109375
[2026-06-02T17:13:59.206] [DEBUG] debug-file - Clear worker 1.
[2026-06-02T17:13:59.075] [DEBUG] debug-file - Starting plugin build process
[2026-06-02T17:13:59.091] [DEBUG] debug-file - Module 'entry' target 'default' build option initialized
[2026-06-02T17:13:59.146] [DEBUG] debug-file - runTaskFromQueue task cost before running: 37 s 743 ms 
[2026-06-02T17:13:59.206] [DEBUG] debug-file - Worker 1 has been cleared.
[2026-06-02T17:13:59.075] [DEBUG] debug-file - Hap plugin creating...
[2026-06-02T17:13:59.091] [DEBUG] debug-file - End initialize module-target build option map, moduleName=entry
[2026-06-02T17:13:59.147] [INFO] debug-file - Finished :entry:init... after 1 ms 
[2026-06-02T17:13:59.206] [DEBUG] debug-file - Current idle worker size: 0.
[2026-06-02T17:13:59.091] [DEBUG] debug-file - Start initialize module-target build option map, moduleName=entry, buildMode=debug
[2026-06-02T17:13:59.148] [DEBUG] debug-file - Executing task ::init
[2026-06-02T17:13:59.206] [DEBUG] debug-file - Current busy worker size: 0.
[2026-06-02T17:13:59.091] [DEBUG] debug-file - Target 'default' config initialized
[2026-06-02T17:13:59.148] [DEBUG] debug-file - text-effects-master-upgraded-multidevice : init cost memory 0.01141357421875
[2026-06-02T17:13:59.207] [DEBUG] debug-file - hvigor build process will be closed.
[2026-06-02T17:13:59.091] [DEBUG] debug-file - Module 'entry' target 'default' build option initialized
[2026-06-02T17:13:59.148] [DEBUG] debug-file - runTaskFromQueue task cost before running: 37 s 745 ms 
[2026-06-02T17:13:59.091] [DEBUG] debug-file - End initialize module-target build option map, moduleName=entry
[2026-06-02T17:13:59.149] [INFO] debug-file - Finished ::init... after 1 ms 
[2026-06-02T17:13:59.091] [DEBUG] debug-file - Obtain build option for module 'entry' target 'default'in this build.
[2026-06-02T17:13:59.181] [DEBUG] debug-file - Obtain build option for module 'entry' target 'default'in this build.
[2026-06-02T17:13:59.095] [DEBUG] debug-file - Module entry task initialization takes 3 ms 
[2026-06-02T17:13:59.198] [DEBUG] debug-file - Since there is no instance or instance is terminated, create a new worker pool.
[2026-06-02T17:13:59.095] [DEBUG] debug-file - Hap plugin register hook start...
[2026-06-02T17:13:59.198] [DEBUG] debug-file - Worker pool is initialized with config:  {
  minPoolNum: 2,
  maxPoolNum: undefined,
  maxCoreSize: undefined,
  cacheCapacity: undefined,
  cacheTtl: undefined
}
[2026-06-02T17:13:59.095] [DEBUG] debug-file - Hap plugin register hook end...
[2026-06-02T17:13:59.095] [DEBUG] debug-file - Plugin build process completed
[2026-06-02T17:13:59.095] [DEBUG] debug-file - hvigorfile, binding custom plugins []
[2026-06-02T17:13:59.095] [DEBUG] debug-file - hvigorfile, no custom plugins were found in C:\Users\31293\Desktop\workplace\text-effects-master-upgraded-multidevice\entry\hvigorfile.ts
[2026-06-02T17:13:59.095] [DEBUG] debug-file - hvigorfile, resolve finished C:\Users\31293\Desktop\workplace\text-effects-master-upgraded-multidevice\entry\hvigorfile.ts
[2026-06-02T17:13:59.223] [DEBUG] debug-file - worker[0] exits with exit code 0.
[2026-06-02T17:13:59.229] [DEBUG] debug-file - Current worker pool is terminated.
[2026-06-02T17:13:59.229] [DEBUG] debug-file - worker[1] exits with exit code 0.
[2026-06-02T17:25:31.746] [DEBUG] debug-file - env: nodejsVersion=v18.20.1
[2026-06-02T17:25:32.054] [DEBUG] debug-file - env: daemon=true
[2026-06-02T17:25:31.748] [DEBUG] debug-file - env: hvigor-config.json5 content = {
  modelVersion: '5.0.0',
  dependencies: {},
  execution: {},
  logging: {},
  debugging: {},
  nodeOptions: {}
}
[2026-06-02T17:25:36.031] [DEBUG] debug-file - java daemon tryConnect failed Error: connect ECONNREFUSED 127.0.0.1:45050
[2026-06-02T17:25:36.049] [DEBUG] debug-file - java daemon started at port 45050 pid 250268
[2026-06-02T17:25:36.078] [DEBUG] debug-file - session manager: set active socket. socketId=ODyYDFCUcT4RQv51AAAB
[2026-06-02T17:25:37.211] [DEBUG] debug-file - watch worker: worker id should be larger than 0. Nothing will be sent to any worker thread.
[2026-06-02T17:25:37.218] [DEBUG] debug-file - Since there is no instance or instance is terminated, create a new worker pool.
[2026-06-02T17:25:37.218] [DEBUG] debug-file - Worker pool is initialized with config:  {
  minPoolNum: 2,
  maxPoolNum: undefined,
  maxCoreSize: undefined,
  cacheCapacity: undefined,
  cacheTtl: undefined
}
[2026-06-02T17:25:37.219] [DEBUG] debug-file - Create  resident worker with id: 0.
[2026-06-02T17:25:37.222] [DEBUG] debug-file - Create  resident worker with id: 1.
[2026-06-02T17:25:37.228] [DEBUG] debug-file - Workers' log level updated to INFO
[2026-06-02T17:25:37.239] [DEBUG] debug-file - Hvigor init with startParameters:{
  hvigorfileTypeCheck: false,
  parallelExecution: true,
  incrementalExecution: true,
  printStackTrace: false,
  daemon: true,
  analyze: 0,
  logLevel: Level { level: 20000, levelStr: 'INFO', colour: 'green' },
  optimizationStrategy: 'memory',
  hotCompile: undefined,
  hotReloadBuild: undefined,
  customizedParam: undefined
}
[2026-06-02T17:25:37.246] [DEBUG] debug-file - Cache service initialization finished in 7 ms 
[2026-06-02T17:25:37.250] [DEBUG] debug-file - hvigorfile, resolving C:\Users\31293\Desktop\workplace\text-effects-master-upgraded-multidevice\hvigorfile.ts
[2026-06-02T17:25:40.007] [DEBUG] debug-file - hvigorfile, require result:  { default: { plugins: [] } }
[2026-06-02T17:25:40.007] [DEBUG] debug-file - hvigorfile, binding system plugins null
[2026-06-02T17:25:40.008] [DEBUG] debug-file - Starting plugin build process
[2026-06-02T17:25:40.008] [DEBUG] debug-file - App plugin prepare start...
[2026-06-02T17:25:40.008] [DEBUG] debug-file - App plugin prepare end...
[2026-06-02T17:25:40.008] [DEBUG] debug-file - App plugin creating...
[2026-06-02T17:25:40.200] [DEBUG] debug-file - App plugin register hook start...
[2026-06-02T17:25:40.200] [DEBUG] debug-file - App plugin register hook end...
[2026-06-02T17:25:40.200] [DEBUG] debug-file - Plugin build process completed
[2026-06-02T17:25:40.202] [DEBUG] debug-file - Start initialize project's product build option map with build mode debug.
[2026-06-02T17:25:40.202] [DEBUG] debug-file - Picking option from product 'default' with build mode 'debug'.
[2026-06-02T17:25:40.202] [DEBUG] debug-file - Product 'default' build option initialized
[2026-06-02T17:25:40.202] [DEBUG] debug-file - End initialize project's product build option map with build mode 'debug'.
[2026-06-02T17:25:40.205] [DEBUG] debug-file - Obtain build option for product 'default'in this build.
[2026-06-02T17:25:40.207] [DEBUG] debug-file - No signingConfig found, initRemoteHspCache failed.
[2026-06-02T17:25:40.212] [DEBUG] debug-file - Local scan or download HarmonyOS sdk components toolchains,ets,js,native,previewer
[2026-06-02T17:25:40.214] [DEBUG] debug-file - Local scan or download hmscore sdk components toolchains,ets,native
[2026-06-02T17:25:40.217] [DEBUG] debug-file - Start recording SDK configuration permission data.
[2026-06-02T17:25:40.248] [DEBUG] debug-file - Sdk init in 38 ms 
[2026-06-02T17:25:40.256] [DEBUG] debug-file - Project task initialization takes 7 ms 
[2026-06-02T17:25:40.256] [DEBUG] debug-file - hvigorfile, binding custom plugins []
[2026-06-02T17:25:40.256] [DEBUG] debug-file - hvigorfile, no custom plugins were found in C:\Users\31293\Desktop\workplace\text-effects-master-upgraded-multidevice\hvigorfile.ts
[2026-06-02T17:25:40.256] [DEBUG] debug-file - hvigorfile, resolve finished C:\Users\31293\Desktop\workplace\text-effects-master-upgraded-multidevice\hvigorfile.ts
[2026-06-02T17:25:40.258] [DEBUG] debug-file - hvigorfile, resolving C:\Users\31293\Desktop\workplace\text-effects-master-upgraded-multidevice\entry\hvigorfile.ts
[2026-06-02T17:25:40.266] [DEBUG] debug-file - hvigorfile, require result:  { default: { plugins: [] } }
[2026-06-02T17:25:40.266] [DEBUG] debug-file - hvigorfile, binding system plugins null
[2026-06-02T17:25:40.267] [DEBUG] debug-file - Starting plugin build process
[2026-06-02T17:25:40.267] [DEBUG] debug-file - Hap plugin creating...
[2026-06-02T17:25:40.268] [DEBUG] debug-file - failed to load cangjie to dynamically generate schemas: Error: Cannot find module '@ohos/cangjie-build-support/index'
Require stack:
- C:\Program Files\Huawei\DevEco Studio\tools\hvigor\hvigor-ohos-plugin\src\plugin\hooks\cangjie-register.js
- C:\Program Files\Huawei\DevEco Studio\tools\hvigor\hvigor-ohos-plugin\src\plugin\strategy\stage-init-strategy.js
- C:\Program Files\Huawei\DevEco Studio\tools\hvigor\hvigor-ohos-plugin\src\plugin\builder\abstract-plugin-builder.js
- C:\Program Files\Huawei\DevEco Studio\tools\hvigor\hvigor-ohos-plugin\src\plugin\builder\app-plugin-builder.js
- C:\Program Files\Huawei\DevEco Studio\tools\hvigor\hvigor-ohos-plugin\src\plugin\factory\plugin-factory.js
- C:\Program Files\Huawei\DevEco Studio\tools\hvigor\hvigor-ohos-plugin\index.js
- C:\Users\31293\Desktop\workplace\text-effects-master-upgraded-multidevice\hvigorfile.ts
- C:\Program Files\Huawei\DevEco Studio\tools\hvigor\hvigor\src\base\internal\lifecycle\configuration.js
- C:\Program Files\Huawei\DevEco Studio\tools\hvigor\hvigor\src\base\boot\index.js
- C:\Program Files\Huawei\DevEco Studio\tools\hvigor\hvigor\src\base\daemon\cluster\worker-process-lifecycle.js
- C:\Program Files\Huawei\DevEco Studio\tools\hvigor\hvigor\src\base\daemon\process\daemon-process-boot-script.js
[2026-06-02T17:25:40.288] [DEBUG] debug-file - Start initialize module-target build option map, moduleName=entry, buildMode=debug
[2026-06-02T17:25:40.288] [DEBUG] debug-file - Target 'default' config initialized
[2026-06-02T17:25:40.289] [DEBUG] debug-file - Module 'entry' target 'default' build option initialized
[2026-06-02T17:25:40.289] [DEBUG] debug-file - End initialize module-target build option map, moduleName=entry
[2026-06-02T17:25:40.289] [DEBUG] debug-file - Start initialize module-target build option map, moduleName=entry, buildMode=release
[2026-06-02T17:25:40.289] [DEBUG] debug-file - Target 'default' config initialized
[2026-06-02T17:25:40.290] [DEBUG] debug-file - Module 'entry' target 'default' build option initialized
[2026-06-02T17:25:40.290] [DEBUG] debug-file - End initialize module-target build option map, moduleName=entry
[2026-06-02T17:25:40.290] [DEBUG] debug-file - Start initialize module-target build option map, moduleName=entry, buildMode=debug
[2026-06-02T17:25:40.290] [DEBUG] debug-file - Target 'default' config initialized
[2026-06-02T17:25:40.290] [DEBUG] debug-file - Module 'entry' target 'default' build option initialized
[2026-06-02T17:25:40.290] [DEBUG] debug-file - End initialize module-target build option map, moduleName=entry
[2026-06-02T17:25:40.290] [DEBUG] debug-file - Obtain build option for module 'entry' target 'default'in this build.
[2026-06-02T17:25:40.296] [DEBUG] debug-file - Module entry task initialization takes 6 ms 
[2026-06-02T17:25:40.297] [DEBUG] debug-file - Hap plugin register hook start...
[2026-06-02T17:25:40.297] [DEBUG] debug-file - Hap plugin register hook end...
[2026-06-02T17:25:40.297] [DEBUG] debug-file - Plugin build process completed
[2026-06-02T17:25:40.297] [DEBUG] debug-file - hvigorfile, binding custom plugins []
[2026-06-02T17:25:40.297] [DEBUG] debug-file - hvigorfile, no custom plugins were found in C:\Users\31293\Desktop\workplace\text-effects-master-upgraded-multidevice\entry\hvigorfile.ts
[2026-06-02T17:25:40.297] [DEBUG] debug-file - hvigorfile, resolve finished C:\Users\31293\Desktop\workplace\text-effects-master-upgraded-multidevice\entry\hvigorfile.ts
[2026-06-02T17:25:40.372] [DEBUG] debug-file - hvigorfile, resolve hvigorfile dependencies in 75 ms 
[2026-06-02T17:25:40.372] [DEBUG] debug-file - project has submodules:entry
[2026-06-02T17:25:40.374] [DEBUG] debug-file - start to load updatedOhPackageInfo to the disk
[2026-06-02T17:25:40.383] [DEBUG] debug-file - load to the disk finished
[2026-06-02T17:25:40.384] [DEBUG] debug-file - Start to initialize dependency information.
[2026-06-02T17:25:40.386] [DEBUG] debug-file - Module text-effects-master-upgraded-multidevice Collected Dependency: 
[2026-06-02T17:25:40.386] [DEBUG] debug-file - Module text-effects-master-upgraded-multidevice's total dependency: 0
[2026-06-02T17:25:40.387] [DEBUG] debug-file - Start to initialize dependency information.
[2026-06-02T17:25:40.389] [DEBUG] debug-file - Module entry Collected Dependency: 
[2026-06-02T17:25:40.389] [DEBUG] debug-file - Module entry's total dependency: 0
[2026-06-02T17:25:40.393] [DEBUG] debug-file - Configuration phase cost:3 s 146 ms 
[2026-06-02T17:25:40.395] [DEBUG] debug-file - Configuration task cost before running: 3 s 166 ms 
[2026-06-02T17:25:40.403] [DEBUG] debug-file - Executing task :entry:default@PreBuild
[2026-06-02T17:25:40.404] [DEBUG] debug-file - Task 'entry:default@PreBuild' cost while wrapping incremental declarations: 1 ms 
[2026-06-02T17:25:40.615] [DEBUG] debug-file - current product is not Atomic service.
[2026-06-02T17:25:40.616] [DEBUG] debug-file - Use tool [win32: JAVA_HOME, CLASSPATH]
 [
  { JAVA_HOME: 'C:\\Program Files\\Huawei\\DevEco Studio\\jbr' },
  { CLASSPATH: undefined }
]
[2026-06-02T17:25:40.616] [DEBUG] debug-file - Use tool [win32: NODE_HOME]
 [
  {
    NODE_HOME: 'C:\\Program Files\\Huawei\\DevEco Studio\\tools\\node'
  }
]
[2026-06-02T17:25:40.618] [DEBUG] debug-file - entry : default@PreBuild cost memory 11.14013671875
[2026-06-02T17:25:40.618] [DEBUG] debug-file - runTaskFromQueue task cost before running: 3 s 389 ms 
[2026-06-02T17:25:40.620] [INFO] debug-file - Finished :entry:default@PreBuild... after 216 ms 
[2026-06-02T17:25:40.621] [DEBUG] debug-file - Executing task :entry:default@CreateModuleInfo
[2026-06-02T17:25:40.622] [DEBUG] debug-file - Task 'entry:default@CreateModuleInfo' cost while wrapping incremental declarations: 1 ms 
[2026-06-02T17:25:40.622] [DEBUG] debug-file - entry : default@CreateModuleInfo cost memory 0.0485382080078125
[2026-06-02T17:25:40.622] [DEBUG] debug-file - runTaskFromQueue task cost before running: 3 s 393 ms 
[2026-06-02T17:25:40.622] [INFO] debug-file - Finished :entry:default@CreateModuleInfo... after 2 ms 
[2026-06-02T17:25:40.624] [DEBUG] debug-file - Executing task :entry:default@GenerateMetadata
[2026-06-02T17:25:40.625] [DEBUG] debug-file - Task 'entry:default@GenerateMetadata' cost while wrapping incremental declarations: 2 ms 
[2026-06-02T17:25:40.627] [DEBUG] debug-file - entry : default@GenerateMetadata cost memory 0.07160186767578125
[2026-06-02T17:25:40.627] [DEBUG] debug-file - runTaskFromQueue task cost before running: 3 s 398 ms 
[2026-06-02T17:25:40.628] [INFO] debug-file - Finished :entry:default@GenerateMetadata... after 4 ms 
[2026-06-02T17:25:40.629] [DEBUG] debug-file - Executing task :entry:default@ConfigureCmake
[2026-06-02T17:25:40.629] [DEBUG] debug-file - entry : default@ConfigureCmake cost memory 0.01705169677734375
[2026-06-02T17:25:40.630] [DEBUG] debug-file - runTaskFromQueue task cost before running: 3 s 400 ms 
[2026-06-02T17:25:40.630] [INFO] debug-file - Finished :entry:default@ConfigureCmake... after 1 ms 
[2026-06-02T17:25:40.631] [DEBUG] debug-file - Executing task :entry:default@MergeProfile
[2026-06-02T17:25:40.633] [DEBUG] debug-file - Task 'entry:default@MergeProfile' cost while wrapping incremental declarations: 1 ms 
[2026-06-02T17:25:40.634] [DEBUG] debug-file - Change app api release type with 'Release'
[2026-06-02T17:25:40.635] [DEBUG] debug-file - Change app compile API version with '6.0.2.130'
[2026-06-02T17:25:40.635] [DEBUG] debug-file - Change app target API version with '50005017'
[2026-06-02T17:25:40.635] [DEBUG] debug-file - Change app minimum API version with '50005017'
[2026-06-02T17:25:40.635] [DEBUG] debug-file - Use cli appEnvironment
[2026-06-02T17:25:40.650] [DEBUG] debug-file - entry : default@MergeProfile cost memory 0.217681884765625
[2026-06-02T17:25:40.650] [DEBUG] debug-file - runTaskFromQueue task cost before running: 3 s 421 ms 
[2026-06-02T17:25:40.651] [INFO] debug-file - Finished :entry:default@MergeProfile... after 20 ms 
[2026-06-02T17:25:40.653] [DEBUG] debug-file - Executing task :entry:default@CreateBuildProfile
[2026-06-02T17:25:40.653] [DEBUG] debug-file - Task 'entry:default@CreateBuildProfile' cost while wrapping incremental declarations: 1 ms 
[2026-06-02T17:25:40.655] [DEBUG] debug-file - entry : default@CreateBuildProfile cost memory 0.08174896240234375
[2026-06-02T17:25:40.655] [DEBUG] debug-file - runTaskFromQueue task cost before running: 3 s 426 ms 
[2026-06-02T17:25:40.655] [INFO] debug-file - Finished :entry:default@CreateBuildProfile... after 3 ms 
[2026-06-02T17:25:40.657] [DEBUG] debug-file - Executing task :entry:default@PreCheckSyscap
[2026-06-02T17:25:40.658] [DEBUG] debug-file - entry : default@PreCheckSyscap cost memory 0.0172882080078125
[2026-06-02T17:25:40.658] [DEBUG] debug-file - runTaskFromQueue task cost before running: 3 s 429 ms 
[2026-06-02T17:25:40.659] [INFO] debug-file - Finished :entry:default@PreCheckSyscap... after 1 ms 
[2026-06-02T17:25:40.662] [DEBUG] debug-file - Executing task :entry:default@GeneratePkgContextInfo
[2026-06-02T17:25:40.672] [DEBUG] debug-file - Task 'entry:default@GeneratePkgContextInfo' cost while wrapping incremental declarations: 1 ms 
[2026-06-02T17:25:40.673] [DEBUG] debug-file - entry : default@GeneratePkgContextInfo cost memory 0.34494781494140625
[2026-06-02T17:25:40.674] [DEBUG] debug-file - runTaskFromQueue task cost before running: 3 s 444 ms 
[2026-06-02T17:25:40.674] [INFO] debug-file - Finished :entry:default@GeneratePkgContextInfo... after 12 ms 
[2026-06-02T17:25:40.680] [DEBUG] debug-file - Executing task :entry:default@ProcessIntegratedHsp
[2026-06-02T17:25:40.682] [DEBUG] debug-file - entry : default@ProcessIntegratedHsp cost memory 0.03420257568359375
[2026-06-02T17:25:40.682] [DEBUG] debug-file - runTaskFromQueue task cost before running: 3 s 453 ms 
[2026-06-02T17:25:40.682] [INFO] debug-file - Finished :entry:default@ProcessIntegratedHsp... after 2 ms 
[2026-06-02T17:25:40.685] [DEBUG] debug-file - Executing task :entry:default@BuildNativeWithCmake
[2026-06-02T17:25:40.685] [DEBUG] debug-file - entry : default@BuildNativeWithCmake cost memory 0.01746368408203125
[2026-06-02T17:25:40.685] [DEBUG] debug-file - runTaskFromQueue task cost before running: 3 s 456 ms 
[2026-06-02T17:25:40.685] [INFO] debug-file - Finished :entry:default@BuildNativeWithCmake... after 1 ms 
[2026-06-02T17:25:40.687] [DEBUG] debug-file - Executing task :entry:default@MakePackInfo
[2026-06-02T17:25:40.688] [DEBUG] debug-file - Module Pack Info:  {
  summary: {
    app: { bundleName: 'c***s', bundleType: 'app', version: [Object] },
    modules: [ [Object] ]
  },
  packages: [
    {
      deviceType: [Array],
      moduleType: 'entry',
      deliveryWithInstall: true,
      name: 'entry-default'
    }
  ]
}
[2026-06-02T17:25:40.689] [DEBUG] debug-file - entry : default@MakePackInfo cost memory 0.10692596435546875
[2026-06-02T17:25:40.690] [DEBUG] debug-file - runTaskFromQueue task cost before running: 3 s 460 ms 
[2026-06-02T17:25:40.690] [INFO] debug-file - Finished :entry:default@MakePackInfo... after 3 ms 
[2026-06-02T17:25:40.691] [DEBUG] debug-file - Executing task :entry:default@SyscapTransform
[2026-06-02T17:25:40.691] [DEBUG] debug-file - File: 'C:\Users\31293\Desktop\workplace\text-effects-master-upgraded-multidevice\entry\src\main\syscap.json' from 'sysCapJsonPath' is not exists, just ignore.
[2026-06-02T17:25:40.694] [DEBUG] debug-file - Task 'entry:default@SyscapTransform' cost while wrapping incremental declarations: 3 ms 
[2026-06-02T17:25:40.695] [DEBUG] debug-file - entry : default@SyscapTransform cost memory 0.06446075439453125
[2026-06-02T17:25:40.695] [DEBUG] debug-file - runTaskFromQueue task cost before running: 3 s 466 ms 
[2026-06-02T17:25:40.695] [INFO] debug-file - Finished :entry:default@SyscapTransform... after 4 ms 
[2026-06-02T17:25:40.698] [DEBUG] debug-file - Executing task :entry:default@ProcessProfile
[2026-06-02T17:25:40.699] [DEBUG] debug-file - Task 'entry:default@ProcessProfile' cost while wrapping incremental declarations: 1 ms 
[2026-06-02T17:25:40.701] [DEBUG] debug-file - [
  'C:\\Program Files\\Huawei\\DevEco Studio\\tools\\node\\node.exe',
  'C:\\Program Files\\Huawei\\DevEco Studio\\sdk\\default\\openharmony\\ets\\build-tools\\ets-loader\\bin\\ark\\ts2abc.js',
  '--target-api-version',
  '17'
]
[2026-06-02T17:25:40.972] [DEBUG] debug-file - 12.0.6.0
[2026-06-02T17:25:40.974] [DEBUG] debug-file - No need to add fake ui ability because of not in preview process.
[2026-06-02T17:25:40.975] [DEBUG] debug-file - entry : default@ProcessProfile cost memory 1.8583984375
[2026-06-02T17:25:40.975] [DEBUG] debug-file - runTaskFromQueue task cost before running: 3 s 746 ms 
[2026-06-02T17:25:40.975] [INFO] debug-file - Finished :entry:default@ProcessProfile... after 278 ms 
[2026-06-02T17:25:40.978] [DEBUG] debug-file - Executing task :entry:default@ProcessRouterMap
[2026-06-02T17:25:40.980] [DEBUG] debug-file - entry : default@ProcessRouterMap cost memory 0.0753173828125
[2026-06-02T17:25:40.980] [DEBUG] debug-file - runTaskFromQueue task cost before running: 3 s 751 ms 
[2026-06-02T17:25:40.981] [INFO] debug-file - Finished :entry:default@ProcessRouterMap... after 3 ms 
[2026-06-02T17:25:40.982] [DEBUG] debug-file - Executing task :entry:default@ProcessShareConfig
[2026-06-02T17:25:40.984] [DEBUG] debug-file - entry : default@ProcessShareConfig cost memory 0.06589508056640625
[2026-06-02T17:25:40.984] [DEBUG] debug-file - runTaskFromQueue task cost before running: 3 s 755 ms 
[2026-06-02T17:25:40.985] [INFO] debug-file - Finished :entry:default@ProcessShareConfig... after 2 ms 
[2026-06-02T17:25:40.986] [DEBUG] debug-file - Executing task :entry:default@ProcessStartupConfig
[2026-06-02T17:25:40.986] [DEBUG] debug-file - Task 'entry:default@ProcessStartupConfig' cost while wrapping incremental declarations: 1 ms 
[2026-06-02T17:25:40.987] [DEBUG] debug-file - entry : default@ProcessStartupConfig cost memory 0.0733184814453125
[2026-06-02T17:25:40.987] [DEBUG] debug-file - runTaskFromQueue task cost before running: 3 s 758 ms 
[2026-06-02T17:25:40.988] [INFO] debug-file - Finished :entry:default@ProcessStartupConfig... after 2 ms 
[2026-06-02T17:25:40.989] [DEBUG] debug-file - Executing task :entry:default@BuildNativeWithNinja
[2026-06-02T17:25:40.989] [DEBUG] debug-file - entry : default@BuildNativeWithNinja cost memory 0.02559661865234375
[2026-06-02T17:25:40.989] [DEBUG] debug-file - runTaskFromQueue task cost before running: 3 s 760 ms 
[2026-06-02T17:25:40.990] [INFO] debug-file - Finished :entry:default@BuildNativeWithNinja... after 1 ms 
[2026-06-02T17:25:40.991] [DEBUG] debug-file - restool module names: entry; moduleName=entry, taskName=default@ProcessResource
[2026-06-02T17:25:41.004] [DEBUG] debug-file - Executing task :entry:default@ProcessResource
[2026-06-02T17:25:41.004] [DEBUG] debug-file - Task 'entry:default@ProcessResource' cost while wrapping incremental declarations: 1 ms 
[2026-06-02T17:25:41.011] [DEBUG] debug-file - entry : default@ProcessResource cost memory -10.638175964355469
[2026-06-02T17:25:41.012] [DEBUG] debug-file - runTaskFromQueue task cost before running: 3 s 783 ms 
[2026-06-02T17:25:41.013] [INFO] debug-file - Finished :entry:default@ProcessResource... after 20 ms 
[2026-06-02T17:25:41.015] [DEBUG] debug-file - Executing task :entry:default@GenerateLoaderJson
[2026-06-02T17:25:41.016] [DEBUG] debug-file - Task 'entry:default@GenerateLoaderJson' cost while wrapping incremental declarations: 1 ms 
[2026-06-02T17:25:41.026] [DEBUG] debug-file - entry : default@GenerateLoaderJson cost memory 0.5947952270507812
[2026-06-02T17:25:41.027] [DEBUG] debug-file - runTaskFromQueue task cost before running: 3 s 797 ms 
[2026-06-02T17:25:41.031] [INFO] debug-file - Finished :entry:default@GenerateLoaderJson... after 12 ms 
[2026-06-02T17:25:41.032] [DEBUG] debug-file - Executing task :entry:default@ProcessLibs
[2026-06-02T17:25:41.041] [DEBUG] debug-file - Worker dispatch failed, running processLibs on main thread.
[2026-06-02T17:25:41.043] [DEBUG] debug-file - entry : default@ProcessLibs cost memory 0.30562591552734375
[2026-06-02T17:25:41.043] [DEBUG] debug-file - runTaskFromQueue task cost before running: 3 s 814 ms 
[2026-06-02T17:25:41.044] [INFO] debug-file - Finished :entry:default@ProcessLibs... after 11 ms 
[2026-06-02T17:25:41.045] [DEBUG] debug-file - restool module names: entry; moduleName=entry, taskName=default@CompileResource
[2026-06-02T17:25:41.046] [DEBUG] debug-file - Executing task :entry:default@CompileResource
[2026-06-02T17:25:41.157] [DEBUG] debug-file - Use tool [C:\Program Files\Huawei\DevEco Studio\sdk\default\openharmony\toolchains\restool.exe]
 [
  'C:\\Program Files\\Huawei\\DevEco Studio\\sdk\\default\\openharmony\\toolchains\\restool.exe',
  '-l',
  'C:\\Users\\31293\\Desktop\\workplace\\text-effects-master-upgraded-multidevice\\entry\\build\\default\\intermediates\\res\\default\\resConfig.json'
]
[2026-06-02T17:25:41.160] [DEBUG] debug-file - current process  memoryUsage: {
  rss: 295583744,
  heapTotal: 185044992,
  heapUsed: 150920232,
  external: 3437853,
  arrayBuffers: 536688
} os memoryUsage :19.86669158935547
[2026-06-02T17:25:41.276] [DEBUG] debug-file - Info: Pack: normal pack mode

[2026-06-02T17:25:41.589] [DEBUG] debug-file - Info: hardware concurrency count is : 8
Info: thread count is : 8

[2026-06-02T17:25:41.589] [DEBUG] debug-file - Info: thread pool is started

[2026-06-02T17:25:41.590] [DEBUG] debug-file - Info: GenericCompiler::CompileFiles

[2026-06-02T17:25:41.600] [DEBUG] debug-file - Info: GenericCompiler::CompileFiles

[2026-06-02T17:25:41.605] [DEBUG] debug-file - Info: GenericCompiler::CompileFiles

[2026-06-02T17:25:41.614] [DEBUG] debug-file - 06-02 17:25:41.614 250276 246500 E C01400/ImageTranscoderUtils: DecodeToRGBA IN
06-02 17:25:41.614 250276 246500 E C01400/ImageTranscoderUtils: ImageFilter IN C:\Users\31293\Desktop\workplace\text-effects-master-upgraded-multidevice\AppScope\resources\base\media\app_icon.png

[2026-06-02T17:25:41.636] [DEBUG] debug-file - 06-02 17:25:41.636 250276 246500 E C01400/ImageTranscoder: TranscodeSLR Only zoom-out is supported.

[2026-06-02T17:25:41.636] [DEBUG] debug-file - Warning: ScaleImage failed, error message: INVALID_PARAMETERS, file path = C:\Users\31293\Desktop\workplace\text-effects-master-upgraded-multidevice\AppScope\resources\base\media\app_icon.png

[2026-06-02T17:25:41.640] [DEBUG] debug-file - 06-02 17:25:41.640 250276 246500 E C01400/ImageTranscoderUtils: DecodeToRGBA IN
06-02 17:25:41.640 250276 246500 E C01400/ImageTranscoderUtils: ImageFilter IN C:\Users\31293\Desktop\workplace\text-effects-master-upgraded-multidevice\entry\src\main\resources\base\media\background.png

[2026-06-02T17:25:41.652] [DEBUG] debug-file - 06-02 17:25:41.652 250276 246500 E C01400/ImageTranscoder: TranscodeSLR Only zoom-out is supported.

[2026-06-02T17:25:41.652] [DEBUG] debug-file - Warning: ScaleImage failed, error message: INVALID_PARAMETERS, file path = C:\Users\31293\Desktop\workplace\text-effects-master-upgraded-multidevice\entry\src\main\resources\base\media\background.png

[2026-06-02T17:25:41.656] [DEBUG] debug-file - 06-02 17:25:41.656 250276 246500 E C01400/ImageTranscoderUtils: DecodeToRGBA IN

[2026-06-02T17:25:41.657] [DEBUG] debug-file - 06-02 17:25:41.657 250276 246500 E C01400/ImageTranscoderUtils: ImageFilter IN C:\Users\31293\Desktop\workplace\text-effects-master-upgraded-multidevice\entry\src\main\resources\base\media\foreground.png

[2026-06-02T17:25:41.674] [DEBUG] debug-file - 06-02 17:25:41.674 250276 246500 E C01400/ImageTranscoder: TranscodeSLR Only zoom-out is supported.

[2026-06-02T17:25:41.674] [DEBUG] debug-file - Warning: ScaleImage failed, error message: INVALID_PARAMETERS, file path = C:\Users\31293\Desktop\workplace\text-effects-master-upgraded-multidevice\entry\src\main\resources\base\media\foreground.png

[2026-06-02T17:25:41.678] [DEBUG] debug-file - Info: can't scale media json file.

[2026-06-02T17:25:41.683] [DEBUG] debug-file - Warning: The width or height of the png file referenced by the icon exceeds the limit (41 pixels)
at C:\Users\31293\Desktop\workplace\text-effects-master-upgraded-multidevice\entry\src\main\resources\base\media\background.png

[2026-06-02T17:25:41.684] [DEBUG] debug-file - Warning: The width or height of the png file referenced by the icon exceeds the limit (41 pixels)
at C:\Users\31293\Desktop\workplace\text-effects-master-upgraded-multidevice\entry\src\main\resources\base\media\foreground.png
Warning: C:\Users\31293\Desktop\workplace\text-effects-master-upgraded-multidevice\entry\src\main\resources\base\media\layered_image.json is not png format

[2026-06-02T17:25:41.699] [DEBUG] debug-file - Info: restool resources compile success.

[2026-06-02T17:25:41.700] [DEBUG] debug-file - Info: thread pool is stopped

[2026-06-02T17:25:41.780] [DEBUG] debug-file - entry : default@CompileResource cost memory -25.71160125732422
[2026-06-02T17:25:41.781] [DEBUG] debug-file - runTaskFromQueue task cost before running: 4 s 552 ms 
[2026-06-02T17:25:41.782] [INFO] debug-file - Finished :entry:default@CompileResource... after 735 ms 
[2026-06-02T17:25:41.783] [DEBUG] debug-file - Executing task :entry:default@DoNativeStrip
[2026-06-02T17:25:41.783] [DEBUG] debug-file - Task 'entry:default@DoNativeStrip' cost while wrapping incremental declarations: 1 ms 
[2026-06-02T17:25:41.786] [DEBUG] debug-file - entry : default@DoNativeStrip cost memory 0.100799560546875
[2026-06-02T17:25:41.786] [DEBUG] debug-file - runTaskFromQueue task cost before running: 4 s 557 ms 
[2026-06-02T17:25:41.786] [INFO] debug-file - Finished :entry:default@DoNativeStrip... after 4 ms 
[2026-06-02T17:25:41.788] [DEBUG] debug-file - Executing task :entry:default@CompileArkTS
[2026-06-02T17:25:41.789] [DEBUG] debug-file - obfuscationOptions: undefined
[2026-06-02T17:25:41.791] [DEBUG] debug-file - Task 'entry:default@CompileArkTS' cost while wrapping incremental declarations: 1 ms 
[2026-06-02T17:25:41.817] [DEBUG] debug-file - build config:
[2026-06-02T17:25:41.818] [DEBUG] debug-file - {
  moduleType: 'entry',
  perf: 0,
  targetName: '.default',
  packageManagerType: 'ohpm',
  localPropertiesPath: 'C:\\Users\\31293\\Desktop\\workplace\\text-effects-master-upgraded-multidevice\\local.properties',
  isPreview: false,
  isOhosTest: false,
  isLocalTest: false,
  buildMode: 'Debug',
  hotReloadBuild: undefined,
  watchMode: 'false',
  aceProfilePath: 'C:\\Users\\31293\\Desktop\\workplace\\text-effects-master-upgraded-multidevice\\entry\\build\\default\\intermediates\\res\\default\\resources\\base\\profile',
  etsLoaderPath: 'C:\\Program Files\\Huawei\\DevEco Studio\\sdk\\default\\openharmony\\ets\\build-tools\\ets-loader',
  modulePath: 'C:\\Users\\31293\\Desktop\\workplace\\text-effects-master-upgraded-multidevice\\entry',
  testFrameworkPar: {
    testMode: undefined,
    coveragePathFilter: undefined,
    coverageMode: undefined
  },
  needCoverageInsert: false,
  debugLine: false,
  projectTopDir: 'C:\\Users\\31293\\Desktop\\workplace\\text-effects-master-upgraded-multidevice',
  compileSdkVersion: 22,
  compatibleSdkVersion: 17,
  originCompatibleSdkVersion: '5.0.5(17)',
  compatibleSdkVersionStage: undefined,
  bundleName: 'c***s',
  etsLoaderVersion: '6.0.2.130',
  etsLoaderReleaseType: 'Release',
  aotCompileMode: 'type',
  apPath: 'C:\\Users\\31293\\Desktop\\workplace\\text-effects-master-upgraded-multidevice\\entry\\modules.ap',
  entryModuleName: 'entry',
  entryModuleVersion: '1.0.0',
  entryPackageName: 'entry',
  allModuleNameHash: '73280ea8f37f6f8676cb4884d460128bd2b28bc4fd1abf70aca01c19d85808a0',
  externalApiPaths: [
    'C:\\Program Files\\Huawei\\DevEco Studio\\sdk\\default\\hms\\ets'
  ],
  compilerTypes: [],
  isCrossplatform: false,
  hvigorPluginFile: undefined,
  compilePluginPath: undefined,
  buildGeneratedProfilePath: 'C:\\Users\\31293\\Desktop\\workplace\\text-effects-master-upgraded-multidevice\\entry\\build\\default\\generated\\profile\\default',
  bundleType: 'app',
  arkTSVersion: undefined,
  apiVersion: 22,
  needCompleteSourcesMap: false,
  isFaMode: false,
  buildDir: 'C:\\Users\\31293\\Desktop\\workplace\\text-effects-master-upgraded-multidevice\\entry\\build',
  deviceTypes: [ 'phone', 'tablet', '2in1' ],
  pkgContextInfo: undefined,
  ohPackagePathMap: {},
  dependencyAliasMap: {},
  permission: { requestPermissions: undefined, definePermissions: undefined },
  useGetCurrentBundleName: false,
  projectArkOption: undefined,
  sourceMapDir: undefined,
  branchElimination: false,
  transformLib: undefined,
  tsImportSendable: false,
  resolveConflictMode: true,
  depName2RootPath: {},
  depName2DepInfo: {},
  rootPathSet: [
    'C:\\Users\\31293\\Desktop\\workplace\\text-effects-master-upgraded-multidevice'
  ],
  useNativeResolver: true,
  shouldEmitJs: true,
  useTscResolve: false,
  singleFileEmit: false,
  userProjectConfig: {
    autoLazyImport: false,
    allowEmptyBundleName: false,
    reExportCheckMode: 'noCheck',
    executionMode: 'memory',
    usePathPlaceholder: false,
    writeRollupCache: true,
    isExpandImportEnabled: false,
    expandImportExclude: '',
    lazyImportExclude: '',
    lazyImportInclude: '',
    ignoreCrossplatformCheck: false,
    isHarDeduplicateEnabled: false,
    skipOhModulesLint: false,
    enableStrictCheckOHModule: false,
    disableSendableCheckRules: [],
    useDeclarationFileSignature: false,
    customizedOptions: undefined,
    integratedHsp: false,
    isPreloadSoEnabled: false
  },
  executionMode: 'memory',
  arkCompileCachePath: 'C:\\Users\\31293\\Desktop\\workplace\\text-effects-master-upgraded-multidevice\\entry\\build\\default\\cache\\default\\default@CompileArkTS\\esmodule',
  autoLazyFilter: undefined,
  isHarDeduplicateEnabled: false,
  intermediateHarDuplicateDirPath: 'C:\\Users\\31293\\Desktop\\workplace\\text-effects-master-upgraded-multidevice\\entry\\build\\default\\intermediates\\har_duplicate\\default',
  autoLazyImport: false,
  allowEmptyBundleName: false,
  reExportCheckMode: 'noCheck',
  usePathPlaceholder: false,
  writeRollupCache: true,
  isExpandImportEnabled: false,
  expandImportExclude: '',
  lazyImportExclude: '',
  lazyImportInclude: '',
  ignoreCrossplatformCheck: false,
  skipOhModulesLint: false,
  enableStrictCheckOHModule: false,
  disableSendableCheckRules: [],
  useDeclarationFileSignature: false,
  customizedOptions: undefined,
  integratedHsp: false,
  isPreloadSoEnabled: false,
  strictMode: undefined,
  useNormalizedOHMUrl: false,
  caseSensitiveCheck: false,
  aceModuleJsonPath: 'C:\\Users\\31293\\Desktop\\workplace\\text-effects-master-upgraded-multidevice\\entry\\build\\default\\intermediates\\res\\default\\ark_module.json',
  appResource: 'C:\\Users\\31293\\Desktop\\workplace\\text-effects-master-upgraded-multidevice\\entry\\build\\default\\intermediates\\res\\default\\ResourceTable.txt',
  rawFileResource: 'C:\\Users\\31293\\Desktop\\workplace\\text-effects-master-upgraded-multidevice\\entry\\build\\default\\intermediates\\res\\default\\resources\\rawfile',
  resourceTableHash: '3ca29c14ae3a9ac908814a3ce10d8a692d4939db3563941d5ac3dc96a0f66f6d',
  runtimeOS: 'HarmonyOS',
  sdkInfo: 'false:22:6.0.2.130:Release',
  aceModuleRoot: 'C:\\Users\\31293\\Desktop\\workplace\\text-effects-master-upgraded-multidevice\\entry\\src\\main\\ets',
  compileMode: 'esmodule',
  aceSuperVisualPath: 'C:\\Users\\31293\\Desktop\\workplace\\text-effects-master-upgraded-multidevice\\entry\\src\\main\\supervisual',
  aceBuildJson: 'C:\\Users\\31293\\Desktop\\workplace\\text-effects-master-upgraded-multidevice\\entry\\build\\default\\intermediates\\loader\\default\\loader.json',
  cachePath: 'C:\\Users\\31293\\Desktop\\workplace\\text-effects-master-upgraded-multidevice\\entry\\build\\default\\cache\\default\\default@CompileArkTS\\esmodule\\debug',
  aceModuleBuild: 'C:\\Users\\31293\\Desktop\\workplace\\text-effects-master-upgraded-multidevice\\entry\\build\\default\\intermediates\\loader_out\\default\\ets',
  supportChunks: true,
  declaredFilesPath: undefined,
  shouldCollectDirectImportees: false,
  isByteCodeHarOptimize: false,
  expandImportPath: undefined,
  pkgNameToPkgBriefInfo: {
    entry: {
      pkgRoot: 'C:\\Users\\31293\\Desktop\\workplace\\text-effects-master-upgraded-multidevice\\entry',
      originalSourceRoots: undefined,
      sourceRoots: [Array],
      pkgName: 'entry'
    }
  },
  projectModel: {
    'C:\\Users\\31293\\Desktop\\workplace\\text-effects-master-upgraded-multidevice\\entry\\src\\main': {
      moduleName: 'entry',
      modulePkgPath: 'C:\\Users\\31293\\Desktop\\workplace\\text-effects-master-upgraded-multidevice\\entry',
      belongProjectPath: 'C:\\Users\\31293\\Desktop\\workplace\\text-effects-master-upgraded-multidevice'
    },
    'C:\\Users\\31293\\Desktop\\workplace\\text-effects-master-upgraded-multidevice\\entry': {
      moduleName: 'entry',
      modulePkgPath: 'C:\\Users\\31293\\Desktop\\workplace\\text-effects-master-upgraded-multidevice\\entry',
      belongProjectPath: 'C:\\Users\\31293\\Desktop\\workplace\\text-effects-master-upgraded-multidevice'
    },
    'C:\\Users\\31293\\Desktop\\workplace\\text-effects-master-upgraded-multidevice': {
      moduleName: 'text-effects-master-upgraded-multidevice',
      modulePkgPath: 'C:\\Users\\31293\\Desktop\\workplace\\text-effects-master-upgraded-multidevice',
      belongProjectPath: 'C:\\Users\\31293\\Desktop\\workplace\\text-effects-master-upgraded-multidevice'
    }
  },
  pkgJsonFileHash: 'ac995480e710a275b7cf4a6fb2472a77382a629452dd716ec0366f01c80fa48c',
  allModulePaths: [
    'C:\\Users\\31293\\Desktop\\workplace\\text-effects-master-upgraded-multidevice\\entry'
  ],
  routerMap: {},
  obfuscationOptions: undefined,
  byteCodeHarToDependencyKeys: undefined,
  compileBlockPkg: [],
  mockParams: {
    decorator: '@MockSetup',
    packageName: '@ohos/hamock',
    etsSourceRootPath: 'src/main/ets',
    mockConfigPath: undefined,
    mockConfigKey2ModuleInfo: {},
    source2ModuleIdMap: {}
  },
  copyCodeResourceEnable: true,
  copyCodeResourceExcludes: [],
  copyCodeResourceIncludes: undefined,
  uiTransformOptimization: false,
  sdkPath: 'C:/Program Files/Huawei/DevEco Studio/sdk',
  needPreloadSoFileSet: {},
  preloadSoFilePath: 'C:\\Users\\31293\\Desktop\\workplace\\text-effects-master-upgraded-multidevice\\entry\\build\\default\\intermediates\\preload\\default\\preload.json',
  useSourceHash: false,
  localModuleParamMap: {},
  otherPaths: {
    'entry/*': [
      '..\\*',
      '..\\..\\..\\build\\default\\generated\\profile\\default\\*'
    ]
  },
  collectImportersConfig: undefined
}
[2026-06-02T17:25:41.818] [DEBUG] debug-file - Compile arkts with external api path: C:\Program Files\Huawei\DevEco Studio\sdk\default\hms\ets
[2026-06-02T17:25:41.822] [DEBUG] debug-file - default@CompileArkTS work[0] is submitted.
[2026-06-02T17:25:41.823] [DEBUG] debug-file - default@CompileArkTS work[0] is pushed to ready queue.
[2026-06-02T17:25:41.823] [DEBUG] debug-file - default@CompileArkTS work[0] is not dispatched.
[2026-06-02T17:25:41.824] [DEBUG] debug-file - CopyResources startTime: 1208629647275900
[2026-06-02T17:25:41.824] [DEBUG] debug-file - default@CompileArkTS work[1] is submitted.
[2026-06-02T17:25:41.824] [DEBUG] debug-file - default@CompileArkTS work[1] is pushed to ready queue.
[2026-06-02T17:25:41.824] [DEBUG] debug-file - default@CompileArkTS work[1] is not dispatched.
[2026-06-02T17:25:41.824] [DEBUG] debug-file - entry : default@CompileArkTS cost memory 1.2848052978515625
[2026-06-02T17:25:41.828] [DEBUG] debug-file - Executing task :entry:default@BuildJS
[2026-06-02T17:25:41.828] [DEBUG] debug-file - Task 'entry:default@BuildJS' cost while wrapping incremental declarations: 1 ms 
[2026-06-02T17:25:41.833] [DEBUG] debug-file - entry : default@BuildJS cost memory 0.19074249267578125
[2026-06-02T17:25:41.834] [DEBUG] debug-file - runTaskFromQueue task cost before running: 4 s 604 ms 
[2026-06-02T17:25:41.834] [INFO] debug-file - Finished :entry:default@BuildJS... after 6 ms 
[2026-06-02T17:25:41.836] [DEBUG] debug-file - Executing task :entry:default@CacheNativeLibs
[2026-06-02T17:25:41.837] [DEBUG] debug-file - Task 'entry:default@CacheNativeLibs' cost while wrapping incremental declarations: 1 ms 
[2026-06-02T17:25:41.838] [DEBUG] debug-file - default@CacheNativeLibs work[2] is submitted.
[2026-06-02T17:25:41.838] [DEBUG] debug-file - default@CacheNativeLibs work[2] is pushed to ready queue.
[2026-06-02T17:25:41.838] [DEBUG] debug-file - default@CacheNativeLibs work[2] is not dispatched.
[2026-06-02T17:25:41.838] [DEBUG] debug-file - entry : default@CacheNativeLibs cost memory 0.08422088623046875
[2026-06-02T17:25:41.945] [DEBUG] debug-file - A work dispatched to worker[7] failed because unable to get work from ready queue.
[2026-06-02T17:25:41.946] [DEBUG] debug-file - Create  resident worker with id: 6.
[2026-06-02T17:25:41.949] [DEBUG] debug-file - default@CompileArkTS work[1] has been dispatched to worker[6].
[2026-06-02T17:25:42.245] [DEBUG] debug-file - A work dispatched to worker[7] failed because unable to get work from ready queue.
[2026-06-02T17:25:42.245] [DEBUG] debug-file - A work dispatched to worker[6] failed because of worker busy.
[2026-06-02T17:25:42.245] [DEBUG] debug-file - Create  resident worker with id: 5.
[2026-06-02T17:25:42.247] [DEBUG] debug-file - default@CacheNativeLibs work[2] has been dispatched to worker[5].
[2026-06-02T17:25:42.907] [DEBUG] debug-file - A work dispatched to worker[7] failed because unable to get work from ready queue.
[2026-06-02T17:25:42.910] [DEBUG] debug-file - A work dispatched to worker[6] failed because of worker busy.
[2026-06-02T17:25:42.910] [DEBUG] debug-file - A work dispatched to worker[5] failed because of worker busy.
[2026-06-02T17:25:42.911] [DEBUG] debug-file - Create  resident worker with id: 4.
[2026-06-02T17:25:42.912] [DEBUG] debug-file - default@CompileArkTS work[0] has been dispatched to worker[4].
[2026-06-02T17:25:43.819] [DEBUG] debug-file - worker[6] has one work done.
[2026-06-02T17:25:43.819] [DEBUG] debug-file - CopyResources is end, endTime: 1208631642896300
[2026-06-02T17:25:43.820] [DEBUG] debug-file - default@CompileArkTS work[1] done.
[2026-06-02T17:25:44.043] [DEBUG] debug-file - A work dispatched to worker[6] failed because unable to get work from ready queue.
[2026-06-02T17:25:44.081] [DEBUG] debug-file - worker[5] has one work done.
[2026-06-02T17:25:44.081] [DEBUG] debug-file - default@CacheNativeLibs work[2] done.
[2026-06-02T17:25:44.081] [INFO] debug-file - Finished :entry:default@CacheNativeLibs... after 9 ms 
[2026-06-02T17:25:44.296] [DEBUG] debug-file - A work dispatched to worker[5] failed because unable to get work from ready queue.
[2026-06-02T17:26:18.533] [DEBUG] debug-file - worker[4] has one work done.
[2026-06-02T17:26:18.533] [DEBUG] debug-file - Ark compile task finished.finished time is 1208666356096300
[2026-06-02T17:26:18.535] [DEBUG] debug-file - default@CompileArkTS work[0] done.
[2026-06-02T17:26:18.537] [INFO] debug-file - Finished :entry:default@CompileArkTS... after 32 s 139 ms 
[2026-06-02T17:26:18.538] [DEBUG] debug-file - Executing task :entry:default@GeneratePkgModuleJson
[2026-06-02T17:26:18.538] [DEBUG] debug-file - File: 'C:\Users\31293\Desktop\workplace\text-effects-master-upgraded-multidevice\entry\build\default\intermediates\preload\default\preload.json' from 'preloadSoJsonPath' is not exists, just ignore.
[2026-06-02T17:26:18.539] [DEBUG] debug-file - Error occurs while handling @Input 'shouldDeduplicateHar': The "data" argument must be of type string or an instance of Buffer, TypedArray, or DataView. Received undefined
[2026-06-02T17:26:18.539] [DEBUG] debug-file - Task 'entry:default@GeneratePkgModuleJson' cost while wrapping incremental declarations: 2 ms 
[2026-06-02T17:26:18.542] [DEBUG] debug-file - entry : default@GeneratePkgModuleJson cost memory 0.16741180419921875
[2026-06-02T17:26:18.542] [DEBUG] debug-file - runTaskFromQueue task cost before running: 41 s 313 ms 
[2026-06-02T17:26:18.544] [INFO] debug-file - Finished :entry:default@GeneratePkgModuleJson... after 5 ms 
[2026-06-02T17:26:18.545] [DEBUG] debug-file - Executing task :entry:default@ProcessCompiledResources
[2026-06-02T17:26:18.545] [DEBUG] debug-file - File: 'C:\Users\31293\Desktop\workplace\text-effects-master-upgraded-multidevice\entry\build\default\intermediates\preload\default\preload.json' from 'preloadSoJsonPath' is not exists, just ignore.
[2026-06-02T17:26:18.545] [DEBUG] debug-file - Task 'entry:default@ProcessCompiledResources' cost while wrapping incremental declarations: 1 ms 
[2026-06-02T17:26:18.546] [DEBUG] debug-file - entry : default@ProcessCompiledResources cost memory 0.06864166259765625
[2026-06-02T17:26:18.546] [DEBUG] debug-file - runTaskFromQueue task cost before running: 41 s 317 ms 
[2026-06-02T17:26:18.546] [INFO] debug-file - Finished :entry:default@ProcessCompiledResources... after 1 ms 
[2026-06-02T17:26:18.549] [DEBUG] debug-file - Executing task :entry:default@PackageHap
[2026-06-02T17:26:18.554] [DEBUG] debug-file - Use tool [C:\Program Files\Huawei\DevEco Studio\sdk\default\openharmony\toolchains\lib\app_packing_tool.jar]
 [
  'java',
  '-Dfile.encoding=GBK',
  '-jar',
  'C:\\Program Files\\Huawei\\DevEco Studio\\sdk\\default\\openharmony\\toolchains\\lib\\app_packing_tool.jar',
  '--mode',
  'hap',
  '--force',
  'true',
  '--lib-path',
  'C:\\Users\\31293\\Desktop\\workplace\\text-effects-master-upgraded-multidevice\\entry\\build\\default\\intermediates\\stripped_native_libs\\default',
  '--json-path',
  'C:\\Users\\31293\\Desktop\\workplace\\text-effects-master-upgraded-multidevice\\entry\\build\\default\\intermediates\\package\\default\\module.json',
  '--resources-path',
  'C:\\Users\\31293\\Desktop\\workplace\\text-effects-master-upgraded-multidevice\\entry\\build\\default\\intermediates\\res\\default\\resources',
  '--index-path',
  'C:\\Users\\31293\\Desktop\\workplace\\text-effects-master-upgraded-multidevice\\entry\\build\\default\\intermediates\\res\\default\\resources.index',
  '--pack-info-path',
  'C:\\Users\\31293\\Desktop\\workplace\\text-effects-master-upgraded-multidevice\\entry\\build\\default\\outputs\\default\\pack.info',
  '--out-path',
  'C:\\Users\\31293\\Desktop\\workplace\\text-effects-master-upgraded-multidevice\\entry\\build\\default\\outputs\\default\\entry-default-unsigned.hap',
  '--ets-path',
  'C:\\Users\\31293\\Desktop\\workplace\\text-effects-master-upgraded-multidevice\\entry\\build\\default\\intermediates\\loader_out\\default\\ets'
]
[2026-06-02T17:26:18.963] [DEBUG] debug-file - A work dispatched to worker[4] failed because unable to get work from ready queue.
[2026-06-02T17:26:19.071] [DEBUG] debug-file - java daemon socket received message:{"code":0,"message":"pack success"}
[2026-06-02T17:26:19.083] [DEBUG] debug-file - entry : default@PackageHap cost memory -0.05572509765625
[2026-06-02T17:26:19.083] [DEBUG] debug-file - runTaskFromQueue task cost before running: 41 s 854 ms 
[2026-06-02T17:26:19.085] [INFO] debug-file - Finished :entry:default@PackageHap... after 534 ms 
[2026-06-02T17:26:19.087] [DEBUG] debug-file - Executing task :entry:default@PackingCheck
[2026-06-02T17:26:19.098] [DEBUG] debug-file - entry : default@PackingCheck cost memory 0.6084213256835938
[2026-06-02T17:26:19.098] [DEBUG] debug-file - runTaskFromQueue task cost before running: 41 s 869 ms 
[2026-06-02T17:26:19.099] [INFO] debug-file - Finished :entry:default@PackingCheck... after 12 ms 
[2026-06-02T17:26:19.101] [DEBUG] debug-file - Executing task :entry:default@SignHap
[2026-06-02T17:26:19.101] [WARN] debug-file - Will skip sign 'hos_hap'. No signingConfigs profile is configured in current project.
             If needed, configure the signingConfigs in C:\Users\31293\Desktop\workplace\text-effects-master-upgraded-multidevice\build-profile.json5.
[2026-06-02T17:26:19.105] [DEBUG] debug-file - entry : default@SignHap cost memory -0.6981887817382812
[2026-06-02T17:26:19.105] [DEBUG] debug-file - runTaskFromQueue task cost before running: 41 s 876 ms 
[2026-06-02T17:26:19.106] [INFO] debug-file - Finished :entry:default@SignHap... after 5 ms 
[2026-06-02T17:26:19.110] [DEBUG] debug-file - Executing task :entry:default@CollectDebugSymbol
[2026-06-02T17:26:19.112] [DEBUG] debug-file - entry : default@CollectDebugSymbol cost memory 0.111175537109375
[2026-06-02T17:26:19.113] [DEBUG] debug-file - runTaskFromQueue task cost before running: 41 s 884 ms 
[2026-06-02T17:26:19.113] [INFO] debug-file - Finished :entry:default@CollectDebugSymbol... after 3 ms 
[2026-06-02T17:26:19.114] [DEBUG] debug-file - Executing task :entry:assembleHap
[2026-06-02T17:26:19.114] [DEBUG] debug-file - entry : assembleHap cost memory 0.0143585205078125
[2026-06-02T17:26:19.114] [DEBUG] debug-file - runTaskFromQueue task cost before running: 41 s 885 ms 
[2026-06-02T17:26:19.115] [INFO] debug-file - Finished :entry:assembleHap... after 1 ms 
[2026-06-02T17:26:19.156] [INFO] debug-file - BUILD SUCCESSFUL in 41 s 927 ms 
[2026-06-02T17:26:19.159] [DEBUG] debug-file - Update task entry:default@PreBuild input file:C:\Users\31293\Desktop\workplace\text-effects-master-upgraded-multidevice\AppScope\app.json5 cache by regenerate.
[2026-06-02T17:26:19.161] [DEBUG] debug-file - Update task entry:default@PreBuild input file:C:\Users\31293\Desktop\workplace\text-effects-master-upgraded-multidevice\entry\src\main\module.json5 cache by regenerate.
[2026-06-02T17:26:19.162] [DEBUG] debug-file - Update task entry:default@PreBuild input file:C:\Users\31293\Desktop\workplace\text-effects-master-upgraded-multidevice\build-profile.json5 cache by regenerate.
[2026-06-02T17:26:19.162] [DEBUG] debug-file - Update task entry:default@PreBuild input file:C:\Users\31293\Desktop\workplace\text-effects-master-upgraded-multidevice\entry\build-profile.json5 cache by regenerate.
[2026-06-02T17:26:19.162] [DEBUG] debug-file - Update task entry:default@PreBuild input file:C:\Users\31293\Desktop\workplace\text-effects-master-upgraded-multidevice\entry\src\main\resources\base\profile\main_pages.json cache by regenerate.
[2026-06-02T17:26:19.162] [DEBUG] debug-file - Update task entry:default@PreBuild input file:C:\Users\31293\Desktop\workplace\text-effects-master-upgraded-multidevice\hvigor\hvigor-config.json5 cache by regenerate.
[2026-06-02T17:26:19.163] [DEBUG] debug-file - Update task entry:default@PreBuild input file:C:\Users\31293\Desktop\workplace\text-effects-master-upgraded-multidevice\entry\oh-package.json5 cache by regenerate.
[2026-06-02T17:26:19.163] [DEBUG] debug-file - Update task entry:default@PreBuild input file:C:\Users\31293\Desktop\workplace\text-effects-master-upgraded-multidevice\oh-package.json5 cache by regenerate.
[2026-06-02T17:26:19.164] [DEBUG] debug-file - Incremental task entry:default@PreBuild post-execution cost:7 ms .
[2026-06-02T17:26:19.164] [DEBUG] debug-file - Update task entry:default@CreateModuleInfo output file:C:\Users\31293\Desktop\workplace\text-effects-master-upgraded-multidevice\entry\build\default\generated\profile\default\ModuleInfo.ts cache.
[2026-06-02T17:26:19.164] [DEBUG] debug-file - Incremental task entry:default@CreateModuleInfo post-execution cost:1 ms .
[2026-06-02T17:26:19.164] [DEBUG] debug-file - Update task entry:default@GenerateMetadata input file:C:\Users\31293\Desktop\workplace\text-effects-master-upgraded-multidevice\entry\src\main\module.json5 cache by regenerate.
[2026-06-02T17:26:19.165] [DEBUG] debug-file - Update task entry:default@GenerateMetadata output file:C:\Users\31293\Desktop\workplace\text-effects-master-upgraded-multidevice\entry\build\default\intermediates\hap_metadata\default\output_metadata.json cache.
[2026-06-02T17:26:19.165] [DEBUG] debug-file - Incremental task entry:default@GenerateMetadata post-execution cost:1 ms .
[2026-06-02T17:26:19.165] [DEBUG] debug-file - Update task entry:default@MergeProfile input file:C:\Users\31293\Desktop\workplace\text-effects-master-upgraded-multidevice\AppScope\app.json5 cache by regenerate.
[2026-06-02T17:26:19.165] [DEBUG] debug-file - Update task entry:default@MergeProfile input file:C:\Users\31293\Desktop\workplace\text-effects-master-upgraded-multidevice\build-profile.json5 cache by regenerate.
[2026-06-02T17:26:19.166] [DEBUG] debug-file - Update task entry:default@MergeProfile input file:C:\Users\31293\Desktop\workplace\text-effects-master-upgraded-multidevice\entry\src\main\module.json5 cache by regenerate.
[2026-06-02T17:26:19.166] [DEBUG] debug-file - Update task entry:default@MergeProfile output file:C:\Users\31293\Desktop\workplace\text-effects-master-upgraded-multidevice\entry\build\default\intermediates\merge_profile\default\module.json cache.
[2026-06-02T17:26:19.167] [DEBUG] debug-file - Incremental task entry:default@MergeProfile post-execution cost:2 ms .
[2026-06-02T17:26:19.168] [DEBUG] debug-file - Update task entry:default@CreateBuildProfile input file:C:\Users\31293\Desktop\workplace\text-effects-master-upgraded-multidevice\AppScope\app.json5 cache by regenerate.
[2026-06-02T17:26:19.168] [DEBUG] debug-file - Update task entry:default@CreateBuildProfile input file:C:\Users\31293\Desktop\workplace\text-effects-master-upgraded-multidevice\build-profile.json5 cache by regenerate.
[2026-06-02T17:26:19.168] [DEBUG] debug-file - Update task entry:default@CreateBuildProfile output file:C:\Users\31293\Desktop\workplace\text-effects-master-upgraded-multidevice\entry\build\default\generated\profile\default\BuildProfile.ets cache.
[2026-06-02T17:26:19.169] [DEBUG] debug-file - Incremental task entry:default@CreateBuildProfile post-execution cost:2 ms .
[2026-06-02T17:26:19.169] [DEBUG] debug-file - Update task entry:default@GeneratePkgContextInfo output file:C:\Users\31293\Desktop\workplace\text-effects-master-upgraded-multidevice\entry\build\default\intermediates\loader\default\pkgContextInfo.json cache.
[2026-06-02T17:26:19.169] [DEBUG] debug-file - Incremental task entry:default@GeneratePkgContextInfo post-execution cost:1 ms .
[2026-06-02T17:26:19.169] [DEBUG] debug-file - Update task entry:default@ProcessIntegratedHsp output file:C:\Users\31293\Desktop\workplace\text-effects-master-upgraded-multidevice\build\cache\default\integrated_hsp\integratedHspCache.json cache.
[2026-06-02T17:26:19.169] [DEBUG] debug-file - Incremental task entry:default@ProcessIntegratedHsp post-execution cost:1 ms .
[2026-06-02T17:26:19.170] [DEBUG] debug-file - Update task entry:default@MakePackInfo input file:C:\Users\31293\Desktop\workplace\text-effects-master-upgraded-multidevice\AppScope\app.json5 cache by regenerate.
[2026-06-02T17:26:19.170] [DEBUG] debug-file - Update task entry:default@MakePackInfo input file:C:\Users\31293\Desktop\workplace\text-effects-master-upgraded-multidevice\entry\src\main\module.json5 cache by regenerate.
[2026-06-02T17:26:19.170] [DEBUG] debug-file - Update task entry:default@MakePackInfo input file:C:\Users\31293\Desktop\workplace\text-effects-master-upgraded-multidevice\build-profile.json5 cache by regenerate.
[2026-06-02T17:26:19.171] [DEBUG] debug-file - Update task entry:default@MakePackInfo output file:C:\Users\31293\Desktop\workplace\text-effects-master-upgraded-multidevice\entry\build\default\outputs\default\pack.info cache.
[2026-06-02T17:26:19.171] [DEBUG] debug-file - Incremental task entry:default@MakePackInfo post-execution cost:2 ms .
[2026-06-02T17:26:19.171] [DEBUG] debug-file - Update task entry:default@SyscapTransform input file:C:\Program Files\Huawei\DevEco Studio\sdk\default\openharmony\toolchains\syscap_tool.exe cache by regenerate.
[2026-06-02T17:26:19.171] [DEBUG] debug-file - Update task entry:default@SyscapTransform input file:C:\Program Files\Huawei\DevEco Studio\sdk\default\openharmony\ets\api\device-define cache by regenerate.
[2026-06-02T17:26:19.173] [DEBUG] debug-file - Update task entry:default@SyscapTransform output file:C:\Users\31293\Desktop\workplace\text-effects-master-upgraded-multidevice\entry\build\default\intermediates\syscap\default\rpcid.sc cache.
[2026-06-02T17:26:19.173] [DEBUG] debug-file - Incremental task entry:default@SyscapTransform post-execution cost:2 ms .
[2026-06-02T17:26:19.173] [DEBUG] debug-file - Update task entry:default@ProcessProfile input file:C:\Users\31293\Desktop\workplace\text-effects-master-upgraded-multidevice\entry\build\default\intermediates\merge_profile\default\module.json cache by regenerate.
[2026-06-02T17:26:19.173] [DEBUG] debug-file - Update task entry:default@ProcessProfile output file:C:\Users\31293\Desktop\workplace\text-effects-master-upgraded-multidevice\entry\build\default\intermediates\process_profile\default\module.json cache.
[2026-06-02T17:26:19.174] [DEBUG] debug-file - Incremental task entry:default@ProcessProfile post-execution cost:1 ms .
[2026-06-02T17:26:19.174] [DEBUG] debug-file - Update task entry:default@ProcessRouterMap input file:C:\Users\31293\Desktop\workplace\text-effects-master-upgraded-multidevice\entry\oh-package.json5 cache by regenerate.
[2026-06-02T17:26:19.174] [DEBUG] debug-file - Update task entry:default@ProcessRouterMap input file:C:\Users\31293\Desktop\workplace\text-effects-master-upgraded-multidevice\oh-package.json5 cache by regenerate.
[2026-06-02T17:26:19.175] [DEBUG] debug-file - Update task entry:default@ProcessRouterMap input file:C:\Users\31293\Desktop\workplace\text-effects-master-upgraded-multidevice\entry\src\main\module.json5 cache by regenerate.
[2026-06-02T17:26:19.175] [DEBUG] debug-file - Update task entry:default@ProcessRouterMap output file:C:\Users\31293\Desktop\workplace\text-effects-master-upgraded-multidevice\entry\build\default\intermediates\router_map\default\temp-router-map.json cache.
[2026-06-02T17:26:19.176] [DEBUG] debug-file - Update task entry:default@ProcessRouterMap output file:C:\Users\31293\Desktop\workplace\text-effects-master-upgraded-multidevice\entry\build\default\intermediates\router_map\default\loader-router-map.json cache.
[2026-06-02T17:26:19.177] [DEBUG] debug-file - Incremental task entry:default@ProcessRouterMap post-execution cost:3 ms .
[2026-06-02T17:26:19.177] [DEBUG] debug-file - Update task entry:default@ProcessShareConfig input file:C:\Users\31293\Desktop\workplace\text-effects-master-upgraded-multidevice\entry\oh-package.json5 cache by regenerate.
[2026-06-02T17:26:19.178] [DEBUG] debug-file - Update task entry:default@ProcessShareConfig input file:C:\Users\31293\Desktop\workplace\text-effects-master-upgraded-multidevice\oh-package.json5 cache by regenerate.
[2026-06-02T17:26:19.178] [DEBUG] debug-file - Update task entry:default@ProcessShareConfig input file:C:\Users\31293\Desktop\workplace\text-effects-master-upgraded-multidevice\entry\src\main\module.json5 cache by regenerate.
[2026-06-02T17:26:19.178] [DEBUG] debug-file - Update task entry:default@ProcessShareConfig output file:C:\Users\31293\Desktop\workplace\text-effects-master-upgraded-multidevice\entry\build\default\intermediates\share_config\default\temp-share-config.json cache.
[2026-06-02T17:26:19.178] [DEBUG] debug-file - Incremental task entry:default@ProcessShareConfig post-execution cost:2 ms .
[2026-06-02T17:26:19.179] [DEBUG] debug-file - Update task entry:default@ProcessStartupConfig output file:C:\Users\31293\Desktop\workplace\text-effects-master-upgraded-multidevice\entry\build\default\intermediates\startup\default\startup_config.json cache.
[2026-06-02T17:26:19.179] [DEBUG] debug-file - Incremental task entry:default@ProcessStartupConfig post-execution cost:1 ms .
[2026-06-02T17:26:19.179] [DEBUG] debug-file - Update task entry:default@ProcessResource output file:C:\Users\31293\Desktop\workplace\text-effects-master-upgraded-multidevice\entry\build\default\intermediates\res\default\resConfig.json cache.
[2026-06-02T17:26:19.179] [DEBUG] debug-file - Update task entry:default@ProcessResource output file:C:\Users\31293\Desktop\workplace\text-effects-master-upgraded-multidevice\entry\build\default\intermediates\res\default\opt-compression.json cache.
[2026-06-02T17:26:19.180] [DEBUG] debug-file - Incremental task entry:default@ProcessResource post-execution cost:1 ms .
[2026-06-02T17:26:19.180] [DEBUG] debug-file - Update task entry:default@GenerateLoaderJson input file:C:\Users\31293\Desktop\workplace\text-effects-master-upgraded-multidevice\entry\build\default\intermediates\router_map\default\temp-router-map.json cache by regenerate.
[2026-06-02T17:26:19.181] [DEBUG] debug-file - Update task entry:default@GenerateLoaderJson output file:C:\Users\31293\Desktop\workplace\text-effects-master-upgraded-multidevice\entry\build\default\intermediates\loader\default\loader.json cache.
[2026-06-02T17:26:19.181] [DEBUG] debug-file - Incremental task entry:default@GenerateLoaderJson post-execution cost:2 ms .
[2026-06-02T17:26:19.182] [DEBUG] debug-file - Update task entry:default@ProcessLibs input file:C:\Users\31293\Desktop\workplace\text-effects-master-upgraded-multidevice\build-profile.json5 cache by regenerate.
[2026-06-02T17:26:19.182] [DEBUG] debug-file - Update task entry:default@ProcessLibs input file:C:\Users\31293\Desktop\workplace\text-effects-master-upgraded-multidevice\entry\build-profile.json5 cache by regenerate.
[2026-06-02T17:26:19.182] [DEBUG] debug-file - Update task entry:default@ProcessLibs output file:C:\Users\31293\Desktop\workplace\text-effects-master-upgraded-multidevice\entry\build\default\intermediates\libs\default cache.
[2026-06-02T17:26:19.183] [DEBUG] debug-file - Incremental task entry:default@ProcessLibs post-execution cost:2 ms .
[2026-06-02T17:26:19.184] [DEBUG] debug-file - Update task entry:default@CompileResource input file:C:\Users\31293\Desktop\workplace\text-effects-master-upgraded-multidevice\entry\src\main\resources cache by regenerate.
[2026-06-02T17:26:19.189] [DEBUG] debug-file - Update task entry:default@CompileResource input file:C:\Users\31293\Desktop\workplace\text-effects-master-upgraded-multidevice\AppScope\resources cache by regenerate.
[2026-06-02T17:26:19.190] [DEBUG] debug-file - Update task entry:default@CompileResource input file:C:\Users\31293\Desktop\workplace\text-effects-master-upgraded-multidevice\entry\build\default\intermediates\process_profile\default\module.json cache by regenerate.
[2026-06-02T17:26:19.191] [DEBUG] debug-file - Update task entry:default@CompileResource input file:C:\Users\31293\Desktop\workplace\text-effects-master-upgraded-multidevice\entry\build\default\intermediates\res\default\resConfig.json cache by regenerate.
[2026-06-02T17:26:19.191] [DEBUG] debug-file - Update task entry:default@CompileResource output file:C:\Users\31293\Desktop\workplace\text-effects-master-upgraded-multidevice\entry\build\default\intermediates\res\default cache.
[2026-06-02T17:26:19.195] [DEBUG] debug-file - Update task entry:default@CompileResource output file:C:\Users\31293\Desktop\workplace\text-effects-master-upgraded-multidevice\entry\build\default\generated\r\default\ResourceTable.h cache.
[2026-06-02T17:26:19.196] [DEBUG] debug-file - Update task entry:default@CompileResource output file:C:\Users\31293\Desktop\workplace\text-effects-master-upgraded-multidevice\entry\build\default\generated\r\default cache.
[2026-06-02T17:26:19.196] [DEBUG] debug-file - Incremental task entry:default@CompileResource post-execution cost:13 ms .
[2026-06-02T17:26:19.196] [DEBUG] debug-file - Update task entry:default@DoNativeStrip input file:C:\Users\31293\Desktop\workplace\text-effects-master-upgraded-multidevice\entry\build\default\intermediates\libs\default cache by regenerate.
[2026-06-02T17:26:19.197] [DEBUG] debug-file - Update task entry:default@DoNativeStrip output file:C:\Users\31293\Desktop\workplace\text-effects-master-upgraded-multidevice\entry\build\default\intermediates\stripped_native_libs\default cache.
[2026-06-02T17:26:19.198] [DEBUG] debug-file - Incremental task entry:default@DoNativeStrip post-execution cost:2 ms .
[2026-06-02T17:26:19.202] [DEBUG] debug-file - Update task entry:default@CompileArkTS input file:C:\Users\31293\Desktop\workplace\text-effects-master-upgraded-multidevice\entry\build\default\intermediates\loader\default cache by regenerate.
[2026-06-02T17:26:19.203] [DEBUG] debug-file - Update task entry:default@CompileArkTS input file:C:\Users\31293\Desktop\workplace\text-effects-master-upgraded-multidevice\entry\build\default\intermediates\res\default\ResourceTable.txt cache by regenerate.
[2026-06-02T17:26:19.203] [DEBUG] debug-file - Update task entry:default@CompileArkTS input file:C:\Users\31293\Desktop\workplace\text-effects-master-upgraded-multidevice\entry\build\default\intermediates\res\default\ark_module.json cache by regenerate.
[2026-06-02T17:26:19.204] [DEBUG] debug-file - Update task entry:default@CompileArkTS input file:C:\Users\31293\Desktop\workplace\text-effects-master-upgraded-multidevice\entry\build\default\intermediates\res\default\resources\base\profile cache by regenerate.
[2026-06-02T17:26:19.205] [DEBUG] debug-file - Update task entry:default@CompileArkTS input file:C:\Users\31293\Desktop\workplace\text-effects-master-upgraded-multidevice\entry\src\main\ets cache by regenerate.
[2026-06-02T17:26:19.210] [DEBUG] debug-file - Update task entry:default@CompileArkTS input file:C:\Users\31293\Desktop\workplace\text-effects-master-upgraded-multidevice\entry\build\default\generated\profile\default\BuildProfile.ets cache by regenerate.
[2026-06-02T17:26:19.210] [DEBUG] debug-file - Update task entry:default@CompileArkTS output file:C:\Users\31293\Desktop\workplace\text-effects-master-upgraded-multidevice\entry\build\default\intermediates\loader_out\default\ets cache.
[2026-06-02T17:26:19.211] [DEBUG] debug-file - Incremental task entry:default@CompileArkTS post-execution cost:14 ms .
[2026-06-02T17:26:19.212] [DEBUG] debug-file - Update task entry:default@BuildJS input file:C:\Users\31293\Desktop\workplace\text-effects-master-upgraded-multidevice\entry\build\default\intermediates\loader\default cache by regenerate.
[2026-06-02T17:26:19.214] [DEBUG] debug-file - Update task entry:default@BuildJS input file:C:\Users\31293\Desktop\workplace\text-effects-master-upgraded-multidevice\entry\build\default\intermediates\res\default\ResourceTable.txt cache by regenerate.
[2026-06-02T17:26:19.214] [DEBUG] debug-file - Update task entry:default@BuildJS input file:C:\Users\31293\Desktop\workplace\text-effects-master-upgraded-multidevice\entry\build\default\intermediates\res\default\ark_module.json cache by regenerate.
[2026-06-02T17:26:19.215] [DEBUG] debug-file - Update task entry:default@BuildJS input file:C:\Users\31293\Desktop\workplace\text-effects-master-upgraded-multidevice\entry\build\default\intermediates\res\default\resources\base\profile cache by regenerate.
[2026-06-02T17:26:19.215] [DEBUG] debug-file - Update task entry:default@BuildJS output file:C:\Users\31293\Desktop\workplace\text-effects-master-upgraded-multidevice\entry\build\default\intermediates\loader_out\default\js cache.
[2026-06-02T17:26:19.215] [DEBUG] debug-file - Incremental task entry:default@BuildJS post-execution cost:5 ms .
[2026-06-02T17:26:19.216] [DEBUG] debug-file - Update task entry:default@CacheNativeLibs input file:C:\Users\31293\Desktop\workplace\text-effects-master-upgraded-multidevice\entry\build\default\intermediates\stripped_native_libs\default cache by regenerate.
[2026-06-02T17:26:19.216] [DEBUG] debug-file - Update task entry:default@CacheNativeLibs input file:C:\Users\31293\Desktop\workplace\text-effects-master-upgraded-multidevice\entry\build\default\intermediates\libs\default cache by regenerate.
[2026-06-02T17:26:19.216] [DEBUG] debug-file - Update task entry:default@CacheNativeLibs output file:C:\Users\31293\Desktop\workplace\text-effects-master-upgraded-multidevice\entry\build\default\intermediates\patch\default\base_native_libs.json cache.
[2026-06-02T17:26:19.217] [DEBUG] debug-file - Incremental task entry:default@CacheNativeLibs post-execution cost:2 ms .
[2026-06-02T17:26:19.217] [DEBUG] debug-file - Update task entry:default@GeneratePkgModuleJson input file:C:\Users\31293\Desktop\workplace\text-effects-master-upgraded-multidevice\entry\build\default\intermediates\res\default\module.json cache by regenerate.
[2026-06-02T17:26:19.217] [DEBUG] debug-file - Update task entry:default@GeneratePkgModuleJson output file:C:\Users\31293\Desktop\workplace\text-effects-master-upgraded-multidevice\entry\build\default\intermediates\package\default\module.json cache.
[2026-06-02T17:26:19.217] [DEBUG] debug-file - Incremental task entry:default@GeneratePkgModuleJson post-execution cost:1 ms .
[2026-06-02T17:26:19.218] [DEBUG] debug-file - Incremental task entry:default@ProcessCompiledResources post-execution cost:1 ms .
[2026-06-02T17:26:19.218] [DEBUG] debug-file - Update task entry:default@PackageHap input file:C:\Users\31293\Desktop\workplace\text-effects-master-upgraded-multidevice\entry\build\default\intermediates\stripped_native_libs\default cache by regenerate.
[2026-06-02T17:26:19.219] [DEBUG] debug-file - Update task entry:default@PackageHap input file:C:\Users\31293\Desktop\workplace\text-effects-master-upgraded-multidevice\entry\build\default\intermediates\res\default\module.json cache by regenerate.
[2026-06-02T17:26:19.219] [DEBUG] debug-file - Update task entry:default@PackageHap input file:C:\Users\31293\Desktop\workplace\text-effects-master-upgraded-multidevice\entry\build\default\intermediates\res\default\resources cache by regenerate.
[2026-06-02T17:26:19.221] [DEBUG] debug-file - Update task entry:default@PackageHap input file:C:\Users\31293\Desktop\workplace\text-effects-master-upgraded-multidevice\entry\build\default\intermediates\res\default\resources.index cache by regenerate.
[2026-06-02T17:26:19.221] [DEBUG] debug-file - Update task entry:default@PackageHap input file:C:\Users\31293\Desktop\workplace\text-effects-master-upgraded-multidevice\entry\build\default\outputs\default\pack.info cache by regenerate.
[2026-06-02T17:26:19.221] [DEBUG] debug-file - Update task entry:default@PackageHap input file:C:\Users\31293\Desktop\workplace\text-effects-master-upgraded-multidevice\entry\build\default\intermediates\loader_out\default\ets cache by regenerate.
[2026-06-02T17:26:19.222] [DEBUG] debug-file - Update task entry:default@PackageHap input file:C:\Users\31293\Desktop\workplace\text-effects-master-upgraded-multidevice\entry\build\default\intermediates\loader_out\default\ets\sourceMaps.map cache by regenerate.
[2026-06-02T17:26:19.222] [DEBUG] debug-file - Update task entry:default@PackageHap input file:C:\Users\31293\Desktop\workplace\text-effects-master-upgraded-multidevice\entry\build\default\generated\profile\default\BuildProfile.ets cache by regenerate.
[2026-06-02T17:26:19.223] [DEBUG] debug-file - Update task entry:default@PackageHap output file:C:\Users\31293\Desktop\workplace\text-effects-master-upgraded-multidevice\entry\build\default\outputs\default\entry-default-unsigned.hap cache.
[2026-06-02T17:26:19.223] [DEBUG] debug-file - Update task entry:default@PackageHap output file:C:\Users\31293\Desktop\workplace\text-effects-master-upgraded-multidevice\entry\build\default\intermediates\source_map\default\sourceMaps.map cache.
[2026-06-02T17:26:19.223] [DEBUG] debug-file - Update task entry:default@PackageHap output file:C:\Users\31293\Desktop\workplace\text-effects-master-upgraded-multidevice\entry\build\default\outputs\default\mapping\sourceMaps.map cache.
[2026-06-02T17:26:19.224] [DEBUG] debug-file - Incremental task entry:default@PackageHap post-execution cost:7 ms .
[2026-06-02T17:26:19.224] [DEBUG] debug-file - Update task entry:default@SignHap input file:C:\Users\31293\Desktop\workplace\text-effects-master-upgraded-multidevice\entry\build\default\outputs\default\entry-default-unsigned.hap cache by regenerate.
[2026-06-02T17:26:19.225] [DEBUG] debug-file - Update task entry:default@SignHap output file:C:\Users\31293\Desktop\workplace\text-effects-master-upgraded-multidevice\entry\build\default\outputs\default\entry-default-signed.hap cache.
[2026-06-02T17:26:19.227] [DEBUG] debug-file - Incremental task entry:default@SignHap post-execution cost:3 ms .
[2026-06-02T17:26:19.228] [DEBUG] debug-file - Update task entry:default@CollectDebugSymbol input file:C:\Users\31293\Desktop\workplace\text-effects-master-upgraded-multidevice\entry\build\default\intermediates\loader_out\default\ets\sourceMaps.map cache by regenerate.
[2026-06-02T17:26:19.228] [DEBUG] debug-file - Update task entry:default@CollectDebugSymbol input file:C:\Users\31293\Desktop\workplace\text-effects-master-upgraded-multidevice\entry\build\default\intermediates\libs\default cache by regenerate.
[2026-06-02T17:26:19.229] [DEBUG] debug-file - Update task entry:default@CollectDebugSymbol output file:C:\Users\31293\Desktop\workplace\text-effects-master-upgraded-multidevice\entry\build\default\outputs\default\symbol cache.
[2026-06-02T17:26:19.229] [DEBUG] debug-file - Incremental task entry:default@CollectDebugSymbol post-execution cost:2 ms .
[2026-06-02T17:26:19.314] [DEBUG] debug-file - session manager: send message to worker process.
[2026-06-02T17:26:19.315] [DEBUG] debug-file - session manager: send message to worker process.
[2026-06-02T17:26:19.315] [DEBUG] debug-file - Cleanup worker 0.
[2026-06-02T17:26:19.315] [DEBUG] debug-file - Worker 0 has been cleaned up.
[2026-06-02T17:26:19.315] [DEBUG] debug-file - Current idle worker size: 4.
[2026-06-02T17:26:19.316] [DEBUG] debug-file - Current resident worker size: 5.
[2026-06-02T17:26:19.316] [DEBUG] debug-file - Cleanup worker 1.
[2026-06-02T17:26:19.316] [DEBUG] debug-file - Worker 1 has been cleaned up.
[2026-06-02T17:26:19.317] [DEBUG] debug-file - Current idle worker size: 3.
[2026-06-02T17:26:19.317] [DEBUG] debug-file - Current resident worker size: 5.
[2026-06-02T17:26:19.319] [DEBUG] debug-file - Cleanup worker 6.
[2026-06-02T17:26:19.319] [DEBUG] debug-file - Worker 6 has been cleaned up.
[2026-06-02T17:26:19.319] [DEBUG] debug-file - Current idle worker size: 2.
[2026-06-02T17:26:19.319] [DEBUG] debug-file - Current resident worker size: 5.
[2026-06-02T17:26:19.319] [DEBUG] debug-file - Cleanup worker 5.
[2026-06-02T17:26:19.319] [DEBUG] debug-file - Worker 5 has been cleaned up.
[2026-06-02T17:26:19.319] [DEBUG] debug-file - Current idle worker size: 1.
[2026-06-02T17:26:19.320] [DEBUG] debug-file - Current resident worker size: 5.
[2026-06-02T17:26:19.322] [DEBUG] debug-file - hvigor build process will be closed.
[2026-06-02T17:26:19.324] [DEBUG] debug-file - java daemon socket close code:1000 reason:close by user
[2026-06-02T17:26:19.330] [DEBUG] debug-file - watch worker: worker id should be larger than 0. Nothing will be sent to any worker thread.
[2026-06-02T17:26:19.330] [DEBUG] debug-file - watch worker: worker id should be larger than 0. Nothing will be sent to any worker thread.
[2026-06-02T17:26:19.361] [DEBUG] debug-file - worker[0] exits with exit code 1.
[2026-06-02T17:26:19.362] [DEBUG] debug-file - worker[1] exits with exit code 1.
[2026-06-02T17:26:19.372] [DEBUG] debug-file - worker[5] exits with exit code 1.
[2026-06-02T17:26:19.374] [DEBUG] debug-file - worker[6] exits with exit code 1.
[2026-06-23T15:13:04.252] [DEBUG] debug-file - env: nodejsVersion=v18.20.1
[2026-06-23T15:13:04.659] [DEBUG] debug-file - Hvigor init with startParameters:{
  hvigorfileTypeCheck: false,
  parallelExecution: true,
  incrementalExecution: true,
  printStackTrace: false,
  daemon: false,
  analyze: 0,
  logLevel: Level { level: 20000, levelStr: 'INFO', colour: 'green' },
  optimizationStrategy: 'memory',
  hotCompile: undefined,
  hotReloadBuild: undefined,
  customizedParam: undefined
}
[2026-06-23T15:13:06.678] [DEBUG] debug-file - hvigorfile, require result:  { default: { system: [Function: appTasks], plugins: [] } }
[2026-06-23T15:13:06.680] [DEBUG] debug-file - Starting plugin build process
[2026-06-23T15:13:06.831] [DEBUG] debug-file - App plugin register hook start...
[2026-06-23T15:13:06.834] [DEBUG] debug-file - Start initialize project's product build option map with build mode debug.
[2026-06-23T15:13:06.838] [DEBUG] debug-file - Obtain build option for product 'default'in this build.
[2026-06-23T15:13:06.848] [DEBUG] debug-file - Start recording SDK configuration permission data.
[2026-06-23T15:13:06.898] [DEBUG] debug-file - Project task initialization takes 10 ms 
[2026-06-23T15:13:06.909] [DEBUG] debug-file - failed to load cangjie to dynamically generate schemas: Error: Cannot find module '@ohos/cangjie-build-support/index'
Require stack:
- C:\Program Files\Huawei\DevEco Studio\tools\hvigor\hvigor-ohos-plugin\src\plugin\hooks\cangjie-register.js
- C:\Program Files\Huawei\DevEco Studio\tools\hvigor\hvigor-ohos-plugin\src\plugin\strategy\stage-init-strategy.js
- C:\Program Files\Huawei\DevEco Studio\tools\hvigor\hvigor-ohos-plugin\src\plugin\builder\abstract-plugin-builder.js
- C:\Program Files\Huawei\DevEco Studio\tools\hvigor\hvigor-ohos-plugin\src\plugin\builder\app-plugin-builder.js
- C:\Program Files\Huawei\DevEco Studio\tools\hvigor\hvigor-ohos-plugin\src\plugin\factory\plugin-factory.js
- C:\Program Files\Huawei\DevEco Studio\tools\hvigor\hvigor-ohos-plugin\index.js
- C:\Users\31293\Desktop\workplace\text-effects-master-upgraded-multidevice-freeflow\hvigorfile.ts
- C:\Program Files\Huawei\DevEco Studio\tools\hvigor\hvigor\src\base\internal\lifecycle\configuration.js
- C:\Program Files\Huawei\DevEco Studio\tools\hvigor\hvigor\src\base\boot\index.js
- C:\Program Files\Huawei\DevEco Studio\tools\hvigor\hvigor\src\cli\main\cli.js
- C:\Program Files\Huawei\DevEco Studio\tools\hvigor\hvigor\bin\hvigor.js
[2026-06-23T15:13:06.928] [DEBUG] debug-file - Start initialize module-target build option map, moduleName=entry, buildMode=debug
[2026-06-23T15:13:06.943] [DEBUG] debug-file - project has submodules:entry
[2026-06-23T15:13:06.954] [DEBUG] debug-file - start to load updatedOhPackageInfo to the disk
[2026-06-23T15:13:06.977] [DEBUG] debug-file - Start to initialize dependency information.
[2026-06-23T15:13:04.253] [DEBUG] debug-file - env: hvigor-config.json5 content = {
  modelVersion: '5.0.0',
  dependencies: {},
  execution: {},
  logging: {},
  debugging: {},
  nodeOptions: {}
}
[2026-06-23T15:13:04.667] [DEBUG] debug-file - Cache service initialization finished in 8 ms 
[2026-06-23T15:13:06.679] [DEBUG] debug-file - hvigorfile, binding system plugins [Function: appTasks]
[2026-06-23T15:13:06.680] [DEBUG] debug-file - App plugin prepare start...
[2026-06-23T15:13:06.831] [DEBUG] debug-file - App plugin register hook end...
[2026-06-23T15:13:06.834] [DEBUG] debug-file - Picking option from product 'default' with build mode 'debug'.
[2026-06-23T15:13:06.839] [DEBUG] debug-file - No signingConfig found, initRemoteHspCache failed.
[2026-06-23T15:13:06.887] [DEBUG] debug-file - Sdk init in 47 ms 
[2026-06-23T15:13:06.898] [DEBUG] debug-file - hvigorfile, binding custom plugins []
[2026-06-23T15:13:06.928] [DEBUG] debug-file - Target 'default' config initialized
[2026-06-23T15:13:06.968] [DEBUG] debug-file - load to the disk finished
[2026-06-23T15:13:06.981] [DEBUG] debug-file - Module entry Collected Dependency: 
[2026-06-23T15:13:07.060] [DEBUG] debug-file - Create  resident worker with id: 0.
[2026-06-23T15:13:04.256] [DEBUG] debug-file - env: daemon=false
[2026-06-23T15:13:04.669] [DEBUG] debug-file - hvigorfile, resolving C:\Users\31293\Desktop\workplace\text-effects-master-upgraded-multidevice-freeflow\hvigorfile.ts
[2026-06-23T15:13:06.680] [DEBUG] debug-file - App plugin prepare end...
[2026-06-23T15:13:06.831] [DEBUG] debug-file - Plugin build process completed
[2026-06-23T15:13:06.834] [DEBUG] debug-file - Product 'default' build option initialized
[2026-06-23T15:13:06.842] [DEBUG] debug-file - Local scan or download HarmonyOS sdk components toolchains,ets,js,native,previewer
[2026-06-23T15:13:06.898] [DEBUG] debug-file - hvigorfile, no custom plugins were found in C:\Users\31293\Desktop\workplace\text-effects-master-upgraded-multidevice-freeflow\hvigorfile.ts
[2026-06-23T15:13:06.929] [DEBUG] debug-file - Module 'entry' target 'default' build option initialized
[2026-06-23T15:13:06.971] [DEBUG] debug-file - Start to initialize dependency information.
[2026-06-23T15:13:06.982] [DEBUG] debug-file - Module entry's total dependency: 0
[2026-06-23T15:13:07.063] [DEBUG] debug-file - Create  resident worker with id: 1.
[2026-06-23T15:13:04.256] [DEBUG] debug-file - no-daemon, use the parent process.execArgv --max-old-space-size=8192,--max-semi-space-size=16,--expose-gc
[2026-06-23T15:13:06.680] [DEBUG] debug-file - App plugin creating...
[2026-06-23T15:13:06.834] [DEBUG] debug-file - End initialize project's product build option map with build mode 'debug'.
[2026-06-23T15:13:06.845] [DEBUG] debug-file - Local scan or download hmscore sdk components toolchains,ets,native
[2026-06-23T15:13:06.899] [DEBUG] debug-file - hvigorfile, resolve finished C:\Users\31293\Desktop\workplace\text-effects-master-upgraded-multidevice-freeflow\hvigorfile.ts
[2026-06-23T15:13:06.929] [DEBUG] debug-file - End initialize module-target build option map, moduleName=entry
[2026-06-23T15:13:06.974] [DEBUG] debug-file - Module text-effects-master-upgraded-multidevice-freeflow Collected Dependency: 
[2026-06-23T15:13:06.993] [DEBUG] debug-file - Configuration phase cost:2 s 326 ms 
[2026-06-23T15:13:07.066] [DEBUG] debug-file - Current worker pool is stopped or closed.
[2026-06-23T15:13:06.899] [DEBUG] debug-file - hvigorfile, resolving C:\Users\31293\Desktop\workplace\text-effects-master-upgraded-multidevice-freeflow\entry\hvigorfile.ts
[2026-06-23T15:13:06.929] [DEBUG] debug-file - Start initialize module-target build option map, moduleName=entry, buildMode=release
[2026-06-23T15:13:06.974] [DEBUG] debug-file - Module text-effects-master-upgraded-multidevice-freeflow's total dependency: 0
[2026-06-23T15:13:06.996] [DEBUG] debug-file - Configuration task cost before running: 2 s 346 ms 
[2026-06-23T15:13:07.067] [DEBUG] debug-file - Clear worker 0.
[2026-06-23T15:13:06.906] [DEBUG] debug-file - hvigorfile, require result:  { default: { system: [Function: hapTasks], plugins: [] } }
[2026-06-23T15:13:06.929] [DEBUG] debug-file - Target 'default' config initialized
[2026-06-23T15:13:06.997] [DEBUG] debug-file - Executing task :entry:init
[2026-06-23T15:13:07.067] [DEBUG] debug-file - Worker 0 has been cleared.
[2026-06-23T15:13:06.906] [DEBUG] debug-file - hvigorfile, binding system plugins [Function: hapTasks]
[2026-06-23T15:13:06.929] [DEBUG] debug-file - Module 'entry' target 'default' build option initialized
[2026-06-23T15:13:07.067] [DEBUG] debug-file - Current idle worker size: 1.
[2026-06-23T15:13:06.998] [DEBUG] debug-file - entry : init cost memory 0.014129638671875
[2026-06-23T15:13:06.906] [DEBUG] debug-file - Starting plugin build process
[2026-06-23T15:13:06.930] [DEBUG] debug-file - End initialize module-target build option map, moduleName=entry
[2026-06-23T15:13:07.067] [DEBUG] debug-file - Current busy worker size: 0.
[2026-06-23T15:13:06.998] [DEBUG] debug-file - runTaskFromQueue task cost before running: 2 s 347 ms 
[2026-06-23T15:13:06.906] [DEBUG] debug-file - Hap plugin creating...
[2026-06-23T15:13:06.930] [DEBUG] debug-file - Start initialize module-target build option map, moduleName=entry, buildMode=debug
[2026-06-23T15:13:07.000] [INFO] debug-file - Finished :entry:init... after 1 ms 
[2026-06-23T15:13:07.067] [DEBUG] debug-file - Clear worker 1.
[2026-06-23T15:13:06.930] [DEBUG] debug-file - Target 'default' config initialized
[2026-06-23T15:13:07.001] [DEBUG] debug-file - Executing task ::init
[2026-06-23T15:13:07.067] [DEBUG] debug-file - Worker 1 has been cleared.
[2026-06-23T15:13:06.930] [DEBUG] debug-file - Module 'entry' target 'default' build option initialized
[2026-06-23T15:13:07.002] [DEBUG] debug-file - text-effects-master-upgraded-multidevice-freeflow : init cost memory 0.01143646240234375
[2026-06-23T15:13:07.067] [DEBUG] debug-file - Current idle worker size: 0.
[2026-06-23T15:13:06.930] [DEBUG] debug-file - End initialize module-target build option map, moduleName=entry
[2026-06-23T15:13:07.002] [DEBUG] debug-file - runTaskFromQueue task cost before running: 2 s 351 ms 
[2026-06-23T15:13:07.067] [DEBUG] debug-file - Current busy worker size: 0.
[2026-06-23T15:13:06.930] [DEBUG] debug-file - Obtain build option for module 'entry' target 'default'in this build.
[2026-06-23T15:13:07.002] [INFO] debug-file - Finished ::init... after 1 ms 
[2026-06-23T15:13:07.067] [DEBUG] debug-file - hvigor build process will be closed.
[2026-06-23T15:13:06.938] [DEBUG] debug-file - Module entry task initialization takes 7 ms 
[2026-06-23T15:13:07.015] [DEBUG] debug-file - Obtain build option for module 'entry' target 'default'in this build.
[2026-06-23T15:13:07.071] [DEBUG] debug-file - worker[0] exits with exit code 0.
[2026-06-23T15:13:06.939] [DEBUG] debug-file - Hap plugin register hook start...
[2026-06-23T15:13:07.058] [DEBUG] debug-file - Since there is no instance or instance is terminated, create a new worker pool.
[2026-06-23T15:13:07.074] [DEBUG] debug-file - worker[1] exits with exit code 0.
[2026-06-23T15:13:06.939] [DEBUG] debug-file - Hap plugin register hook end...
[2026-06-23T15:13:07.058] [DEBUG] debug-file - Worker pool is initialized with config:  {
  minPoolNum: 2,
  maxPoolNum: undefined,
  maxCoreSize: undefined,
  cacheCapacity: undefined,
  cacheTtl: undefined
}
[2026-06-23T15:13:07.075] [DEBUG] debug-file - Current worker pool is terminated.
[2026-06-23T15:13:06.939] [DEBUG] debug-file - Plugin build process completed
[2026-06-23T15:13:06.939] [DEBUG] debug-file - hvigorfile, binding custom plugins []
[2026-06-23T15:13:06.939] [DEBUG] debug-file - hvigorfile, no custom plugins were found in C:\Users\31293\Desktop\workplace\text-effects-master-upgraded-multidevice-freeflow\entry\hvigorfile.ts
[2026-06-23T15:13:06.939] [DEBUG] debug-file - hvigorfile, resolve finished C:\Users\31293\Desktop\workplace\text-effects-master-upgraded-multidevice-freeflow\entry\hvigorfile.ts
[2026-06-23T15:16:46.683] [DEBUG] debug-file - env: nodejsVersion=v18.20.1
[2026-06-23T15:16:46.796] [DEBUG] debug-file - env: daemon=true
[2026-06-23T15:16:46.685] [DEBUG] debug-file - env: hvigor-config.json5 content = {
  modelVersion: '5.0.0',
  dependencies: {},
  execution: {},
  logging: {},
  debugging: {},
  nodeOptions: {}
}
[2026-06-23T15:16:48.814] [DEBUG] debug-file - java daemon tryConnect failed Error: connect ECONNREFUSED 127.0.0.1:45050
[2026-06-23T15:16:48.822] [DEBUG] debug-file - java daemon started at port 45050 pid 9572
[2026-06-23T15:16:48.867] [DEBUG] debug-file - session manager: set active socket. socketId=1GFYKDq8TH8yUvuVAAAB
[2026-06-23T15:16:50.615] [DEBUG] debug-file - watch worker: worker id should be larger than 0. Nothing will be sent to any worker thread.
[2026-06-23T15:16:50.623] [DEBUG] debug-file - Since there is no instance or instance is terminated, create a new worker pool.
[2026-06-23T15:16:50.623] [DEBUG] debug-file - Worker pool is initialized with config:  {
  minPoolNum: 2,
  maxPoolNum: undefined,
  maxCoreSize: undefined,
  cacheCapacity: undefined,
  cacheTtl: undefined
}
[2026-06-23T15:16:50.625] [DEBUG] debug-file - Create  resident worker with id: 0.
[2026-06-23T15:16:50.629] [DEBUG] debug-file - Create  resident worker with id: 1.
[2026-06-23T15:16:50.633] [DEBUG] debug-file - Workers' log level updated to INFO
[2026-06-23T15:16:50.644] [DEBUG] debug-file - Hvigor init with startParameters:{
  hvigorfileTypeCheck: false,
  parallelExecution: true,
  incrementalExecution: true,
  printStackTrace: false,
  daemon: true,
  analyze: 0,
  logLevel: Level { level: 20000, levelStr: 'INFO', colour: 'green' },
  optimizationStrategy: 'memory',
  hotCompile: undefined,
  hotReloadBuild: undefined,
  customizedParam: undefined
}
[2026-06-23T15:16:50.662] [DEBUG] debug-file - Cache service initialization finished in 17 ms 
[2026-06-23T15:16:50.665] [DEBUG] debug-file - hvigorfile, resolving C:\Users\31293\Desktop\workplace\text-effects-master-upgraded-multidevice-freeflow\hvigorfile.ts
[2026-06-23T15:16:55.336] [DEBUG] debug-file - hvigorfile, require result:  { default: { plugins: [] } }
[2026-06-23T15:16:55.337] [DEBUG] debug-file - hvigorfile, binding system plugins null
[2026-06-23T15:16:55.339] [DEBUG] debug-file - Starting plugin build process
[2026-06-23T15:16:55.339] [DEBUG] debug-file - App plugin prepare start...
[2026-06-23T15:16:55.339] [DEBUG] debug-file - App plugin prepare end...
[2026-06-23T15:16:55.340] [DEBUG] debug-file - App plugin creating...
[2026-06-23T15:16:55.679] [DEBUG] debug-file - App plugin register hook start...
[2026-06-23T15:16:55.680] [DEBUG] debug-file - App plugin register hook end...
[2026-06-23T15:16:55.680] [DEBUG] debug-file - Plugin build process completed
[2026-06-23T15:16:55.682] [DEBUG] debug-file - Start initialize project's product build option map with build mode debug.
[2026-06-23T15:16:55.682] [DEBUG] debug-file - Picking option from product 'default' with build mode 'debug'.
[2026-06-23T15:16:55.683] [DEBUG] debug-file - Product 'default' build option initialized
[2026-06-23T15:16:55.683] [DEBUG] debug-file - End initialize project's product build option map with build mode 'debug'.
[2026-06-23T15:16:55.687] [DEBUG] debug-file - Obtain build option for product 'default'in this build.
[2026-06-23T15:16:55.691] [DEBUG] debug-file - No signingConfig found, initRemoteHspCache failed.
[2026-06-23T15:16:55.698] [DEBUG] debug-file - Local scan or download HarmonyOS sdk components toolchains,ets,js,native,previewer
[2026-06-23T15:16:55.705] [DEBUG] debug-file - Local scan or download hmscore sdk components toolchains,ets,native
[2026-06-23T15:16:55.710] [DEBUG] debug-file - Start recording SDK configuration permission data.
[2026-06-23T15:16:55.770] [DEBUG] debug-file - Sdk init in 76 ms 
[2026-06-23T15:16:55.785] [DEBUG] debug-file - Project task initialization takes 12 ms 
[2026-06-23T15:16:55.785] [DEBUG] debug-file - hvigorfile, binding custom plugins []
[2026-06-23T15:16:55.785] [DEBUG] debug-file - hvigorfile, no custom plugins were found in C:\Users\31293\Desktop\workplace\text-effects-master-upgraded-multidevice-freeflow\hvigorfile.ts
[2026-06-23T15:16:55.785] [DEBUG] debug-file - hvigorfile, resolve finished C:\Users\31293\Desktop\workplace\text-effects-master-upgraded-multidevice-freeflow\hvigorfile.ts
[2026-06-23T15:16:55.787] [DEBUG] debug-file - hvigorfile, resolving C:\Users\31293\Desktop\workplace\text-effects-master-upgraded-multidevice-freeflow\entry\hvigorfile.ts
[2026-06-23T15:16:55.796] [DEBUG] debug-file - hvigorfile, require result:  { default: { plugins: [] } }
[2026-06-23T15:16:55.797] [DEBUG] debug-file - hvigorfile, binding system plugins null
[2026-06-23T15:16:55.797] [DEBUG] debug-file - Starting plugin build process
[2026-06-23T15:16:55.797] [DEBUG] debug-file - Hap plugin creating...
[2026-06-23T15:16:55.802] [DEBUG] debug-file - failed to load cangjie to dynamically generate schemas: Error: Cannot find module '@ohos/cangjie-build-support/index'
Require stack:
- C:\Program Files\Huawei\DevEco Studio\tools\hvigor\hvigor-ohos-plugin\src\plugin\hooks\cangjie-register.js
- C:\Program Files\Huawei\DevEco Studio\tools\hvigor\hvigor-ohos-plugin\src\plugin\strategy\stage-init-strategy.js
- C:\Program Files\Huawei\DevEco Studio\tools\hvigor\hvigor-ohos-plugin\src\plugin\builder\abstract-plugin-builder.js
- C:\Program Files\Huawei\DevEco Studio\tools\hvigor\hvigor-ohos-plugin\src\plugin\builder\app-plugin-builder.js
- C:\Program Files\Huawei\DevEco Studio\tools\hvigor\hvigor-ohos-plugin\src\plugin\factory\plugin-factory.js
- C:\Program Files\Huawei\DevEco Studio\tools\hvigor\hvigor-ohos-plugin\index.js
- C:\Users\31293\Desktop\workplace\text-effects-master-upgraded-multidevice-freeflow\hvigorfile.ts
- C:\Program Files\Huawei\DevEco Studio\tools\hvigor\hvigor\src\base\internal\lifecycle\configuration.js
- C:\Program Files\Huawei\DevEco Studio\tools\hvigor\hvigor\src\base\boot\index.js
- C:\Program Files\Huawei\DevEco Studio\tools\hvigor\hvigor\src\base\daemon\cluster\worker-process-lifecycle.js
- C:\Program Files\Huawei\DevEco Studio\tools\hvigor\hvigor\src\base\daemon\process\daemon-process-boot-script.js
[2026-06-23T15:16:55.835] [DEBUG] debug-file - Start initialize module-target build option map, moduleName=entry, buildMode=debug
[2026-06-23T15:16:55.835] [DEBUG] debug-file - Target 'default' config initialized
[2026-06-23T15:16:55.837] [DEBUG] debug-file - Module 'entry' target 'default' build option initialized
[2026-06-23T15:16:55.837] [DEBUG] debug-file - End initialize module-target build option map, moduleName=entry
[2026-06-23T15:16:55.837] [DEBUG] debug-file - Start initialize module-target build option map, moduleName=entry, buildMode=release
[2026-06-23T15:16:55.837] [DEBUG] debug-file - Target 'default' config initialized
[2026-06-23T15:16:55.839] [DEBUG] debug-file - Module 'entry' target 'default' build option initialized
[2026-06-23T15:16:55.839] [DEBUG] debug-file - End initialize module-target build option map, moduleName=entry
[2026-06-23T15:16:55.839] [DEBUG] debug-file - Start initialize module-target build option map, moduleName=entry, buildMode=debug
[2026-06-23T15:16:55.840] [DEBUG] debug-file - Target 'default' config initialized
[2026-06-23T15:16:55.840] [DEBUG] debug-file - Module 'entry' target 'default' build option initialized
[2026-06-23T15:16:55.840] [DEBUG] debug-file - End initialize module-target build option map, moduleName=entry
[2026-06-23T15:16:55.841] [DEBUG] debug-file - Obtain build option for module 'entry' target 'default'in this build.
[2026-06-23T15:16:55.853] [DEBUG] debug-file - Module entry task initialization takes 9 ms 
[2026-06-23T15:16:55.854] [DEBUG] debug-file - Hap plugin register hook start...
[2026-06-23T15:16:55.855] [DEBUG] debug-file - Hap plugin register hook end...
[2026-06-23T15:16:55.855] [DEBUG] debug-file - Plugin build process completed
[2026-06-23T15:16:55.855] [DEBUG] debug-file - hvigorfile, binding custom plugins []
[2026-06-23T15:16:55.855] [DEBUG] debug-file - hvigorfile, no custom plugins were found in C:\Users\31293\Desktop\workplace\text-effects-master-upgraded-multidevice-freeflow\entry\hvigorfile.ts
[2026-06-23T15:16:55.855] [DEBUG] debug-file - hvigorfile, resolve finished C:\Users\31293\Desktop\workplace\text-effects-master-upgraded-multidevice-freeflow\entry\hvigorfile.ts
[2026-06-23T15:16:55.954] [DEBUG] debug-file - hvigorfile, resolve hvigorfile dependencies in 99 ms 
[2026-06-23T15:16:55.955] [DEBUG] debug-file - project has submodules:entry
[2026-06-23T15:16:55.958] [DEBUG] debug-file - start to load updatedOhPackageInfo to the disk
[2026-06-23T15:16:55.969] [DEBUG] debug-file - load to the disk finished
[2026-06-23T15:16:55.972] [DEBUG] debug-file - Start to initialize dependency information.
[2026-06-23T15:16:55.978] [DEBUG] debug-file - Module text-effects-master-upgraded-multidevice-freeflow Collected Dependency: 
[2026-06-23T15:16:55.979] [DEBUG] debug-file - Module text-effects-master-upgraded-multidevice-freeflow's total dependency: 0
[2026-06-23T15:16:55.983] [DEBUG] debug-file - Start to initialize dependency information.
[2026-06-23T15:16:55.987] [DEBUG] debug-file - Module entry Collected Dependency: 
[2026-06-23T15:16:55.987] [DEBUG] debug-file - Module entry's total dependency: 0
[2026-06-23T15:16:55.997] [DEBUG] debug-file - Configuration phase cost:5 s 335 ms 
[2026-06-23T15:16:56.002] [DEBUG] debug-file - Configuration task cost before running: 5 s 368 ms 
[2026-06-23T15:16:56.015] [DEBUG] debug-file - Executing task :entry:default@PreBuild
[2026-06-23T15:16:56.017] [DEBUG] debug-file - Task 'entry:default@PreBuild' cost while wrapping incremental declarations: 1 ms 
[2026-06-23T15:16:56.103] [ERROR] debug-file - Failed :entry:default@PreBuild... 
[2026-06-23T15:16:56.103] [DEBUG] debug-file - hvigor build process will be closed with an error.
[2026-06-23T15:16:56.104] [ERROR] debug-file - [31m00303038 Configuration Error
Error Message: Schema validate failed, at file: C:\Users\31293\Desktop\workplace\text-effects-master-upgraded-multidevice-freeflow\AppScope\app.json5

* Try the following:
  > Please check the following fields. 
 {
  instancePath: '',
  keyword: 'enum',
  params: { allowedValues: [ 'app' ] },
  message: 'must be equal to one of the allowed values',
  location: 'C:/Users/31293/Desktop/workplace/text-effects-master-upgraded-multidevice-freeflow/AppScope/app.json5:1:2'
} 
{
  instancePath: '',
  keyword: 'propertyNames',
  params: { propertyName: 'reqPermissions' },
  message: 'property name must be valid',
  location: 'C:/Users/31293/Desktop/workplace/text-effects-master-upgraded-multidevice-freeflow/AppScope/app.json5:1:2'
} 

[39m

[31m* Try:
> Run with --stacktrace option to get the stack trace.
> Run with --debug option to get more log output.

[2026-06-23T15:16:56.105] [DEBUG] debug-file - ERROR: stacktrace = AdaptorError: [31m00303038 Configuration Error
Error Message: Schema validate failed, at file: C:\Users\31293\Desktop\workplace\text-effects-master-upgraded-multidevice-freeflow\AppScope\app.json5

* Try the following:
  > Please check the following fields. 
 {
  instancePath: '',
  keyword: 'enum',
  params: { allowedValues: [ 'app' ] },
  message: 'must be equal to one of the allowed values',
  location: 'C:/Users/31293/Desktop/workplace/text-effects-master-upgraded-multidevice-freeflow/AppScope/app.json5:1:2'
} 
{
  instancePath: '',
  keyword: 'propertyNames',
  params: { propertyName: 'reqPermissions' },
  message: 'property name must be valid',
  location: 'C:/Users/31293/Desktop/workplace/text-effects-master-upgraded-multidevice-freeflow/AppScope/app.json5:1:2'
} 

[39m
    at OhosLogger.printErrorExit (C:\Program Files\Huawei\DevEco Studio\tools\hvigor\hvigor\src\base\log\hvigor-log.js:1:5087)
    at ValidateUtil.doSchemaCheck (C:\Program Files\Huawei\DevEco Studio\tools\hvigor\hvigor-ohos-plugin\src\utils\validate\validate-util.js:1:8177)
    at ValidateUtil.submitSchemaCheckWork (C:\Program Files\Huawei\DevEco Studio\tools\hvigor\hvigor-ohos-plugin\src\utils\validate\validate-util.js:1:7013)
    at PreBuild.appJson5Validate (C:\Program Files\Huawei\DevEco Studio\tools\hvigor\hvigor-ohos-plugin\src\tasks\pre-build.js:1:14286)
    at PreBuild.doValidateForDiffApiType (C:\Program Files\Huawei\DevEco Studio\tools\hvigor\hvigor-ohos-plugin\src\tasks\pre-build.js:1:9573)
    at PreBuild.doTaskAction (C:\Program Files\Huawei\DevEco Studio\tools\hvigor\hvigor-ohos-plugin\src\tasks\abstract\abstract-pre-build.js:1:7450)
    at PreBuild.<anonymous> (C:\Program Files\Huawei\DevEco Studio\tools\hvigor\hvigor-ohos-plugin\src\tasks\task\ohos-module-task.js:1:2074)
    at process.processTicksAndRejections (node:internal/process/task_queues:95:5)
    at async PreBuild.execute (C:\Program Files\Huawei\DevEco Studio\tools\hvigor\hvigor\src\base\external\task\core-task-impl.js:1:2191)
    at async TaskProxy.execute (C:\Program Files\Huawei\DevEco Studio\tools\hvigor\hvigor\src\base\internal\task\proxy\task-proxy.js:1:6139)
[2026-06-23T15:16:56.105] [ERROR] debug-file - AdaptorError: [31m00303038 Configuration Error
Error Message: Schema validate failed, at file: C:\Users\31293\Desktop\workplace\text-effects-master-upgraded-multidevice-freeflow\AppScope\app.json5

* Try the following:
  > Please check the following fields. 
 {
  instancePath: '',
  keyword: 'enum',
  params: { allowedValues: [ 'app' ] },
  message: 'must be equal to one of the allowed values',
  location: 'C:/Users/31293/Desktop/workplace/text-effects-master-upgraded-multidevice-freeflow/AppScope/app.json5:1:2'
} 
{
  instancePath: '',
  keyword: 'propertyNames',
  params: { propertyName: 'reqPermissions' },
  message: 'property name must be valid',
  location: 'C:/Users/31293/Desktop/workplace/text-effects-master-upgraded-multidevice-freeflow/AppScope/app.json5:1:2'
} 

[39m
    at OhosLogger.printErrorExit (C:\Program Files\Huawei\DevEco Studio\tools\hvigor\hvigor\src\base\log\hvigor-log.js:1:5087)
    at ValidateUtil.doSchemaCheck (C:\Program Files\Huawei\DevEco Studio\tools\hvigor\hvigor-ohos-plugin\src\utils\validate\validate-util.js:1:8177)
    at ValidateUtil.submitSchemaCheckWork (C:\Program Files\Huawei\DevEco Studio\tools\hvigor\hvigor-ohos-plugin\src\utils\validate\validate-util.js:1:7013)
    at PreBuild.appJson5Validate (C:\Program Files\Huawei\DevEco Studio\tools\hvigor\hvigor-ohos-plugin\src\tasks\pre-build.js:1:14286)
    at PreBuild.doValidateForDiffApiType (C:\Program Files\Huawei\DevEco Studio\tools\hvigor\hvigor-ohos-plugin\src\tasks\pre-build.js:1:9573)
    at PreBuild.doTaskAction (C:\Program Files\Huawei\DevEco Studio\tools\hvigor\hvigor-ohos-plugin\src\tasks\abstract\abstract-pre-build.js:1:7450)
    at PreBuild.<anonymous> (C:\Program Files\Huawei\DevEco Studio\tools\hvigor\hvigor-ohos-plugin\src\tasks\task\ohos-module-task.js:1:2074)
    at process.processTicksAndRejections (node:internal/process/task_queues:95:5)
    at async PreBuild.execute (C:\Program Files\Huawei\DevEco Studio\tools\hvigor\hvigor\src\base\external\task\core-task-impl.js:1:2191)
    at async TaskProxy.execute (C:\Program Files\Huawei\DevEco Studio\tools\hvigor\hvigor\src\base\internal\task\proxy\task-proxy.js:1:6139)
[2026-06-23T15:16:56.128] [ERROR] debug-file - BUILD FAILED in 5 s 492 ms 
[2026-06-23T15:16:56.130] [DEBUG] debug-file - Update task entry:default@PreBuild input file:C:\Users\31293\Desktop\workplace\text-effects-master-upgraded-multidevice-freeflow\AppScope\app.json5 cache by regenerate.
[2026-06-23T15:16:56.132] [DEBUG] debug-file - Update task entry:default@PreBuild input file:C:\Users\31293\Desktop\workplace\text-effects-master-upgraded-multidevice-freeflow\entry\src\main\module.json5 cache by regenerate.
[2026-06-23T15:16:56.132] [DEBUG] debug-file - Update task entry:default@PreBuild input file:C:\Users\31293\Desktop\workplace\text-effects-master-upgraded-multidevice-freeflow\build-profile.json5 cache by regenerate.
[2026-06-23T15:16:56.133] [DEBUG] debug-file - Update task entry:default@PreBuild input file:C:\Users\31293\Desktop\workplace\text-effects-master-upgraded-multidevice-freeflow\entry\build-profile.json5 cache by regenerate.
[2026-06-23T15:16:56.134] [DEBUG] debug-file - Update task entry:default@PreBuild input file:C:\Users\31293\Desktop\workplace\text-effects-master-upgraded-multidevice-freeflow\entry\src\main\resources\base\profile\main_pages.json cache by regenerate.
[2026-06-23T15:16:56.135] [DEBUG] debug-file - Update task entry:default@PreBuild input file:C:\Users\31293\Desktop\workplace\text-effects-master-upgraded-multidevice-freeflow\hvigor\hvigor-config.json5 cache by regenerate.
[2026-06-23T15:16:56.135] [DEBUG] debug-file - Update task entry:default@PreBuild input file:C:\Users\31293\Desktop\workplace\text-effects-master-upgraded-multidevice-freeflow\entry\oh-package.json5 cache by regenerate.
[2026-06-23T15:16:56.136] [DEBUG] debug-file - Update task entry:default@PreBuild input file:C:\Users\31293\Desktop\workplace\text-effects-master-upgraded-multidevice-freeflow\oh-package.json5 cache by regenerate.
[2026-06-23T15:16:56.137] [DEBUG] debug-file - Incremental task entry:default@PreBuild post-execution cost:9 ms .
[2026-06-23T15:16:56.184] [DEBUG] debug-file - session manager: send message to worker process.
[2026-06-23T15:16:56.184] [DEBUG] debug-file - session manager: send message to worker process.
[2026-06-23T15:16:56.605] [DEBUG] debug-file - Cleanup worker 0.
[2026-06-23T15:16:56.606] [DEBUG] debug-file - Worker 0 has been cleaned up.
[2026-06-23T15:16:56.606] [DEBUG] debug-file - Current idle worker size: 1.
[2026-06-23T15:16:56.606] [DEBUG] debug-file - Current resident worker size: 2.
[2026-06-23T15:16:56.606] [DEBUG] debug-file - Cleanup worker 1.
[2026-06-23T15:16:56.606] [DEBUG] debug-file - Worker 1 has been cleaned up.
[2026-06-23T15:16:56.607] [DEBUG] debug-file - Current idle worker size: 0.
[2026-06-23T15:16:56.607] [DEBUG] debug-file - Current resident worker size: 2.
[2026-06-23T15:16:56.609] [DEBUG] debug-file - hvigor build process will be closed.
[2026-06-23T15:16:56.621] [DEBUG] debug-file - worker[1] exits with exit code 1.
[2026-06-23T15:16:56.621] [DEBUG] debug-file - worker[0] exits with exit code 1.
[2026-06-23T15:16:56.625] [DEBUG] debug-file - watch worker: worker id should be larger than 0. Nothing will be sent to any worker thread.
[2026-06-23T15:16:56.626] [DEBUG] debug-file - watch worker: worker id should be larger than 0. Nothing will be sent to any worker thread.
[2026-06-23T15:23:08.130] [DEBUG] debug-file - env: nodejsVersion=v18.20.1
[2026-06-23T15:23:08.296] [DEBUG] debug-file - env: daemon=true
[2026-06-23T15:23:08.132] [DEBUG] debug-file - env: hvigor-config.json5 content = {
  modelVersion: '5.0.0',
  dependencies: {},
  execution: {},
  logging: {},
  debugging: {},
  nodeOptions: {}
}
[2026-06-23T15:23:11.802] [DEBUG] debug-file - java daemon tryConnect failed Error: connect ECONNREFUSED 127.0.0.1:45050
[2026-06-23T15:23:11.841] [DEBUG] debug-file - java daemon started at port 45050 pid 38528
[2026-06-23T15:23:11.889] [DEBUG] debug-file - session manager: set active socket. socketId=xulhVbtPZWDLGZRHAAAB
[2026-06-23T15:23:14.342] [DEBUG] debug-file - watch worker: worker id should be larger than 0. Nothing will be sent to any worker thread.
[2026-06-23T15:23:14.361] [DEBUG] debug-file - Since there is no instance or instance is terminated, create a new worker pool.
[2026-06-23T15:23:14.363] [DEBUG] debug-file - Worker pool is initialized with config:  {
  minPoolNum: 2,
  maxPoolNum: undefined,
  maxCoreSize: undefined,
  cacheCapacity: undefined,
  cacheTtl: undefined
}
[2026-06-23T15:23:14.367] [DEBUG] debug-file - Create  resident worker with id: 0.
[2026-06-23T15:23:14.372] [DEBUG] debug-file - Create  resident worker with id: 1.
[2026-06-23T15:23:14.377] [DEBUG] debug-file - Workers' log level updated to INFO
[2026-06-23T15:23:14.397] [DEBUG] debug-file - Hvigor init with startParameters:{
  hvigorfileTypeCheck: false,
  parallelExecution: true,
  incrementalExecution: true,
  printStackTrace: false,
  daemon: true,
  analyze: 0,
  logLevel: Level { level: 20000, levelStr: 'INFO', colour: 'green' },
  optimizationStrategy: 'memory',
  hotCompile: undefined,
  hotReloadBuild: undefined,
  customizedParam: undefined
}
[2026-06-23T15:23:14.450] [DEBUG] debug-file - Cache service initialization finished in 49 ms 
[2026-06-23T15:23:14.454] [DEBUG] debug-file - hvigorfile, resolving C:\Users\31293\Desktop\workplace\text-effects-master-upgraded-multidevice-freeflow\hvigorfile.ts
[2026-06-23T15:23:28.645] [DEBUG] debug-file - hvigorfile, require result:  { default: { plugins: [] } }
[2026-06-23T15:23:28.648] [DEBUG] debug-file - hvigorfile, binding system plugins null
[2026-06-23T15:23:28.650] [DEBUG] debug-file - Starting plugin build process
[2026-06-23T15:23:28.650] [DEBUG] debug-file - App plugin prepare start...
[2026-06-23T15:23:28.651] [DEBUG] debug-file - App plugin prepare end...
[2026-06-23T15:23:28.651] [DEBUG] debug-file - App plugin creating...
[2026-06-23T15:23:29.544] [DEBUG] debug-file - App plugin register hook start...
[2026-06-23T15:23:29.545] [DEBUG] debug-file - App plugin register hook end...
[2026-06-23T15:23:29.545] [DEBUG] debug-file - Plugin build process completed
[2026-06-23T15:23:29.549] [DEBUG] debug-file - Start initialize project's product build option map with build mode debug.
[2026-06-23T15:23:29.550] [DEBUG] debug-file - Picking option from product 'default' with build mode 'debug'.
[2026-06-23T15:23:29.550] [DEBUG] debug-file - Product 'default' build option initialized
[2026-06-23T15:23:29.550] [DEBUG] debug-file - End initialize project's product build option map with build mode 'debug'.
[2026-06-23T15:23:29.562] [DEBUG] debug-file - Obtain build option for product 'default'in this build.
[2026-06-23T15:23:29.567] [DEBUG] debug-file - No signingConfig found, initRemoteHspCache failed.
[2026-06-23T15:23:29.580] [DEBUG] debug-file - Local scan or download HarmonyOS sdk components toolchains,ets,js,native,previewer
[2026-06-23T15:23:29.596] [DEBUG] debug-file - Local scan or download hmscore sdk components toolchains,ets,native
[2026-06-23T15:23:29.611] [DEBUG] debug-file - Start recording SDK configuration permission data.
[2026-06-23T15:23:29.726] [DEBUG] debug-file - Sdk init in 155 ms 
[2026-06-23T15:23:29.765] [DEBUG] debug-file - Project task initialization takes 32 ms 
[2026-06-23T15:23:29.767] [DEBUG] debug-file - hvigorfile, binding custom plugins []
[2026-06-23T15:23:29.767] [DEBUG] debug-file - hvigorfile, no custom plugins were found in C:\Users\31293\Desktop\workplace\text-effects-master-upgraded-multidevice-freeflow\hvigorfile.ts
[2026-06-23T15:23:29.767] [DEBUG] debug-file - hvigorfile, resolve finished C:\Users\31293\Desktop\workplace\text-effects-master-upgraded-multidevice-freeflow\hvigorfile.ts
[2026-06-23T15:23:29.770] [DEBUG] debug-file - hvigorfile, resolving C:\Users\31293\Desktop\workplace\text-effects-master-upgraded-multidevice-freeflow\entry\hvigorfile.ts
[2026-06-23T15:23:29.793] [DEBUG] debug-file - hvigorfile, require result:  { default: { plugins: [] } }
[2026-06-23T15:23:29.793] [DEBUG] debug-file - hvigorfile, binding system plugins null
[2026-06-23T15:23:29.794] [DEBUG] debug-file - Starting plugin build process
[2026-06-23T15:23:29.794] [DEBUG] debug-file - Hap plugin creating...
[2026-06-23T15:23:29.797] [DEBUG] debug-file - failed to load cangjie to dynamically generate schemas: Error: Cannot find module '@ohos/cangjie-build-support/index'
Require stack:
- C:\Program Files\Huawei\DevEco Studio\tools\hvigor\hvigor-ohos-plugin\src\plugin\hooks\cangjie-register.js
- C:\Program Files\Huawei\DevEco Studio\tools\hvigor\hvigor-ohos-plugin\src\plugin\strategy\stage-init-strategy.js
- C:\Program Files\Huawei\DevEco Studio\tools\hvigor\hvigor-ohos-plugin\src\plugin\builder\abstract-plugin-builder.js
- C:\Program Files\Huawei\DevEco Studio\tools\hvigor\hvigor-ohos-plugin\src\plugin\builder\app-plugin-builder.js
- C:\Program Files\Huawei\DevEco Studio\tools\hvigor\hvigor-ohos-plugin\src\plugin\factory\plugin-factory.js
- C:\Program Files\Huawei\DevEco Studio\tools\hvigor\hvigor-ohos-plugin\index.js
- C:\Users\31293\Desktop\workplace\text-effects-master-upgraded-multidevice-freeflow\hvigorfile.ts
- C:\Program Files\Huawei\DevEco Studio\tools\hvigor\hvigor\src\base\internal\lifecycle\configuration.js
- C:\Program Files\Huawei\DevEco Studio\tools\hvigor\hvigor\src\base\boot\index.js
- C:\Program Files\Huawei\DevEco Studio\tools\hvigor\hvigor\src\base\daemon\cluster\worker-process-lifecycle.js
- C:\Program Files\Huawei\DevEco Studio\tools\hvigor\hvigor\src\base\daemon\process\daemon-process-boot-script.js
[2026-06-23T15:23:29.832] [DEBUG] debug-file - Start initialize module-target build option map, moduleName=entry, buildMode=debug
[2026-06-23T15:23:29.832] [DEBUG] debug-file - Target 'default' config initialized
[2026-06-23T15:23:29.834] [DEBUG] debug-file - Module 'entry' target 'default' build option initialized
[2026-06-23T15:23:29.834] [DEBUG] debug-file - End initialize module-target build option map, moduleName=entry
[2026-06-23T15:23:29.834] [DEBUG] debug-file - Start initialize module-target build option map, moduleName=entry, buildMode=release
[2026-06-23T15:23:29.835] [DEBUG] debug-file - Target 'default' config initialized
[2026-06-23T15:23:29.837] [DEBUG] debug-file - Module 'entry' target 'default' build option initialized
[2026-06-23T15:23:29.837] [DEBUG] debug-file - End initialize module-target build option map, moduleName=entry
[2026-06-23T15:23:29.837] [DEBUG] debug-file - Start initialize module-target build option map, moduleName=entry, buildMode=debug
[2026-06-23T15:23:29.838] [DEBUG] debug-file - Target 'default' config initialized
[2026-06-23T15:23:29.838] [DEBUG] debug-file - Module 'entry' target 'default' build option initialized
[2026-06-23T15:23:29.838] [DEBUG] debug-file - End initialize module-target build option map, moduleName=entry
[2026-06-23T15:23:29.840] [DEBUG] debug-file - Obtain build option for module 'entry' target 'default'in this build.
[2026-06-23T15:23:29.863] [DEBUG] debug-file - Module entry task initialization takes 13 ms 
[2026-06-23T15:23:29.863] [DEBUG] debug-file - Hap plugin register hook start...
[2026-06-23T15:23:29.864] [DEBUG] debug-file - Hap plugin register hook end...
[2026-06-23T15:23:29.864] [DEBUG] debug-file - Plugin build process completed
[2026-06-23T15:23:29.864] [DEBUG] debug-file - hvigorfile, binding custom plugins []
[2026-06-23T15:23:29.864] [DEBUG] debug-file - hvigorfile, no custom plugins were found in C:\Users\31293\Desktop\workplace\text-effects-master-upgraded-multidevice-freeflow\entry\hvigorfile.ts
[2026-06-23T15:23:29.864] [DEBUG] debug-file - hvigorfile, resolve finished C:\Users\31293\Desktop\workplace\text-effects-master-upgraded-multidevice-freeflow\entry\hvigorfile.ts
[2026-06-23T15:23:30.128] [DEBUG] debug-file - hvigorfile, resolve hvigorfile dependencies in 261 ms 
[2026-06-23T15:23:30.129] [DEBUG] debug-file - project has submodules:entry
[2026-06-23T15:23:30.141] [DEBUG] debug-file - start to load updatedOhPackageInfo to the disk
[2026-06-23T15:23:30.171] [DEBUG] debug-file - load to the disk finished
[2026-06-23T15:23:30.178] [DEBUG] debug-file - Start to initialize dependency information.
[2026-06-23T15:23:30.190] [DEBUG] debug-file - Module text-effects-master-upgraded-multidevice-freeflow Collected Dependency: 
[2026-06-23T15:23:30.191] [DEBUG] debug-file - Module text-effects-master-upgraded-multidevice-freeflow's total dependency: 0
[2026-06-23T15:23:30.196] [DEBUG] debug-file - Start to initialize dependency information.
[2026-06-23T15:23:30.207] [DEBUG] debug-file - Module entry Collected Dependency: 
[2026-06-23T15:23:30.208] [DEBUG] debug-file - Module entry's total dependency: 0
[2026-06-23T15:23:30.222] [DEBUG] debug-file - Configuration phase cost:15 s 771 ms 
[2026-06-23T15:23:30.237] [DEBUG] debug-file - Configuration task cost before running: 15 s 859 ms 
[2026-06-23T15:23:30.238] [DEBUG] debug-file - Executing task :entry:init
[2026-06-23T15:23:30.241] [DEBUG] debug-file - entry : init cost memory 0.01792144775390625
[2026-06-23T15:23:30.242] [DEBUG] debug-file - runTaskFromQueue task cost before running: 15 s 864 ms 
[2026-06-23T15:23:30.246] [INFO] debug-file - Finished :entry:init... after 4 ms 
[2026-06-23T15:23:30.252] [DEBUG] debug-file - Executing task ::init
[2026-06-23T15:23:30.253] [DEBUG] debug-file - text-effects-master-upgraded-multidevice-freeflow : init cost memory 0.0152587890625
[2026-06-23T15:23:30.255] [DEBUG] debug-file - runTaskFromQueue task cost before running: 15 s 877 ms 
[2026-06-23T15:23:30.258] [INFO] debug-file - Finished ::init... after 4 ms 
[2026-06-23T15:23:30.317] [DEBUG] debug-file - Obtain build option for module 'entry' target 'default'in this build.
[2026-06-23T15:23:30.383] [DEBUG] debug-file - session manager: send message to worker process.
[2026-06-23T15:23:30.384] [DEBUG] debug-file - session manager: send message to worker process.
[2026-06-23T15:23:31.336] [DEBUG] debug-file - Cleanup worker 0.
[2026-06-23T15:23:31.339] [DEBUG] debug-file - Worker 0 has been cleaned up.
[2026-06-23T15:23:31.339] [DEBUG] debug-file - Current idle worker size: 1.
[2026-06-23T15:23:31.340] [DEBUG] debug-file - Current resident worker size: 2.
[2026-06-23T15:23:31.341] [DEBUG] debug-file - Cleanup worker 1.
[2026-06-23T15:23:31.342] [DEBUG] debug-file - Worker 1 has been cleaned up.
[2026-06-23T15:23:31.342] [DEBUG] debug-file - Current idle worker size: 0.
[2026-06-23T15:23:31.343] [DEBUG] debug-file - Current resident worker size: 2.
[2026-06-23T15:23:31.355] [DEBUG] debug-file - hvigor build process will be closed.
[2026-06-23T15:23:31.394] [DEBUG] debug-file - worker[0] exits with exit code 1.
[2026-06-23T15:23:31.416] [DEBUG] debug-file - watch worker: worker id should be larger than 0. Nothing will be sent to any worker thread.
[2026-06-23T15:23:31.427] [DEBUG] debug-file - watch worker: worker id should be larger than 0. Nothing will be sent to any worker thread.
[2026-06-23T15:23:31.428] [DEBUG] debug-file - worker[1] exits with exit code 1.
[2026-06-23T15:43:55.223] [DEBUG] debug-file - session manager: set active socket. socketId=TIYvqqKl9HAafXKJAAAD
[2026-06-23T15:43:55.233] [DEBUG] debug-file - watch worker: worker id should be larger than 0. Nothing will be sent to any worker thread.
[2026-06-23T15:43:55.237] [DEBUG] debug-file - Workers' log level updated to INFO
[2026-06-23T15:43:55.242] [DEBUG] debug-file - Hvigor init with startParameters:{
  hvigorfileTypeCheck: false,
  parallelExecution: true,
  incrementalExecution: true,
  printStackTrace: false,
  daemon: true,
  analyze: 0,
  logLevel: Level { level: 20000, levelStr: 'INFO', colour: 'green' },
  optimizationStrategy: 'memory',
  hotCompile: undefined,
  hotReloadBuild: undefined,
  customizedParam: undefined
}
[2026-06-23T15:43:55.249] [DEBUG] debug-file - Cache service initialization finished in 7 ms 
[2026-06-23T15:43:55.250] [DEBUG] debug-file - hvigorfile, resolving C:\Users\31293\Desktop\workplace\text-effects-master-upgraded-multidevice-freeflow\hvigorfile.ts
[2026-06-23T15:43:55.258] [DEBUG] debug-file - hvigorfile, require result:  { default: { plugins: [] } }
[2026-06-23T15:43:55.258] [DEBUG] debug-file - hvigorfile, binding system plugins null
[2026-06-23T15:43:55.259] [DEBUG] debug-file - Starting plugin build process
[2026-06-23T15:43:55.259] [DEBUG] debug-file - App plugin prepare start...
[2026-06-23T15:43:55.259] [DEBUG] debug-file - App plugin prepare end...
[2026-06-23T15:43:55.259] [DEBUG] debug-file - App plugin creating...
[2026-06-23T15:43:55.265] [DEBUG] debug-file - App plugin register hook start...
[2026-06-23T15:43:55.265] [DEBUG] debug-file - App plugin register hook end...
[2026-06-23T15:43:55.265] [DEBUG] debug-file - Plugin build process completed
[2026-06-23T15:43:55.266] [DEBUG] debug-file - Start initialize project's product build option map with build mode debug.
[2026-06-23T15:43:55.267] [DEBUG] debug-file - Picking option from product 'default' with build mode 'debug'.
[2026-06-23T15:43:55.267] [DEBUG] debug-file - Product 'default' build option initialized
[2026-06-23T15:43:55.267] [DEBUG] debug-file - End initialize project's product build option map with build mode 'debug'.
[2026-06-23T15:43:55.268] [DEBUG] debug-file - Obtain build option for product 'default'in this build.
[2026-06-23T15:43:55.269] [DEBUG] debug-file - No signingConfig found, initRemoteHspCache failed.
[2026-06-23T15:43:55.274] [DEBUG] debug-file - Start recording SDK configuration permission data.
[2026-06-23T15:43:55.307] [DEBUG] debug-file - Sdk init in 38 ms 
[2026-06-23T15:43:55.316] [DEBUG] debug-file - Project task initialization takes 8 ms 
[2026-06-23T15:43:55.316] [DEBUG] debug-file - hvigorfile, binding custom plugins []
[2026-06-23T15:43:55.316] [DEBUG] debug-file - hvigorfile, no custom plugins were found in C:\Users\31293\Desktop\workplace\text-effects-master-upgraded-multidevice-freeflow\hvigorfile.ts
[2026-06-23T15:43:55.316] [DEBUG] debug-file - hvigorfile, resolve finished C:\Users\31293\Desktop\workplace\text-effects-master-upgraded-multidevice-freeflow\hvigorfile.ts
[2026-06-23T15:43:55.317] [DEBUG] debug-file - hvigorfile, resolving C:\Users\31293\Desktop\workplace\text-effects-master-upgraded-multidevice-freeflow\entry\hvigorfile.ts
[2026-06-23T15:43:55.322] [DEBUG] debug-file - hvigorfile, require result:  { default: { plugins: [] } }
[2026-06-23T15:43:55.322] [DEBUG] debug-file - hvigorfile, binding system plugins null
[2026-06-23T15:43:55.322] [DEBUG] debug-file - Starting plugin build process
[2026-06-23T15:43:55.322] [DEBUG] debug-file - Hap plugin creating...
[2026-06-23T15:43:55.323] [DEBUG] debug-file - failed to load cangjie to dynamically generate schemas: Error: Cannot find module '@ohos/cangjie-build-support/index'
Require stack:
- C:\Program Files\Huawei\DevEco Studio\tools\hvigor\hvigor-ohos-plugin\src\plugin\hooks\cangjie-register.js
- C:\Program Files\Huawei\DevEco Studio\tools\hvigor\hvigor-ohos-plugin\src\plugin\strategy\stage-init-strategy.js
- C:\Program Files\Huawei\DevEco Studio\tools\hvigor\hvigor-ohos-plugin\src\plugin\builder\abstract-plugin-builder.js
- C:\Program Files\Huawei\DevEco Studio\tools\hvigor\hvigor-ohos-plugin\src\plugin\builder\app-plugin-builder.js
- C:\Program Files\Huawei\DevEco Studio\tools\hvigor\hvigor-ohos-plugin\src\plugin\factory\plugin-factory.js
- C:\Program Files\Huawei\DevEco Studio\tools\hvigor\hvigor-ohos-plugin\index.js
- C:\Users\31293\Desktop\workplace\text-effects-master-upgraded-multidevice-freeflow\hvigorfile.ts
- C:\Program Files\Huawei\DevEco Studio\tools\hvigor\hvigor\src\base\internal\lifecycle\configuration.js
- C:\Program Files\Huawei\DevEco Studio\tools\hvigor\hvigor\src\base\boot\index.js
- C:\Program Files\Huawei\DevEco Studio\tools\hvigor\hvigor\src\base\daemon\cluster\worker-process-lifecycle.js
- C:\Program Files\Huawei\DevEco Studio\tools\hvigor\hvigor\src\base\daemon\process\daemon-process-boot-script.js
[2026-06-23T15:43:55.327] [DEBUG] debug-file - Start initialize module-target build option map, moduleName=entry, buildMode=debug
[2026-06-23T15:43:55.327] [DEBUG] debug-file - Target 'default' config initialized
[2026-06-23T15:43:55.328] [DEBUG] debug-file - Module 'entry' target 'default' build option initialized
[2026-06-23T15:43:55.328] [DEBUG] debug-file - End initialize module-target build option map, moduleName=entry
[2026-06-23T15:43:55.328] [DEBUG] debug-file - Start initialize module-target build option map, moduleName=entry, buildMode=release
[2026-06-23T15:43:55.328] [DEBUG] debug-file - Target 'default' config initialized
[2026-06-23T15:43:55.328] [DEBUG] debug-file - Module 'entry' target 'default' build option initialized
[2026-06-23T15:43:55.328] [DEBUG] debug-file - End initialize module-target build option map, moduleName=entry
[2026-06-23T15:43:55.328] [DEBUG] debug-file - Start initialize module-target build option map, moduleName=entry, buildMode=debug
[2026-06-23T15:43:55.329] [DEBUG] debug-file - Target 'default' config initialized
[2026-06-23T15:43:55.329] [DEBUG] debug-file - Module 'entry' target 'default' build option initialized
[2026-06-23T15:43:55.329] [DEBUG] debug-file - End initialize module-target build option map, moduleName=entry
[2026-06-23T15:43:55.329] [DEBUG] debug-file - Obtain build option for module 'entry' target 'default'in this build.
[2026-06-23T15:43:55.332] [DEBUG] debug-file - Module entry task initialization takes 1 ms 
[2026-06-23T15:43:55.332] [DEBUG] debug-file - Hap plugin register hook start...
[2026-06-23T15:43:55.332] [DEBUG] debug-file - Hap plugin register hook end...
[2026-06-23T15:43:55.332] [DEBUG] debug-file - Plugin build process completed
[2026-06-23T15:43:55.332] [DEBUG] debug-file - hvigorfile, binding custom plugins []
[2026-06-23T15:43:55.332] [DEBUG] debug-file - hvigorfile, no custom plugins were found in C:\Users\31293\Desktop\workplace\text-effects-master-upgraded-multidevice-freeflow\entry\hvigorfile.ts
[2026-06-23T15:43:55.332] [DEBUG] debug-file - hvigorfile, resolve finished C:\Users\31293\Desktop\workplace\text-effects-master-upgraded-multidevice-freeflow\entry\hvigorfile.ts
[2026-06-23T15:43:55.427] [DEBUG] debug-file - hvigorfile, resolve hvigorfile dependencies in 95 ms 
[2026-06-23T15:43:55.428] [DEBUG] debug-file - project has submodules:entry
[2026-06-23T15:43:55.430] [DEBUG] debug-file - start to load updatedOhPackageInfo to the disk
[2026-06-23T15:43:55.436] [DEBUG] debug-file - load to the disk finished
[2026-06-23T15:43:55.437] [DEBUG] debug-file - Start to initialize dependency information.
[2026-06-23T15:43:55.439] [DEBUG] debug-file - Module text-effects-master-upgraded-multidevice-freeflow Collected Dependency: 
[2026-06-23T15:43:55.439] [DEBUG] debug-file - Module text-effects-master-upgraded-multidevice-freeflow's total dependency: 0
[2026-06-23T15:43:55.440] [DEBUG] debug-file - Start to initialize dependency information.
[2026-06-23T15:43:55.443] [DEBUG] debug-file - Module entry Collected Dependency: 
[2026-06-23T15:43:55.443] [DEBUG] debug-file - Module entry's total dependency: 0
[2026-06-23T15:43:55.445] [DEBUG] debug-file - Configuration phase cost:197 ms 
[2026-06-23T15:43:55.447] [DEBUG] debug-file - Configuration task cost before running: 210 ms 
[2026-06-23T15:43:55.459] [DEBUG] debug-file - Executing task :entry:default@PreBuild
[2026-06-23T15:43:55.461] [DEBUG] debug-file - Task 'entry:default@PreBuild' cost while wrapping incremental declarations: 1 ms 
[2026-06-23T15:43:55.718] [ERROR] debug-file - Failed :entry:default@PreBuild... 
[2026-06-23T15:43:55.718] [DEBUG] debug-file - hvigor build process will be closed with an error.
[2026-06-23T15:43:55.718] [ERROR] debug-file - [31m00303218 Configuration Error
Error Message: The reason and usedScene attributes are mandatory for user_grant permissions. 
 at C:\Users\31293\Desktop\workplace\text-effects-master-upgraded-multidevice-freeflow\entry\src\main\module.json5

* Try the following:
  > For the hap module, add the reason and usedScene fields to the permission reported in the preceding file.
  > For the har/hsp module, add the reason field to the permission of the error information in the preceding file.
[39m

[31m* Try:
> Run with --stacktrace option to get the stack trace.
> Run with --debug option to get more log output.

[2026-06-23T15:43:55.719] [DEBUG] debug-file - ERROR: stacktrace = AdaptorError: [31m00303218 Configuration Error
Error Message: The reason and usedScene attributes are mandatory for user_grant permissions. 
 at C:\Users\31293\Desktop\workplace\text-effects-master-upgraded-multidevice-freeflow\entry\src\main\module.json5

* Try the following:
  > For the hap module, add the reason and usedScene fields to the permission reported in the preceding file.
  > For the har/hsp module, add the reason field to the permission of the error information in the preceding file.
[39m
    at OhosLogger.printErrorExit (C:\Program Files\Huawei\DevEco Studio\tools\hvigor\hvigor\src\base\log\hvigor-log.js:1:5087)
    at PreBuild.forEachCheckPermissions (C:\Program Files\Huawei\DevEco Studio\tools\hvigor\hvigor-ohos-plugin\src\tasks\abstract\abstract-pre-build.js:1:27873)
    at PreBuild.checkReqPermissionsByModuleType (C:\Program Files\Huawei\DevEco Studio\tools\hvigor\hvigor-ohos-plugin\src\tasks\abstract\abstract-pre-build.js:1:26275)
    at PreBuild.checkLegalReqPermissions (C:\Program Files\Huawei\DevEco Studio\tools\hvigor\hvigor-ohos-plugin\src\tasks\abstract\abstract-pre-build.js:1:26082)
    at PreBuild.checkRequestPermissions (C:\Program Files\Huawei\DevEco Studio\tools\hvigor\hvigor-ohos-plugin\src\tasks\abstract\abstract-pre-build.js:1:24471)
    at PreBuild.doTaskAction (C:\Program Files\Huawei\DevEco Studio\tools\hvigor\hvigor-ohos-plugin\src\tasks\abstract\abstract-pre-build.js:1:7516)
    at PreBuild.<anonymous> (C:\Program Files\Huawei\DevEco Studio\tools\hvigor\hvigor-ohos-plugin\src\tasks\task\ohos-module-task.js:1:2074)
    at process.processTicksAndRejections (node:internal/process/task_queues:95:5)
    at async PreBuild.execute (C:\Program Files\Huawei\DevEco Studio\tools\hvigor\hvigor\src\base\external\task\core-task-impl.js:1:2191)
    at async TaskProxy.execute (C:\Program Files\Huawei\DevEco Studio\tools\hvigor\hvigor\src\base\internal\task\proxy\task-proxy.js:1:6139)
[2026-06-23T15:43:55.719] [ERROR] debug-file - AdaptorError: [31m00303218 Configuration Error
Error Message: The reason and usedScene attributes are mandatory for user_grant permissions. 
 at C:\Users\31293\Desktop\workplace\text-effects-master-upgraded-multidevice-freeflow\entry\src\main\module.json5

* Try the following:
  > For the hap module, add the reason and usedScene fields to the permission reported in the preceding file.
  > For the har/hsp module, add the reason field to the permission of the error information in the preceding file.
[39m
    at OhosLogger.printErrorExit (C:\Program Files\Huawei\DevEco Studio\tools\hvigor\hvigor\src\base\log\hvigor-log.js:1:5087)
    at PreBuild.forEachCheckPermissions (C:\Program Files\Huawei\DevEco Studio\tools\hvigor\hvigor-ohos-plugin\src\tasks\abstract\abstract-pre-build.js:1:27873)
    at PreBuild.checkReqPermissionsByModuleType (C:\Program Files\Huawei\DevEco Studio\tools\hvigor\hvigor-ohos-plugin\src\tasks\abstract\abstract-pre-build.js:1:26275)
    at PreBuild.checkLegalReqPermissions (C:\Program Files\Huawei\DevEco Studio\tools\hvigor\hvigor-ohos-plugin\src\tasks\abstract\abstract-pre-build.js:1:26082)
    at PreBuild.checkRequestPermissions (C:\Program Files\Huawei\DevEco Studio\tools\hvigor\hvigor-ohos-plugin\src\tasks\abstract\abstract-pre-build.js:1:24471)
    at PreBuild.doTaskAction (C:\Program Files\Huawei\DevEco Studio\tools\hvigor\hvigor-ohos-plugin\src\tasks\abstract\abstract-pre-build.js:1:7516)
    at PreBuild.<anonymous> (C:\Program Files\Huawei\DevEco Studio\tools\hvigor\hvigor-ohos-plugin\src\tasks\task\ohos-module-task.js:1:2074)
    at process.processTicksAndRejections (node:internal/process/task_queues:95:5)
    at async PreBuild.execute (C:\Program Files\Huawei\DevEco Studio\tools\hvigor\hvigor\src\base\external\task\core-task-impl.js:1:2191)
    at async TaskProxy.execute (C:\Program Files\Huawei\DevEco Studio\tools\hvigor\hvigor\src\base\internal\task\proxy\task-proxy.js:1:6139)
[2026-06-23T15:43:55.730] [ERROR] debug-file - BUILD FAILED in 493 ms 
[2026-06-23T15:43:55.732] [DEBUG] debug-file - Update task entry:default@PreBuild input file:C:\Users\31293\Desktop\workplace\text-effects-master-upgraded-multidevice-freeflow\AppScope\app.json5 cache by regenerate.
[2026-06-23T15:43:55.733] [DEBUG] debug-file - Update task entry:default@PreBuild input file:C:\Users\31293\Desktop\workplace\text-effects-master-upgraded-multidevice-freeflow\entry\src\main\module.json5 cache by regenerate.
[2026-06-23T15:43:55.733] [DEBUG] debug-file - Update task entry:default@PreBuild input file:C:\Users\31293\Desktop\workplace\text-effects-master-upgraded-multidevice-freeflow\build-profile.json5 cache by regenerate.
[2026-06-23T15:43:55.733] [DEBUG] debug-file - Update task entry:default@PreBuild input file:C:\Users\31293\Desktop\workplace\text-effects-master-upgraded-multidevice-freeflow\entry\build-profile.json5 cache by regenerate.
[2026-06-23T15:43:55.733] [DEBUG] debug-file - Update task entry:default@PreBuild input file:C:\Users\31293\Desktop\workplace\text-effects-master-upgraded-multidevice-freeflow\entry\src\main\resources\base\profile\main_pages.json cache by regenerate.
[2026-06-23T15:43:55.734] [DEBUG] debug-file - Update task entry:default@PreBuild input file:C:\Users\31293\Desktop\workplace\text-effects-master-upgraded-multidevice-freeflow\hvigor\hvigor-config.json5 cache by regenerate.
[2026-06-23T15:43:55.734] [DEBUG] debug-file - Update task entry:default@PreBuild input file:C:\Users\31293\Desktop\workplace\text-effects-master-upgraded-multidevice-freeflow\entry\oh-package.json5 cache by regenerate.
[2026-06-23T15:43:55.734] [DEBUG] debug-file - Update task entry:default@PreBuild input file:C:\Users\31293\Desktop\workplace\text-effects-master-upgraded-multidevice-freeflow\oh-package.json5 cache by regenerate.
[2026-06-23T15:43:55.735] [DEBUG] debug-file - Incremental task entry:default@PreBuild post-execution cost:5 ms .
[2026-06-23T15:43:55.760] [DEBUG] debug-file - There's no busy workers and idle workers need cleanup.
[2026-06-23T15:43:55.761] [DEBUG] debug-file - hvigor build process will be closed.
[2026-06-23T15:43:55.769] [DEBUG] debug-file - session manager: send message to worker process.
[2026-06-23T15:43:55.770] [DEBUG] debug-file - session manager: send message to worker process.
[2026-06-23T15:43:55.822] [DEBUG] debug-file - watch worker: worker id should be larger than 0. Nothing will be sent to any worker thread.
[2026-06-23T15:43:55.823] [DEBUG] debug-file - watch worker: worker id should be larger than 0. Nothing will be sent to any worker thread.
[2026-06-23T15:48:25.790] [DEBUG] debug-file - env: nodejsVersion=v18.20.1
[2026-06-23T15:48:25.897] [DEBUG] debug-file - env: daemon=true
[2026-06-23T15:48:25.794] [DEBUG] debug-file - env: hvigor-config.json5 content = {
  modelVersion: '5.0.0',
  dependencies: {},
  execution: {},
  logging: {},
  debugging: {},
  nodeOptions: {}
}
[2026-06-23T15:48:27.620] [DEBUG] debug-file - java daemon tryConnect failed Error: connect ECONNREFUSED 127.0.0.1:45050
[2026-06-23T15:48:27.628] [DEBUG] debug-file - java daemon started at port 45050 pid 8052
[2026-06-23T15:48:27.660] [DEBUG] debug-file - session manager: set active socket. socketId=4gj3ms-CTae0g7FJAAAB
[2026-06-23T15:48:29.514] [DEBUG] debug-file - watch worker: worker id should be larger than 0. Nothing will be sent to any worker thread.
[2026-06-23T15:48:29.521] [DEBUG] debug-file - Since there is no instance or instance is terminated, create a new worker pool.
[2026-06-23T15:48:29.522] [DEBUG] debug-file - Worker pool is initialized with config:  {
  minPoolNum: 2,
  maxPoolNum: undefined,
  maxCoreSize: undefined,
  cacheCapacity: undefined,
  cacheTtl: undefined
}
[2026-06-23T15:48:29.524] [DEBUG] debug-file - Create  resident worker with id: 0.
[2026-06-23T15:48:29.527] [DEBUG] debug-file - Create  resident worker with id: 1.
[2026-06-23T15:48:29.531] [DEBUG] debug-file - Workers' log level updated to INFO
[2026-06-23T15:48:29.541] [DEBUG] debug-file - Hvigor init with startParameters:{
  hvigorfileTypeCheck: false,
  parallelExecution: true,
  incrementalExecution: true,
  printStackTrace: false,
  daemon: true,
  analyze: 0,
  logLevel: Level { level: 20000, levelStr: 'INFO', colour: 'green' },
  optimizationStrategy: 'memory',
  hotCompile: undefined,
  hotReloadBuild: undefined,
  customizedParam: undefined
}
[2026-06-23T15:48:29.553] [DEBUG] debug-file - Cache service initialization finished in 12 ms 
[2026-06-23T15:48:29.556] [DEBUG] debug-file - hvigorfile, resolving C:\Users\31293\Desktop\workplace\text-effects-master-upgraded-multidevice-freeflow\hvigorfile.ts
[2026-06-23T15:48:36.114] [DEBUG] debug-file - hvigorfile, require result:  { default: { plugins: [] } }
[2026-06-23T15:48:36.115] [DEBUG] debug-file - hvigorfile, binding system plugins null
[2026-06-23T15:48:36.116] [DEBUG] debug-file - Starting plugin build process
[2026-06-23T15:48:36.116] [DEBUG] debug-file - App plugin prepare start...
[2026-06-23T15:48:36.117] [DEBUG] debug-file - App plugin prepare end...
[2026-06-23T15:48:36.117] [DEBUG] debug-file - App plugin creating...
[2026-06-23T15:48:36.623] [DEBUG] debug-file - App plugin register hook start...
[2026-06-23T15:48:36.623] [DEBUG] debug-file - App plugin register hook end...
[2026-06-23T15:48:36.624] [DEBUG] debug-file - Plugin build process completed
[2026-06-23T15:48:36.625] [DEBUG] debug-file - Start initialize project's product build option map with build mode debug.
[2026-06-23T15:48:36.626] [DEBUG] debug-file - Picking option from product 'default' with build mode 'debug'.
[2026-06-23T15:48:36.626] [DEBUG] debug-file - Product 'default' build option initialized
[2026-06-23T15:48:36.627] [DEBUG] debug-file - End initialize project's product build option map with build mode 'debug'.
[2026-06-23T15:48:36.634] [DEBUG] debug-file - Obtain build option for product 'default'in this build.
[2026-06-23T15:48:36.641] [DEBUG] debug-file - No signingConfig found, initRemoteHspCache failed.
[2026-06-23T15:48:36.648] [DEBUG] debug-file - Local scan or download HarmonyOS sdk components toolchains,ets,js,native,previewer
[2026-06-23T15:48:36.657] [DEBUG] debug-file - Local scan or download hmscore sdk components toolchains,ets,native
[2026-06-23T15:48:36.668] [DEBUG] debug-file - Start recording SDK configuration permission data.
[2026-06-23T15:48:36.742] [DEBUG] debug-file - Sdk init in 98 ms 
[2026-06-23T15:48:36.758] [DEBUG] debug-file - Project task initialization takes 14 ms 
[2026-06-23T15:48:36.759] [DEBUG] debug-file - hvigorfile, binding custom plugins []
[2026-06-23T15:48:36.759] [DEBUG] debug-file - hvigorfile, no custom plugins were found in C:\Users\31293\Desktop\workplace\text-effects-master-upgraded-multidevice-freeflow\hvigorfile.ts
[2026-06-23T15:48:36.760] [DEBUG] debug-file - hvigorfile, resolve finished C:\Users\31293\Desktop\workplace\text-effects-master-upgraded-multidevice-freeflow\hvigorfile.ts
[2026-06-23T15:48:36.761] [DEBUG] debug-file - hvigorfile, resolving C:\Users\31293\Desktop\workplace\text-effects-master-upgraded-multidevice-freeflow\entry\hvigorfile.ts
[2026-06-23T15:48:36.776] [DEBUG] debug-file - hvigorfile, require result:  { default: { plugins: [] } }
[2026-06-23T15:48:36.776] [DEBUG] debug-file - hvigorfile, binding system plugins null
[2026-06-23T15:48:36.777] [DEBUG] debug-file - Starting plugin build process
[2026-06-23T15:48:36.777] [DEBUG] debug-file - Hap plugin creating...
[2026-06-23T15:48:36.784] [DEBUG] debug-file - failed to load cangjie to dynamically generate schemas: Error: Cannot find module '@ohos/cangjie-build-support/index'
Require stack:
- C:\Program Files\Huawei\DevEco Studio\tools\hvigor\hvigor-ohos-plugin\src\plugin\hooks\cangjie-register.js
- C:\Program Files\Huawei\DevEco Studio\tools\hvigor\hvigor-ohos-plugin\src\plugin\strategy\stage-init-strategy.js
- C:\Program Files\Huawei\DevEco Studio\tools\hvigor\hvigor-ohos-plugin\src\plugin\builder\abstract-plugin-builder.js
- C:\Program Files\Huawei\DevEco Studio\tools\hvigor\hvigor-ohos-plugin\src\plugin\builder\app-plugin-builder.js
- C:\Program Files\Huawei\DevEco Studio\tools\hvigor\hvigor-ohos-plugin\src\plugin\factory\plugin-factory.js
- C:\Program Files\Huawei\DevEco Studio\tools\hvigor\hvigor-ohos-plugin\index.js
- C:\Users\31293\Desktop\workplace\text-effects-master-upgraded-multidevice-freeflow\hvigorfile.ts
- C:\Program Files\Huawei\DevEco Studio\tools\hvigor\hvigor\src\base\internal\lifecycle\configuration.js
- C:\Program Files\Huawei\DevEco Studio\tools\hvigor\hvigor\src\base\boot\index.js
- C:\Program Files\Huawei\DevEco Studio\tools\hvigor\hvigor\src\base\daemon\cluster\worker-process-lifecycle.js
- C:\Program Files\Huawei\DevEco Studio\tools\hvigor\hvigor\src\base\daemon\process\daemon-process-boot-script.js
[2026-06-23T15:48:36.818] [DEBUG] debug-file - Start initialize module-target build option map, moduleName=entry, buildMode=debug
[2026-06-23T15:48:36.819] [DEBUG] debug-file - Target 'default' config initialized
[2026-06-23T15:48:36.820] [DEBUG] debug-file - Module 'entry' target 'default' build option initialized
[2026-06-23T15:48:36.820] [DEBUG] debug-file - End initialize module-target build option map, moduleName=entry
[2026-06-23T15:48:36.820] [DEBUG] debug-file - Start initialize module-target build option map, moduleName=entry, buildMode=release
[2026-06-23T15:48:36.821] [DEBUG] debug-file - Target 'default' config initialized
[2026-06-23T15:48:36.823] [DEBUG] debug-file - Module 'entry' target 'default' build option initialized
[2026-06-23T15:48:36.823] [DEBUG] debug-file - End initialize module-target build option map, moduleName=entry
[2026-06-23T15:48:36.823] [DEBUG] debug-file - Start initialize module-target build option map, moduleName=entry, buildMode=debug
[2026-06-23T15:48:36.823] [DEBUG] debug-file - Target 'default' config initialized
[2026-06-23T15:48:36.823] [DEBUG] debug-file - Module 'entry' target 'default' build option initialized
[2026-06-23T15:48:36.823] [DEBUG] debug-file - End initialize module-target build option map, moduleName=entry
[2026-06-23T15:48:36.824] [DEBUG] debug-file - Obtain build option for module 'entry' target 'default'in this build.
[2026-06-23T15:48:36.835] [DEBUG] debug-file - Module entry task initialization takes 8 ms 
[2026-06-23T15:48:36.836] [DEBUG] debug-file - Hap plugin register hook start...
[2026-06-23T15:48:36.836] [DEBUG] debug-file - Hap plugin register hook end...
[2026-06-23T15:48:36.836] [DEBUG] debug-file - Plugin build process completed
[2026-06-23T15:48:36.838] [DEBUG] debug-file - hvigorfile, binding custom plugins []
[2026-06-23T15:48:36.838] [DEBUG] debug-file - hvigorfile, no custom plugins were found in C:\Users\31293\Desktop\workplace\text-effects-master-upgraded-multidevice-freeflow\entry\hvigorfile.ts
[2026-06-23T15:48:36.838] [DEBUG] debug-file - hvigorfile, resolve finished C:\Users\31293\Desktop\workplace\text-effects-master-upgraded-multidevice-freeflow\entry\hvigorfile.ts
[2026-06-23T15:48:36.997] [DEBUG] debug-file - hvigorfile, resolve hvigorfile dependencies in 156 ms 
[2026-06-23T15:48:36.998] [DEBUG] debug-file - project has submodules:entry
[2026-06-23T15:48:37.002] [DEBUG] debug-file - start to load updatedOhPackageInfo to the disk
[2026-06-23T15:48:37.021] [DEBUG] debug-file - load to the disk finished
[2026-06-23T15:48:37.026] [DEBUG] debug-file - Start to initialize dependency information.
[2026-06-23T15:48:37.031] [DEBUG] debug-file - Module text-effects-master-upgraded-multidevice-freeflow Collected Dependency: 
[2026-06-23T15:48:37.031] [DEBUG] debug-file - Module text-effects-master-upgraded-multidevice-freeflow's total dependency: 0
[2026-06-23T15:48:37.034] [DEBUG] debug-file - Start to initialize dependency information.
[2026-06-23T15:48:37.048] [DEBUG] debug-file - Module entry Collected Dependency: 
[2026-06-23T15:48:37.049] [DEBUG] debug-file - Module entry's total dependency: 0
[2026-06-23T15:48:37.064] [DEBUG] debug-file - Configuration phase cost:7 s 510 ms 
[2026-06-23T15:48:37.073] [DEBUG] debug-file - Configuration task cost before running: 7 s 542 ms 
[2026-06-23T15:48:37.091] [DEBUG] debug-file - Executing task :entry:default@PreBuild
[2026-06-23T15:48:37.094] [DEBUG] debug-file - Task 'entry:default@PreBuild' cost while wrapping incremental declarations: 1 ms 
[2026-06-23T15:48:37.315] [ERROR] debug-file - Failed :entry:default@PreBuild... 
[2026-06-23T15:48:37.316] [DEBUG] debug-file - hvigor build process will be closed with an error.
[2026-06-23T15:48:37.316] [ERROR] debug-file - [31m00303038 Configuration Error
Error Message: Schema validate failed, at file: C:\Users\31293\Desktop\workplace\text-effects-master-upgraded-multidevice-freeflow\entry\src\main\module.json5

* Try the following:
  > Please check the following fields. 
 {
  instancePath: 'module.requestPermissions[0].usedScene',
  keyword: 'enum',
  params: { allowedValues: [ 'abilities', 'when' ] },
  message: 'must be equal to one of the allowed values',
  location: 'C:/Users/31293/Desktop/workplace/text-effects-master-upgraded-multidevice-freeflow/entry/src/main/module.json5:16:23'
} 
{
  instancePath: 'module.requestPermissions[0].usedScene',
  keyword: 'propertyNames',
  params: { propertyName: 'ability' },
  message: 'property name must be valid',
  location: 'C:/Users/31293/Desktop/workplace/text-effects-master-upgraded-multidevice-freeflow/entry/src/main/module.json5:16:23'
} 

[39m

[31m* Try:
> Run with --stacktrace option to get the stack trace.
> Run with --debug option to get more log output.

[2026-06-23T15:48:37.316] [DEBUG] debug-file - ERROR: stacktrace = AdaptorError: [31m00303038 Configuration Error
Error Message: Schema validate failed, at file: C:\Users\31293\Desktop\workplace\text-effects-master-upgraded-multidevice-freeflow\entry\src\main\module.json5

* Try the following:
  > Please check the following fields. 
 {
  instancePath: 'module.requestPermissions[0].usedScene',
  keyword: 'enum',
  params: { allowedValues: [ 'abilities', 'when' ] },
  message: 'must be equal to one of the allowed values',
  location: 'C:/Users/31293/Desktop/workplace/text-effects-master-upgraded-multidevice-freeflow/entry/src/main/module.json5:16:23'
} 
{
  instancePath: 'module.requestPermissions[0].usedScene',
  keyword: 'propertyNames',
  params: { propertyName: 'ability' },
  message: 'property name must be valid',
  location: 'C:/Users/31293/Desktop/workplace/text-effects-master-upgraded-multidevice-freeflow/entry/src/main/module.json5:16:23'
} 

[39m
    at OhosLogger.printErrorExit (C:\Program Files\Huawei\DevEco Studio\tools\hvigor\hvigor\src\base\log\hvigor-log.js:1:5087)
    at ValidateUtil.doSchemaCheck (C:\Program Files\Huawei\DevEco Studio\tools\hvigor\hvigor-ohos-plugin\src\utils\validate\validate-util.js:1:8177)
    at ValidateUtil.submitSchemaCheckWork (C:\Program Files\Huawei\DevEco Studio\tools\hvigor\hvigor-ohos-plugin\src\utils\validate\validate-util.js:1:7013)
    at PreBuild.moduleJson5Validate (C:\Program Files\Huawei\DevEco Studio\tools\hvigor\hvigor-ohos-plugin\src\tasks\pre-build.js:1:15138)
    at PreBuild.doValidateForDiffApiType (C:\Program Files\Huawei\DevEco Studio\tools\hvigor\hvigor-ohos-plugin\src\tasks\pre-build.js:1:9597)
    at PreBuild.doTaskAction (C:\Program Files\Huawei\DevEco Studio\tools\hvigor\hvigor-ohos-plugin\src\tasks\abstract\abstract-pre-build.js:1:7450)
    at PreBuild.<anonymous> (C:\Program Files\Huawei\DevEco Studio\tools\hvigor\hvigor-ohos-plugin\src\tasks\task\ohos-module-task.js:1:2074)
    at process.processTicksAndRejections (node:internal/process/task_queues:95:5)
    at async PreBuild.execute (C:\Program Files\Huawei\DevEco Studio\tools\hvigor\hvigor\src\base\external\task\core-task-impl.js:1:2191)
    at async TaskProxy.execute (C:\Program Files\Huawei\DevEco Studio\tools\hvigor\hvigor\src\base\internal\task\proxy\task-proxy.js:1:6139)
[2026-06-23T15:48:37.317] [ERROR] debug-file - AdaptorError: [31m00303038 Configuration Error
Error Message: Schema validate failed, at file: C:\Users\31293\Desktop\workplace\text-effects-master-upgraded-multidevice-freeflow\entry\src\main\module.json5

* Try the following:
  > Please check the following fields. 
 {
  instancePath: 'module.requestPermissions[0].usedScene',
  keyword: 'enum',
  params: { allowedValues: [ 'abilities', 'when' ] },
  message: 'must be equal to one of the allowed values',
  location: 'C:/Users/31293/Desktop/workplace/text-effects-master-upgraded-multidevice-freeflow/entry/src/main/module.json5:16:23'
} 
{
  instancePath: 'module.requestPermissions[0].usedScene',
  keyword: 'propertyNames',
  params: { propertyName: 'ability' },
  message: 'property name must be valid',
  location: 'C:/Users/31293/Desktop/workplace/text-effects-master-upgraded-multidevice-freeflow/entry/src/main/module.json5:16:23'
} 

[39m
    at OhosLogger.printErrorExit (C:\Program Files\Huawei\DevEco Studio\tools\hvigor\hvigor\src\base\log\hvigor-log.js:1:5087)
    at ValidateUtil.doSchemaCheck (C:\Program Files\Huawei\DevEco Studio\tools\hvigor\hvigor-ohos-plugin\src\utils\validate\validate-util.js:1:8177)
    at ValidateUtil.submitSchemaCheckWork (C:\Program Files\Huawei\DevEco Studio\tools\hvigor\hvigor-ohos-plugin\src\utils\validate\validate-util.js:1:7013)
    at PreBuild.moduleJson5Validate (C:\Program Files\Huawei\DevEco Studio\tools\hvigor\hvigor-ohos-plugin\src\tasks\pre-build.js:1:15138)
    at PreBuild.doValidateForDiffApiType (C:\Program Files\Huawei\DevEco Studio\tools\hvigor\hvigor-ohos-plugin\src\tasks\pre-build.js:1:9597)
    at PreBuild.doTaskAction (C:\Program Files\Huawei\DevEco Studio\tools\hvigor\hvigor-ohos-plugin\src\tasks\abstract\abstract-pre-build.js:1:7450)
    at PreBuild.<anonymous> (C:\Program Files\Huawei\DevEco Studio\tools\hvigor\hvigor-ohos-plugin\src\tasks\task\ohos-module-task.js:1:2074)
    at process.processTicksAndRejections (node:internal/process/task_queues:95:5)
    at async PreBuild.execute (C:\Program Files\Huawei\DevEco Studio\tools\hvigor\hvigor\src\base\external\task\core-task-impl.js:1:2191)
    at async TaskProxy.execute (C:\Program Files\Huawei\DevEco Studio\tools\hvigor\hvigor\src\base\internal\task\proxy\task-proxy.js:1:6139)
[2026-06-23T15:48:37.340] [ERROR] debug-file - BUILD FAILED in 7 s 807 ms 
[2026-06-23T15:48:37.343] [DEBUG] debug-file - Update task entry:default@PreBuild input file:C:\Users\31293\Desktop\workplace\text-effects-master-upgraded-multidevice-freeflow\AppScope\app.json5 cache by regenerate.
[2026-06-23T15:48:37.344] [DEBUG] debug-file - Update task entry:default@PreBuild input file:C:\Users\31293\Desktop\workplace\text-effects-master-upgraded-multidevice-freeflow\entry\src\main\module.json5 cache by regenerate.
[2026-06-23T15:48:37.345] [DEBUG] debug-file - Update task entry:default@PreBuild input file:C:\Users\31293\Desktop\workplace\text-effects-master-upgraded-multidevice-freeflow\build-profile.json5 cache by regenerate.
[2026-06-23T15:48:37.348] [DEBUG] debug-file - Update task entry:default@PreBuild input file:C:\Users\31293\Desktop\workplace\text-effects-master-upgraded-multidevice-freeflow\entry\build-profile.json5 cache by regenerate.
[2026-06-23T15:48:37.349] [DEBUG] debug-file - Update task entry:default@PreBuild input file:C:\Users\31293\Desktop\workplace\text-effects-master-upgraded-multidevice-freeflow\entry\src\main\resources\base\profile\main_pages.json cache by regenerate.
[2026-06-23T15:48:37.350] [DEBUG] debug-file - Update task entry:default@PreBuild input file:C:\Users\31293\Desktop\workplace\text-effects-master-upgraded-multidevice-freeflow\hvigor\hvigor-config.json5 cache by regenerate.
[2026-06-23T15:48:37.350] [DEBUG] debug-file - Update task entry:default@PreBuild input file:C:\Users\31293\Desktop\workplace\text-effects-master-upgraded-multidevice-freeflow\entry\oh-package.json5 cache by regenerate.
[2026-06-23T15:48:37.351] [DEBUG] debug-file - Update task entry:default@PreBuild input file:C:\Users\31293\Desktop\workplace\text-effects-master-upgraded-multidevice-freeflow\oh-package.json5 cache by regenerate.
[2026-06-23T15:48:37.352] [DEBUG] debug-file - Incremental task entry:default@PreBuild post-execution cost:11 ms .
[2026-06-23T15:48:37.409] [DEBUG] debug-file - session manager: send message to worker process.
[2026-06-23T15:48:37.410] [DEBUG] debug-file - session manager: send message to worker process.
[2026-06-23T15:48:37.908] [DEBUG] debug-file - Cleanup worker 0.
[2026-06-23T15:48:37.909] [DEBUG] debug-file - Worker 0 has been cleaned up.
[2026-06-23T15:48:37.909] [DEBUG] debug-file - Current idle worker size: 1.
[2026-06-23T15:48:37.909] [DEBUG] debug-file - Current resident worker size: 2.
[2026-06-23T15:48:37.909] [DEBUG] debug-file - Cleanup worker 1.
[2026-06-23T15:48:37.909] [DEBUG] debug-file - Worker 1 has been cleaned up.
[2026-06-23T15:48:37.909] [DEBUG] debug-file - Current idle worker size: 0.
[2026-06-23T15:48:37.909] [DEBUG] debug-file - Current resident worker size: 2.
[2026-06-23T15:48:37.912] [DEBUG] debug-file - hvigor build process will be closed.
[2026-06-23T15:48:37.926] [DEBUG] debug-file - worker[1] exits with exit code 1.
[2026-06-23T15:48:37.938] [DEBUG] debug-file - watch worker: worker id should be larger than 0. Nothing will be sent to any worker thread.
[2026-06-23T15:48:37.939] [DEBUG] debug-file - watch worker: worker id should be larger than 0. Nothing will be sent to any worker thread.
[2026-06-23T15:48:37.939] [DEBUG] debug-file - worker[0] exits with exit code 1.
[2026-06-23T15:51:49.224] [DEBUG] debug-file - env: nodejsVersion=v18.20.1
[2026-06-23T15:51:49.293] [DEBUG] debug-file - env: daemon=true
[2026-06-23T15:51:49.225] [DEBUG] debug-file - env: hvigor-config.json5 content = {
  modelVersion: '5.0.0',
  dependencies: {},
  execution: {},
  logging: {},
  debugging: {},
  nodeOptions: {}
}
[2026-06-23T15:51:50.536] [DEBUG] debug-file - java daemon tryConnect failed Error: connect ECONNREFUSED 127.0.0.1:45050
[2026-06-23T15:51:50.543] [DEBUG] debug-file - java daemon started at port 45050 pid 36188
[2026-06-23T15:51:50.572] [DEBUG] debug-file - session manager: set active socket. socketId=9Hc3psc4txGLon_dAAAB
[2026-06-23T15:51:51.691] [DEBUG] debug-file - watch worker: worker id should be larger than 0. Nothing will be sent to any worker thread.
[2026-06-23T15:51:51.698] [DEBUG] debug-file - Since there is no instance or instance is terminated, create a new worker pool.
[2026-06-23T15:51:51.699] [DEBUG] debug-file - Worker pool is initialized with config:  {
  minPoolNum: 2,
  maxPoolNum: undefined,
  maxCoreSize: undefined,
  cacheCapacity: undefined,
  cacheTtl: undefined
}
[2026-06-23T15:51:51.701] [DEBUG] debug-file - Create  resident worker with id: 0.
[2026-06-23T15:51:51.704] [DEBUG] debug-file - Create  resident worker with id: 1.
[2026-06-23T15:51:51.706] [DEBUG] debug-file - Workers' log level updated to INFO
[2026-06-23T15:51:51.714] [DEBUG] debug-file - Hvigor init with startParameters:{
  hvigorfileTypeCheck: false,
  parallelExecution: true,
  incrementalExecution: true,
  printStackTrace: false,
  daemon: true,
  analyze: 0,
  logLevel: Level { level: 20000, levelStr: 'INFO', colour: 'green' },
  optimizationStrategy: 'memory',
  hotCompile: undefined,
  hotReloadBuild: undefined,
  customizedParam: undefined
}
[2026-06-23T15:51:51.729] [DEBUG] debug-file - Cache service initialization finished in 14 ms 
[2026-06-23T15:51:51.731] [DEBUG] debug-file - hvigorfile, resolving C:\Users\31293\Desktop\workplace\text-effects-master-upgraded-multidevice-freeflow\hvigorfile.ts
[2026-06-23T15:51:57.566] [DEBUG] debug-file - hvigorfile, require result:  { default: { plugins: [] } }
[2026-06-23T15:51:57.566] [DEBUG] debug-file - hvigorfile, binding system plugins null
[2026-06-23T15:51:57.567] [DEBUG] debug-file - Starting plugin build process
[2026-06-23T15:51:57.568] [DEBUG] debug-file - App plugin prepare start...
[2026-06-23T15:51:57.568] [DEBUG] debug-file - App plugin prepare end...
[2026-06-23T15:51:57.568] [DEBUG] debug-file - App plugin creating...
[2026-06-23T15:51:57.987] [DEBUG] debug-file - App plugin register hook start...
[2026-06-23T15:51:57.988] [DEBUG] debug-file - App plugin register hook end...
[2026-06-23T15:51:57.988] [DEBUG] debug-file - Plugin build process completed
[2026-06-23T15:51:57.991] [DEBUG] debug-file - Start initialize project's product build option map with build mode debug.
[2026-06-23T15:51:57.991] [DEBUG] debug-file - Picking option from product 'default' with build mode 'debug'.
[2026-06-23T15:51:57.992] [DEBUG] debug-file - Product 'default' build option initialized
[2026-06-23T15:51:57.992] [DEBUG] debug-file - End initialize project's product build option map with build mode 'debug'.
[2026-06-23T15:51:57.999] [DEBUG] debug-file - Obtain build option for product 'default'in this build.
[2026-06-23T15:51:58.004] [DEBUG] debug-file - No signingConfig found, initRemoteHspCache failed.
[2026-06-23T15:51:58.013] [DEBUG] debug-file - Local scan or download HarmonyOS sdk components toolchains,ets,js,native,previewer
[2026-06-23T15:51:58.023] [DEBUG] debug-file - Local scan or download hmscore sdk components toolchains,ets,native
[2026-06-23T15:51:58.033] [DEBUG] debug-file - Start recording SDK configuration permission data.
[2026-06-23T15:51:58.108] [DEBUG] debug-file - Sdk init in 100 ms 
[2026-06-23T15:51:58.123] [DEBUG] debug-file - Project task initialization takes 13 ms 
[2026-06-23T15:51:58.123] [DEBUG] debug-file - hvigorfile, binding custom plugins []
[2026-06-23T15:51:58.124] [DEBUG] debug-file - hvigorfile, no custom plugins were found in C:\Users\31293\Desktop\workplace\text-effects-master-upgraded-multidevice-freeflow\hvigorfile.ts
[2026-06-23T15:51:58.124] [DEBUG] debug-file - hvigorfile, resolve finished C:\Users\31293\Desktop\workplace\text-effects-master-upgraded-multidevice-freeflow\hvigorfile.ts
[2026-06-23T15:51:58.126] [DEBUG] debug-file - hvigorfile, resolving C:\Users\31293\Desktop\workplace\text-effects-master-upgraded-multidevice-freeflow\entry\hvigorfile.ts
[2026-06-23T15:51:58.146] [DEBUG] debug-file - hvigorfile, require result:  { default: { plugins: [] } }
[2026-06-23T15:51:58.146] [DEBUG] debug-file - hvigorfile, binding system plugins null
[2026-06-23T15:51:58.146] [DEBUG] debug-file - Starting plugin build process
[2026-06-23T15:51:58.147] [DEBUG] debug-file - Hap plugin creating...
[2026-06-23T15:51:58.149] [DEBUG] debug-file - failed to load cangjie to dynamically generate schemas: Error: Cannot find module '@ohos/cangjie-build-support/index'
Require stack:
- C:\Program Files\Huawei\DevEco Studio\tools\hvigor\hvigor-ohos-plugin\src\plugin\hooks\cangjie-register.js
- C:\Program Files\Huawei\DevEco Studio\tools\hvigor\hvigor-ohos-plugin\src\plugin\strategy\stage-init-strategy.js
- C:\Program Files\Huawei\DevEco Studio\tools\hvigor\hvigor-ohos-plugin\src\plugin\builder\abstract-plugin-builder.js
- C:\Program Files\Huawei\DevEco Studio\tools\hvigor\hvigor-ohos-plugin\src\plugin\builder\app-plugin-builder.js
- C:\Program Files\Huawei\DevEco Studio\tools\hvigor\hvigor-ohos-plugin\src\plugin\factory\plugin-factory.js
- C:\Program Files\Huawei\DevEco Studio\tools\hvigor\hvigor-ohos-plugin\index.js
- C:\Users\31293\Desktop\workplace\text-effects-master-upgraded-multidevice-freeflow\hvigorfile.ts
- C:\Program Files\Huawei\DevEco Studio\tools\hvigor\hvigor\src\base\internal\lifecycle\configuration.js
- C:\Program Files\Huawei\DevEco Studio\tools\hvigor\hvigor\src\base\boot\index.js
- C:\Program Files\Huawei\DevEco Studio\tools\hvigor\hvigor\src\base\daemon\cluster\worker-process-lifecycle.js
- C:\Program Files\Huawei\DevEco Studio\tools\hvigor\hvigor\src\base\daemon\process\daemon-process-boot-script.js
[2026-06-23T15:51:58.188] [DEBUG] debug-file - Start initialize module-target build option map, moduleName=entry, buildMode=debug
[2026-06-23T15:51:58.189] [DEBUG] debug-file - Target 'default' config initialized
[2026-06-23T15:51:58.191] [DEBUG] debug-file - Module 'entry' target 'default' build option initialized
[2026-06-23T15:51:58.191] [DEBUG] debug-file - End initialize module-target build option map, moduleName=entry
[2026-06-23T15:51:58.191] [DEBUG] debug-file - Start initialize module-target build option map, moduleName=entry, buildMode=release
[2026-06-23T15:51:58.192] [DEBUG] debug-file - Target 'default' config initialized
[2026-06-23T15:51:58.194] [DEBUG] debug-file - Module 'entry' target 'default' build option initialized
[2026-06-23T15:51:58.194] [DEBUG] debug-file - End initialize module-target build option map, moduleName=entry
[2026-06-23T15:51:58.198] [DEBUG] debug-file - Start initialize module-target build option map, moduleName=entry, buildMode=debug
[2026-06-23T15:51:58.198] [DEBUG] debug-file - Target 'default' config initialized
[2026-06-23T15:51:58.199] [DEBUG] debug-file - Module 'entry' target 'default' build option initialized
[2026-06-23T15:51:58.199] [DEBUG] debug-file - End initialize module-target build option map, moduleName=entry
[2026-06-23T15:51:58.200] [DEBUG] debug-file - Obtain build option for module 'entry' target 'default'in this build.
[2026-06-23T15:51:58.211] [DEBUG] debug-file - Module entry task initialization takes 7 ms 
[2026-06-23T15:51:58.212] [DEBUG] debug-file - Hap plugin register hook start...
[2026-06-23T15:51:58.212] [DEBUG] debug-file - Hap plugin register hook end...
[2026-06-23T15:51:58.212] [DEBUG] debug-file - Plugin build process completed
[2026-06-23T15:51:58.212] [DEBUG] debug-file - hvigorfile, binding custom plugins []
[2026-06-23T15:51:58.212] [DEBUG] debug-file - hvigorfile, no custom plugins were found in C:\Users\31293\Desktop\workplace\text-effects-master-upgraded-multidevice-freeflow\entry\hvigorfile.ts
[2026-06-23T15:51:58.212] [DEBUG] debug-file - hvigorfile, resolve finished C:\Users\31293\Desktop\workplace\text-effects-master-upgraded-multidevice-freeflow\entry\hvigorfile.ts
[2026-06-23T15:51:58.401] [DEBUG] debug-file - hvigorfile, resolve hvigorfile dependencies in 188 ms 
[2026-06-23T15:51:58.401] [DEBUG] debug-file - project has submodules:entry
[2026-06-23T15:51:58.406] [DEBUG] debug-file - start to load updatedOhPackageInfo to the disk
[2026-06-23T15:51:58.426] [DEBUG] debug-file - load to the disk finished
[2026-06-23T15:51:58.431] [DEBUG] debug-file - Start to initialize dependency information.
[2026-06-23T15:51:58.439] [DEBUG] debug-file - Module text-effects-master-upgraded-multidevice-freeflow Collected Dependency: 
[2026-06-23T15:51:58.439] [DEBUG] debug-file - Module text-effects-master-upgraded-multidevice-freeflow's total dependency: 0
[2026-06-23T15:51:58.448] [DEBUG] debug-file - Start to initialize dependency information.
[2026-06-23T15:51:58.455] [DEBUG] debug-file - Module entry Collected Dependency: 
[2026-06-23T15:51:58.456] [DEBUG] debug-file - Module entry's total dependency: 0
[2026-06-23T15:51:58.466] [DEBUG] debug-file - Configuration phase cost:6 s 737 ms 
[2026-06-23T15:51:58.469] [DEBUG] debug-file - Configuration task cost before running: 6 s 762 ms 
[2026-06-23T15:51:58.482] [DEBUG] debug-file - Executing task :entry:default@PreBuild
[2026-06-23T15:51:58.485] [DEBUG] debug-file - Task 'entry:default@PreBuild' cost while wrapping incremental declarations: 1 ms 
[2026-06-23T15:51:58.758] [DEBUG] debug-file - current product is not Atomic service.
[2026-06-23T15:51:58.759] [DEBUG] debug-file - Use tool [win32: JAVA_HOME, CLASSPATH]
 [
  { JAVA_HOME: 'C:\\Program Files\\Huawei\\DevEco Studio\\jbr' },
  { CLASSPATH: undefined }
]
[2026-06-23T15:51:58.759] [DEBUG] debug-file - Use tool [win32: NODE_HOME]
 [
  {
    NODE_HOME: 'C:\\Program Files\\Huawei\\DevEco Studio\\tools\\node'
  }
]
[2026-06-23T15:51:58.761] [DEBUG] debug-file - entry : default@PreBuild cost memory 11.142433166503906
[2026-06-23T15:51:58.762] [DEBUG] debug-file - runTaskFromQueue task cost before running: 7 s 55 ms 
[2026-06-23T15:51:58.768] [INFO] debug-file - Finished :entry:default@PreBuild... after 281 ms 
[2026-06-23T15:51:58.772] [DEBUG] debug-file - Executing task :entry:default@CreateModuleInfo
[2026-06-23T15:51:58.772] [DEBUG] debug-file - Task 'entry:default@CreateModuleInfo' cost while wrapping incremental declarations: 1 ms 
[2026-06-23T15:51:58.773] [DEBUG] debug-file - entry : default@CreateModuleInfo cost memory 0.04857635498046875
[2026-06-23T15:51:58.774] [DEBUG] debug-file - runTaskFromQueue task cost before running: 7 s 67 ms 
[2026-06-23T15:51:58.774] [INFO] debug-file - Finished :entry:default@CreateModuleInfo... after 3 ms 
[2026-06-23T15:51:58.776] [DEBUG] debug-file - Executing task :entry:default@GenerateMetadata
[2026-06-23T15:51:58.779] [DEBUG] debug-file - Task 'entry:default@GenerateMetadata' cost while wrapping incremental declarations: 2 ms 
[2026-06-23T15:51:58.782] [DEBUG] debug-file - entry : default@GenerateMetadata cost memory 0.07238006591796875
[2026-06-23T15:51:58.782] [DEBUG] debug-file - runTaskFromQueue task cost before running: 7 s 76 ms 
[2026-06-23T15:51:58.783] [INFO] debug-file - Finished :entry:default@GenerateMetadata... after 7 ms 
[2026-06-23T15:51:58.785] [DEBUG] debug-file - Executing task :entry:default@ConfigureCmake
[2026-06-23T15:51:58.786] [DEBUG] debug-file - entry : default@ConfigureCmake cost memory 0.016021728515625
[2026-06-23T15:51:58.787] [DEBUG] debug-file - runTaskFromQueue task cost before running: 7 s 80 ms 
[2026-06-23T15:51:58.787] [INFO] debug-file - Finished :entry:default@ConfigureCmake... after 2 ms 
[2026-06-23T15:51:58.791] [DEBUG] debug-file - Executing task :entry:default@MergeProfile
[2026-06-23T15:51:58.792] [DEBUG] debug-file - Task 'entry:default@MergeProfile' cost while wrapping incremental declarations: 1 ms 
[2026-06-23T15:51:58.794] [DEBUG] debug-file - Change app api release type with 'Release'
[2026-06-23T15:51:58.796] [DEBUG] debug-file - Change app compile API version with '6.0.2.130'
[2026-06-23T15:51:58.797] [DEBUG] debug-file - Change app target API version with '50005017'
[2026-06-23T15:51:58.797] [DEBUG] debug-file - Change app minimum API version with '50005017'
[2026-06-23T15:51:58.798] [DEBUG] debug-file - Use cli appEnvironment
[2026-06-23T15:51:58.805] [DEBUG] debug-file - entry : default@MergeProfile cost memory 0.4810028076171875
[2026-06-23T15:51:58.806] [DEBUG] debug-file - runTaskFromQueue task cost before running: 7 s 99 ms 
[2026-06-23T15:51:58.806] [INFO] debug-file - Finished :entry:default@MergeProfile... after 16 ms 
[2026-06-23T15:51:58.808] [DEBUG] debug-file - Executing task :entry:default@CreateBuildProfile
[2026-06-23T15:51:58.810] [DEBUG] debug-file - Task 'entry:default@CreateBuildProfile' cost while wrapping incremental declarations: 1 ms 
[2026-06-23T15:51:58.813] [DEBUG] debug-file - entry : default@CreateBuildProfile cost memory 0.3115234375
[2026-06-23T15:51:58.813] [DEBUG] debug-file - runTaskFromQueue task cost before running: 7 s 106 ms 
[2026-06-23T15:51:58.814] [INFO] debug-file - Finished :entry:default@CreateBuildProfile... after 5 ms 
[2026-06-23T15:51:58.818] [DEBUG] debug-file - Executing task :entry:default@PreCheckSyscap
[2026-06-23T15:51:58.819] [DEBUG] debug-file - entry : default@PreCheckSyscap cost memory 0.01625823974609375
[2026-06-23T15:51:58.820] [DEBUG] debug-file - runTaskFromQueue task cost before running: 7 s 113 ms 
[2026-06-23T15:51:58.822] [INFO] debug-file - Finished :entry:default@PreCheckSyscap... after 2 ms 
[2026-06-23T15:51:58.827] [DEBUG] debug-file - Executing task :entry:default@GeneratePkgContextInfo
[2026-06-23T15:51:58.851] [DEBUG] debug-file - Task 'entry:default@GeneratePkgContextInfo' cost while wrapping incremental declarations: 1 ms 
[2026-06-23T15:51:58.852] [DEBUG] debug-file - entry : default@GeneratePkgContextInfo cost memory 0.24945831298828125
[2026-06-23T15:51:58.852] [DEBUG] debug-file - runTaskFromQueue task cost before running: 7 s 145 ms 
[2026-06-23T15:51:58.852] [INFO] debug-file - Finished :entry:default@GeneratePkgContextInfo... after 25 ms 
[2026-06-23T15:51:58.861] [DEBUG] debug-file - Executing task :entry:default@ProcessIntegratedHsp
[2026-06-23T15:51:58.863] [DEBUG] debug-file - entry : default@ProcessIntegratedHsp cost memory 0.03435516357421875
[2026-06-23T15:51:58.864] [DEBUG] debug-file - runTaskFromQueue task cost before running: 7 s 157 ms 
[2026-06-23T15:51:58.865] [INFO] debug-file - Finished :entry:default@ProcessIntegratedHsp... after 4 ms 
[2026-06-23T15:51:58.869] [DEBUG] debug-file - Executing task :entry:default@BuildNativeWithCmake
[2026-06-23T15:51:58.870] [DEBUG] debug-file - entry : default@BuildNativeWithCmake cost memory 0.01744842529296875
[2026-06-23T15:51:58.870] [DEBUG] debug-file - runTaskFromQueue task cost before running: 7 s 163 ms 
[2026-06-23T15:51:58.870] [INFO] debug-file - Finished :entry:default@BuildNativeWithCmake... after 2 ms 
[2026-06-23T15:51:58.873] [DEBUG] debug-file - Executing task :entry:default@MakePackInfo
[2026-06-23T15:51:58.876] [DEBUG] debug-file - Module Pack Info:  {
  summary: {
    app: { bundleName: 'c***s', bundleType: 'app', version: [Object] },
    modules: [ [Object] ]
  },
  packages: [
    {
      deviceType: [Array],
      moduleType: 'entry',
      deliveryWithInstall: true,
      name: 'entry-default'
    }
  ]
}
[2026-06-23T15:51:58.878] [DEBUG] debug-file - entry : default@MakePackInfo cost memory 0.1137237548828125
[2026-06-23T15:51:58.879] [DEBUG] debug-file - runTaskFromQueue task cost before running: 7 s 172 ms 
[2026-06-23T15:51:58.879] [INFO] debug-file - Finished :entry:default@MakePackInfo... after 6 ms 
[2026-06-23T15:51:58.882] [DEBUG] debug-file - Executing task :entry:default@SyscapTransform
[2026-06-23T15:51:58.882] [DEBUG] debug-file - File: 'C:\Users\31293\Desktop\workplace\text-effects-master-upgraded-multidevice-freeflow\entry\src\main\syscap.json' from 'sysCapJsonPath' is not exists, just ignore.
[2026-06-23T15:51:58.884] [DEBUG] debug-file - Task 'entry:default@SyscapTransform' cost while wrapping incremental declarations: 2 ms 
[2026-06-23T15:51:58.887] [DEBUG] debug-file - entry : default@SyscapTransform cost memory 0.06438446044921875
[2026-06-23T15:51:58.887] [DEBUG] debug-file - runTaskFromQueue task cost before running: 7 s 180 ms 
[2026-06-23T15:51:58.888] [INFO] debug-file - Finished :entry:default@SyscapTransform... after 5 ms 
[2026-06-23T15:51:58.893] [DEBUG] debug-file - Executing task :entry:default@ProcessProfile
[2026-06-23T15:51:58.896] [DEBUG] debug-file - Task 'entry:default@ProcessProfile' cost while wrapping incremental declarations: 1 ms 
[2026-06-23T15:51:58.901] [DEBUG] debug-file - [
  'C:\\Program Files\\Huawei\\DevEco Studio\\tools\\node\\node.exe',
  'C:\\Program Files\\Huawei\\DevEco Studio\\sdk\\default\\openharmony\\ets\\build-tools\\ets-loader\\bin\\ark\\ts2abc.js',
  '--target-api-version',
  '17'
]
[2026-06-23T15:51:59.075] [DEBUG] debug-file - 12.0.6.0
[2026-06-23T15:51:59.089] [DEBUG] debug-file - No need to add fake ui ability because of not in preview process.
[2026-06-23T15:51:59.095] [DEBUG] debug-file - entry : default@ProcessProfile cost memory 2.2061920166015625
[2026-06-23T15:51:59.098] [DEBUG] debug-file - runTaskFromQueue task cost before running: 7 s 391 ms 
[2026-06-23T15:51:59.102] [INFO] debug-file - Finished :entry:default@ProcessProfile... after 205 ms 
[2026-06-23T15:51:59.112] [DEBUG] debug-file - Executing task :entry:default@ProcessRouterMap
[2026-06-23T15:51:59.131] [DEBUG] debug-file - entry : default@ProcessRouterMap cost memory 0.07614898681640625
[2026-06-23T15:51:59.131] [DEBUG] debug-file - runTaskFromQueue task cost before running: 7 s 424 ms 
[2026-06-23T15:51:59.135] [INFO] debug-file - Finished :entry:default@ProcessRouterMap... after 19 ms 
[2026-06-23T15:51:59.138] [DEBUG] debug-file - Executing task :entry:default@ProcessShareConfig
[2026-06-23T15:51:59.142] [DEBUG] debug-file - entry : default@ProcessShareConfig cost memory 0.06447601318359375
[2026-06-23T15:51:59.143] [DEBUG] debug-file - runTaskFromQueue task cost before running: 7 s 436 ms 
[2026-06-23T15:51:59.146] [INFO] debug-file - Finished :entry:default@ProcessShareConfig... after 5 ms 
[2026-06-23T15:51:59.149] [DEBUG] debug-file - Executing task :entry:default@ProcessStartupConfig
[2026-06-23T15:51:59.150] [DEBUG] debug-file - Task 'entry:default@ProcessStartupConfig' cost while wrapping incremental declarations: 1 ms 
[2026-06-23T15:51:59.156] [DEBUG] debug-file - entry : default@ProcessStartupConfig cost memory -10.616249084472656
[2026-06-23T15:51:59.156] [DEBUG] debug-file - runTaskFromQueue task cost before running: 7 s 450 ms 
[2026-06-23T15:51:59.157] [INFO] debug-file - Finished :entry:default@ProcessStartupConfig... after 8 ms 
[2026-06-23T15:51:59.160] [DEBUG] debug-file - Executing task :entry:default@BuildNativeWithNinja
[2026-06-23T15:51:59.161] [DEBUG] debug-file - entry : default@BuildNativeWithNinja cost memory 0.02576446533203125
[2026-06-23T15:51:59.162] [DEBUG] debug-file - runTaskFromQueue task cost before running: 7 s 455 ms 
[2026-06-23T15:51:59.164] [INFO] debug-file - Finished :entry:default@BuildNativeWithNinja... after 2 ms 
[2026-06-23T15:51:59.167] [DEBUG] debug-file - restool module names: entry; moduleName=entry, taskName=default@ProcessResource
[2026-06-23T15:51:59.175] [DEBUG] debug-file - Executing task :entry:default@ProcessResource
[2026-06-23T15:51:59.175] [DEBUG] debug-file - Task 'entry:default@ProcessResource' cost while wrapping incremental declarations: 1 ms 
[2026-06-23T15:51:59.182] [DEBUG] debug-file - entry : default@ProcessResource cost memory 0.14818572998046875
[2026-06-23T15:51:59.184] [DEBUG] debug-file - runTaskFromQueue task cost before running: 7 s 477 ms 
[2026-06-23T15:51:59.189] [INFO] debug-file - Finished :entry:default@ProcessResource... after 12 ms 
[2026-06-23T15:51:59.198] [DEBUG] debug-file - Executing task :entry:default@GenerateLoaderJson
[2026-06-23T15:51:59.202] [DEBUG] debug-file - Task 'entry:default@GenerateLoaderJson' cost while wrapping incremental declarations: 1 ms 
[2026-06-23T15:51:59.239] [DEBUG] debug-file - entry : default@GenerateLoaderJson cost memory 0.6533660888671875
[2026-06-23T15:51:59.240] [DEBUG] debug-file - runTaskFromQueue task cost before running: 7 s 533 ms 
[2026-06-23T15:51:59.245] [INFO] debug-file - Finished :entry:default@GenerateLoaderJson... after 42 ms 
[2026-06-23T15:51:59.248] [DEBUG] debug-file - Executing task :entry:default@ProcessLibs
[2026-06-23T15:51:59.275] [DEBUG] debug-file - Worker dispatch failed, running processLibs on main thread.
[2026-06-23T15:51:59.282] [DEBUG] debug-file - entry : default@ProcessLibs cost memory 0.40172576904296875
[2026-06-23T15:51:59.283] [DEBUG] debug-file - runTaskFromQueue task cost before running: 7 s 576 ms 
[2026-06-23T15:51:59.285] [INFO] debug-file - Finished :entry:default@ProcessLibs... after 36 ms 
[2026-06-23T15:51:59.289] [DEBUG] debug-file - restool module names: entry; moduleName=entry, taskName=default@CompileResource
[2026-06-23T15:51:59.290] [DEBUG] debug-file - Executing task :entry:default@CompileResource
[2026-06-23T15:51:59.781] [DEBUG] debug-file - Use tool [C:\Program Files\Huawei\DevEco Studio\sdk\default\openharmony\toolchains\restool.exe]
 [
  'C:\\Program Files\\Huawei\\DevEco Studio\\sdk\\default\\openharmony\\toolchains\\restool.exe',
  '-l',
  'C:\\Users\\31293\\Desktop\\workplace\\text-effects-master-upgraded-multidevice-freeflow\\entry\\build\\default\\intermediates\\res\\default\\resConfig.json'
]
[2026-06-23T15:51:59.792] [DEBUG] debug-file - current process  memoryUsage: {
  rss: 292003840,
  heapTotal: 185454592,
  heapUsed: 151128296,
  external: 3568901,
  arrayBuffers: 536671
} os memoryUsage :19.40825653076172
[2026-06-23T15:51:59.886] [DEBUG] debug-file - Info: Pack: normal pack mode

[2026-06-23T15:52:00.182] [DEBUG] debug-file - Info: hardware concurrency count is : 8
Info: thread count is : 8

[2026-06-23T15:52:00.182] [DEBUG] debug-file - Info: thread pool is started

[2026-06-23T15:52:00.185] [DEBUG] debug-file - Info: GenericCompiler::CompileFiles

[2026-06-23T15:52:00.204] [DEBUG] debug-file - Info: GenericCompiler::CompileFiles

[2026-06-23T15:52:00.208] [DEBUG] debug-file - Info: GenericCompiler::CompileFiles

[2026-06-23T15:52:00.218] [DEBUG] debug-file - 06-23 15:52:00.218 20684 17020 E C01400/ImageTranscoderUtils: DecodeToRGBA IN
06-23 15:52:00.218 20684 17020 E C01400/ImageTranscoderUtils: ImageFilter IN C:\Users\31293\Desktop\workplace\text-effects-master-upgraded-multidevice-freeflow\AppScope\resources\base\media\app_icon.png

[2026-06-23T15:52:00.218] [DEBUG] debug-file - 06-23 15:52:00.219 20684 17020 E C01400/ImageTranscoder: TranscodeSLR Only zoom-out is supported.
Warning: ScaleImage failed, error message: INVALID_PARAMETERS, file path = C:\Users\31293\Desktop\workplace\text-effects-master-upgraded-multidevice-freeflow\AppScope\resources\base\media\app_icon.png

[2026-06-23T15:52:00.225] [DEBUG] debug-file - 06-23 15:52:00.222 20684 17020 E C01400/ImageTranscoderUtils: DecodeToRGBA IN
06-23 15:52:00.222 20684 17020 E C01400/ImageTranscoderUtils: ImageFilter IN C:\Users\31293\Desktop\workplace\text-effects-master-upgraded-multidevice-freeflow\entry\src\main\resources\base\media\background.png
06-23 15:52:00.223 20684 17020 E C01400/ImageTranscoder: TranscodeSLR Only zoom-out is supported.
Warning: ScaleImage failed, error message: INVALID_PARAMETERS, file path = C:\Users\31293\Desktop\workplace\text-effects-master-upgraded-multidevice-freeflow\entry\src\main\resources\base\media\background.png

[2026-06-23T15:52:00.226] [DEBUG] debug-file - 06-23 15:52:00.226 20684 17020 E C01400/ImageTranscoderUtils: DecodeToRGBA IN
06-23 15:52:00.226 20684 17020 E C01400/ImageTranscoderUtils: ImageFilter IN C:\Users\31293\Desktop\workplace\text-effects-master-upgraded-multidevice-freeflow\entry\src\main\resources\base\media\foreground.png

[2026-06-23T15:52:00.226] [DEBUG] debug-file - 06-23 15:52:00.226 20684 17020 E C01400/ImageTranscoder: TranscodeSLR Only zoom-out is supported.
Warning: ScaleImage failed, error message: INVALID_PARAMETERS, file path = C:\Users\31293\Desktop\workplace\text-effects-master-upgraded-multidevice-freeflow\entry\src\main\resources\base\media\foreground.png

[2026-06-23T15:52:00.228] [DEBUG] debug-file - Info: can't scale media json file.

[2026-06-23T15:52:00.228] [DEBUG] debug-file - Warning: The width or height of the png file referenced by the icon exceeds the limit (41 pixels)
at C:\Users\31293\Desktop\workplace\text-effects-master-upgraded-multidevice-freeflow\entry\src\main\resources\base\media\background.png
Warning: The width or height of the png file referenced by the icon exceeds the limit (41 pixels)
at C:\Users\31293\Desktop\workplace\text-effects-master-upgraded-multidevice-freeflow\entry\src\main\resources\base\media\foreground.png
Warning: C:\Users\31293\Desktop\workplace\text-effects-master-upgraded-multidevice-freeflow\entry\src\main\resources\base\media\layered_image.json is not png format

[2026-06-23T15:52:00.233] [DEBUG] debug-file - Info: restool resources compile success.
Info: thread pool is stopped

[2026-06-23T15:52:00.329] [DEBUG] debug-file - entry : default@CompileResource cost memory -26.431427001953125
[2026-06-23T15:52:00.329] [DEBUG] debug-file - runTaskFromQueue task cost before running: 8 s 622 ms 
[2026-06-23T15:52:00.342] [INFO] debug-file - Finished :entry:default@CompileResource... after 1 s 40 ms 
[2026-06-23T15:52:00.350] [DEBUG] debug-file - Executing task :entry:default@DoNativeStrip
[2026-06-23T15:52:00.352] [DEBUG] debug-file - Task 'entry:default@DoNativeStrip' cost while wrapping incremental declarations: 1 ms 
[2026-06-23T15:52:00.382] [DEBUG] debug-file - entry : default@DoNativeStrip cost memory 0.06789398193359375
[2026-06-23T15:52:00.383] [DEBUG] debug-file - runTaskFromQueue task cost before running: 8 s 676 ms 
[2026-06-23T15:52:00.383] [INFO] debug-file - Finished :entry:default@DoNativeStrip... after 34 ms 
[2026-06-23T15:52:00.394] [DEBUG] debug-file - Executing task :entry:default@CompileArkTS
[2026-06-23T15:52:00.398] [DEBUG] debug-file - obfuscationOptions: undefined
[2026-06-23T15:52:00.407] [DEBUG] debug-file - Task 'entry:default@CompileArkTS' cost while wrapping incremental declarations: 1 ms 
[2026-06-23T15:52:00.473] [DEBUG] debug-file - build config:
[2026-06-23T15:52:00.475] [DEBUG] debug-file - {
  moduleType: 'entry',
  perf: 0,
  targetName: '.default',
  packageManagerType: 'ohpm',
  localPropertiesPath: 'C:\\Users\\31293\\Desktop\\workplace\\text-effects-master-upgraded-multidevice-freeflow\\local.properties',
  isPreview: false,
  isOhosTest: false,
  isLocalTest: false,
  buildMode: 'Debug',
  hotReloadBuild: undefined,
  watchMode: 'false',
  aceProfilePath: 'C:\\Users\\31293\\Desktop\\workplace\\text-effects-master-upgraded-multidevice-freeflow\\entry\\build\\default\\intermediates\\res\\default\\resources\\base\\profile',
  etsLoaderPath: 'C:\\Program Files\\Huawei\\DevEco Studio\\sdk\\default\\openharmony\\ets\\build-tools\\ets-loader',
  modulePath: 'C:\\Users\\31293\\Desktop\\workplace\\text-effects-master-upgraded-multidevice-freeflow\\entry',
  testFrameworkPar: {
    testMode: undefined,
    coveragePathFilter: undefined,
    coverageMode: undefined
  },
  needCoverageInsert: false,
  debugLine: false,
  projectTopDir: 'C:\\Users\\31293\\Desktop\\workplace\\text-effects-master-upgraded-multidevice-freeflow',
  compileSdkVersion: 22,
  compatibleSdkVersion: 17,
  originCompatibleSdkVersion: '5.0.5(17)',
  compatibleSdkVersionStage: undefined,
  bundleName: 'c***s',
  etsLoaderVersion: '6.0.2.130',
  etsLoaderReleaseType: 'Release',
  aotCompileMode: 'type',
  apPath: 'C:\\Users\\31293\\Desktop\\workplace\\text-effects-master-upgraded-multidevice-freeflow\\entry\\modules.ap',
  entryModuleName: 'entry',
  entryModuleVersion: '1.0.0',
  entryPackageName: 'entry',
  allModuleNameHash: '7be05728b0c1fcdde7e9ed2fbb9b8f26c3cc8d47795117111dfb001f3c72014d',
  externalApiPaths: [
    'C:\\Program Files\\Huawei\\DevEco Studio\\sdk\\default\\hms\\ets'
  ],
  compilerTypes: [],
  isCrossplatform: false,
  hvigorPluginFile: undefined,
  compilePluginPath: undefined,
  buildGeneratedProfilePath: 'C:\\Users\\31293\\Desktop\\workplace\\text-effects-master-upgraded-multidevice-freeflow\\entry\\build\\default\\generated\\profile\\default',
  bundleType: 'app',
  arkTSVersion: undefined,
  apiVersion: 22,
  needCompleteSourcesMap: false,
  isFaMode: false,
  buildDir: 'C:\\Users\\31293\\Desktop\\workplace\\text-effects-master-upgraded-multidevice-freeflow\\entry\\build',
  deviceTypes: [ 'phone', 'tablet', '2in1' ],
  pkgContextInfo: undefined,
  ohPackagePathMap: {},
  dependencyAliasMap: {},
  permission: { requestPermissions: [ [Object] ], definePermissions: undefined },
  useGetCurrentBundleName: false,
  projectArkOption: undefined,
  sourceMapDir: undefined,
  branchElimination: false,
  transformLib: undefined,
  tsImportSendable: false,
  resolveConflictMode: true,
  depName2RootPath: {},
  depName2DepInfo: {},
  rootPathSet: [
    'C:\\Users\\31293\\Desktop\\workplace\\text-effects-master-upgraded-multidevice-freeflow'
  ],
  useNativeResolver: true,
  shouldEmitJs: true,
  useTscResolve: false,
  singleFileEmit: false,
  userProjectConfig: {
    autoLazyImport: false,
    allowEmptyBundleName: false,
    reExportCheckMode: 'noCheck',
    executionMode: 'memory',
    usePathPlaceholder: false,
    writeRollupCache: true,
    isExpandImportEnabled: false,
    expandImportExclude: '',
    lazyImportExclude: '',
    lazyImportInclude: '',
    ignoreCrossplatformCheck: false,
    isHarDeduplicateEnabled: false,
    skipOhModulesLint: false,
    enableStrictCheckOHModule: false,
    disableSendableCheckRules: [],
    useDeclarationFileSignature: false,
    customizedOptions: undefined,
    integratedHsp: false,
    isPreloadSoEnabled: false
  },
  executionMode: 'memory',
  arkCompileCachePath: 'C:\\Users\\31293\\Desktop\\workplace\\text-effects-master-upgraded-multidevice-freeflow\\entry\\build\\default\\cache\\default\\default@CompileArkTS\\esmodule',
  autoLazyFilter: undefined,
  isHarDeduplicateEnabled: false,
  intermediateHarDuplicateDirPath: 'C:\\Users\\31293\\Desktop\\workplace\\text-effects-master-upgraded-multidevice-freeflow\\entry\\build\\default\\intermediates\\har_duplicate\\default',
  autoLazyImport: false,
  allowEmptyBundleName: false,
  reExportCheckMode: 'noCheck',
  usePathPlaceholder: false,
  writeRollupCache: true,
  isExpandImportEnabled: false,
  expandImportExclude: '',
  lazyImportExclude: '',
  lazyImportInclude: '',
  ignoreCrossplatformCheck: false,
  skipOhModulesLint: false,
  enableStrictCheckOHModule: false,
  disableSendableCheckRules: [],
  useDeclarationFileSignature: false,
  customizedOptions: undefined,
  integratedHsp: false,
  isPreloadSoEnabled: false,
  strictMode: undefined,
  useNormalizedOHMUrl: false,
  caseSensitiveCheck: false,
  aceModuleJsonPath: 'C:\\Users\\31293\\Desktop\\workplace\\text-effects-master-upgraded-multidevice-freeflow\\entry\\build\\default\\intermediates\\res\\default\\ark_module.json',
  appResource: 'C:\\Users\\31293\\Desktop\\workplace\\text-effects-master-upgraded-multidevice-freeflow\\entry\\build\\default\\intermediates\\res\\default\\ResourceTable.txt',
  rawFileResource: 'C:\\Users\\31293\\Desktop\\workplace\\text-effects-master-upgraded-multidevice-freeflow\\entry\\build\\default\\intermediates\\res\\default\\resources\\rawfile',
  resourceTableHash: 'a0838ca14a59a5f4da71ba3b6ae391deb8596ab97f91b5dcc5dd467a505da8cf',
  runtimeOS: 'HarmonyOS',
  sdkInfo: 'false:22:6.0.2.130:Release',
  aceModuleRoot: 'C:\\Users\\31293\\Desktop\\workplace\\text-effects-master-upgraded-multidevice-freeflow\\entry\\src\\main\\ets',
  compileMode: 'esmodule',
  aceSuperVisualPath: 'C:\\Users\\31293\\Desktop\\workplace\\text-effects-master-upgraded-multidevice-freeflow\\entry\\src\\main\\supervisual',
  aceBuildJson: 'C:\\Users\\31293\\Desktop\\workplace\\text-effects-master-upgraded-multidevice-freeflow\\entry\\build\\default\\intermediates\\loader\\default\\loader.json',
  cachePath: 'C:\\Users\\31293\\Desktop\\workplace\\text-effects-master-upgraded-multidevice-freeflow\\entry\\build\\default\\cache\\default\\default@CompileArkTS\\esmodule\\debug',
  aceModuleBuild: 'C:\\Users\\31293\\Desktop\\workplace\\text-effects-master-upgraded-multidevice-freeflow\\entry\\build\\default\\intermediates\\loader_out\\default\\ets',
  supportChunks: true,
  declaredFilesPath: undefined,
  shouldCollectDirectImportees: false,
  isByteCodeHarOptimize: false,
  expandImportPath: undefined,
  pkgNameToPkgBriefInfo: {
    entry: {
      pkgRoot: 'C:\\Users\\31293\\Desktop\\workplace\\text-effects-master-upgraded-multidevice-freeflow\\entry',
      originalSourceRoots: undefined,
      sourceRoots: [Array],
      pkgName: 'entry'
    }
  },
  projectModel: {
    'C:\\Users\\31293\\Desktop\\workplace\\text-effects-master-upgraded-multidevice-freeflow\\entry\\src\\main': {
      moduleName: 'entry',
      modulePkgPath: 'C:\\Users\\31293\\Desktop\\workplace\\text-effects-master-upgraded-multidevice-freeflow\\entry',
      belongProjectPath: 'C:\\Users\\31293\\Desktop\\workplace\\text-effects-master-upgraded-multidevice-freeflow'
    },
    'C:\\Users\\31293\\Desktop\\workplace\\text-effects-master-upgraded-multidevice-freeflow\\entry': {
      moduleName: 'entry',
      modulePkgPath: 'C:\\Users\\31293\\Desktop\\workplace\\text-effects-master-upgraded-multidevice-freeflow\\entry',
      belongProjectPath: 'C:\\Users\\31293\\Desktop\\workplace\\text-effects-master-upgraded-multidevice-freeflow'
    },
    'C:\\Users\\31293\\Desktop\\workplace\\text-effects-master-upgraded-multidevice-freeflow': {
      moduleName: 'text-effects-master-upgraded-multidevice-freeflow',
      modulePkgPath: 'C:\\Users\\31293\\Desktop\\workplace\\text-effects-master-upgraded-multidevice-freeflow',
      belongProjectPath: 'C:\\Users\\31293\\Desktop\\workplace\\text-effects-master-upgraded-multidevice-freeflow'
    }
  },
  pkgJsonFileHash: 'ac995480e710a275b7cf4a6fb2472a77382a629452dd716ec0366f01c80fa48c',
  allModulePaths: [
    'C:\\Users\\31293\\Desktop\\workplace\\text-effects-master-upgraded-multidevice-freeflow\\entry'
  ],
  routerMap: {},
  obfuscationOptions: undefined,
  byteCodeHarToDependencyKeys: undefined,
  compileBlockPkg: [],
  mockParams: {
    decorator: '@MockSetup',
    packageName: '@ohos/hamock',
    etsSourceRootPath: 'src/main/ets',
    mockConfigPath: undefined,
    mockConfigKey2ModuleInfo: {},
    source2ModuleIdMap: {}
  },
  copyCodeResourceEnable: true,
  copyCodeResourceExcludes: [],
  copyCodeResourceIncludes: undefined,
  uiTransformOptimization: false,
  sdkPath: 'C:/Program Files/Huawei/DevEco Studio/sdk',
  needPreloadSoFileSet: {},
  preloadSoFilePath: 'C:\\Users\\31293\\Desktop\\workplace\\text-effects-master-upgraded-multidevice-freeflow\\entry\\build\\default\\intermediates\\preload\\default\\preload.json',
  useSourceHash: false,
  localModuleParamMap: {},
  otherPaths: {
    'entry/*': [
      '..\\*',
      '..\\..\\..\\build\\default\\generated\\profile\\default\\*'
    ]
  },
  collectImportersConfig: undefined
}
[2026-06-23T15:52:00.477] [DEBUG] debug-file - Compile arkts with external api path: C:\Program Files\Huawei\DevEco Studio\sdk\default\hms\ets
[2026-06-23T15:52:00.482] [DEBUG] debug-file - default@CompileArkTS work[0] is submitted.
[2026-06-23T15:52:00.483] [DEBUG] debug-file - default@CompileArkTS work[0] is pushed to ready queue.
[2026-06-23T15:52:00.483] [DEBUG] debug-file - A work dispatched to worker[7] failed because unable to get work from ready queue.
[2026-06-23T15:52:00.483] [DEBUG] debug-file - A work dispatched to worker[6] failed because unable to get work from ready queue.
[2026-06-23T15:52:00.483] [DEBUG] debug-file - A work dispatched to worker[5] failed because unable to get work from ready queue.
[2026-06-23T15:52:00.483] [DEBUG] debug-file - Create  resident worker with id: 4.
[2026-06-23T15:52:00.485] [DEBUG] debug-file - default@CompileArkTS work[0] has been dispatched to worker[4].
[2026-06-23T15:52:00.486] [DEBUG] debug-file - default@CompileArkTS work[0] is dispatched.
[2026-06-23T15:52:00.487] [DEBUG] debug-file - CopyResources startTime: 578492575123500
[2026-06-23T15:52:00.487] [DEBUG] debug-file - default@CompileArkTS work[1] is submitted.
[2026-06-23T15:52:00.488] [DEBUG] debug-file - default@CompileArkTS work[1] is pushed to ready queue.
[2026-06-23T15:52:00.489] [DEBUG] debug-file - A work dispatched to worker[7] failed because unable to get work from ready queue.
[2026-06-23T15:52:00.489] [DEBUG] debug-file - Create  resident worker with id: 6.
[2026-06-23T15:52:00.492] [DEBUG] debug-file - default@CompileArkTS work[1] has been dispatched to worker[6].
[2026-06-23T15:52:00.492] [DEBUG] debug-file - default@CompileArkTS work[1] is dispatched.
[2026-06-23T15:52:00.492] [DEBUG] debug-file - entry : default@CompileArkTS cost memory 1.4275665283203125
[2026-06-23T15:52:00.496] [DEBUG] debug-file - Executing task :entry:default@BuildJS
[2026-06-23T15:52:00.498] [DEBUG] debug-file - Task 'entry:default@BuildJS' cost while wrapping incremental declarations: 1 ms 
[2026-06-23T15:52:00.516] [DEBUG] debug-file - entry : default@BuildJS cost memory 0.1886444091796875
[2026-06-23T15:52:00.516] [DEBUG] debug-file - runTaskFromQueue task cost before running: 8 s 809 ms 
[2026-06-23T15:52:00.520] [INFO] debug-file - Finished :entry:default@BuildJS... after 20 ms 
[2026-06-23T15:52:00.522] [DEBUG] debug-file - Executing task :entry:default@CacheNativeLibs
[2026-06-23T15:52:00.526] [DEBUG] debug-file - Task 'entry:default@CacheNativeLibs' cost while wrapping incremental declarations: 4 ms 
[2026-06-23T15:52:00.530] [DEBUG] debug-file - default@CacheNativeLibs work[2] is submitted.
[2026-06-23T15:52:00.531] [DEBUG] debug-file - default@CacheNativeLibs work[2] is pushed to ready queue.
[2026-06-23T15:52:00.532] [DEBUG] debug-file - A work dispatched to worker[7] failed because unable to get work from ready queue.
[2026-06-23T15:52:00.532] [DEBUG] debug-file - A work dispatched to worker[6] failed because of worker busy.
[2026-06-23T15:52:00.532] [DEBUG] debug-file - Create  resident worker with id: 5.
[2026-06-23T15:52:00.535] [DEBUG] debug-file - default@CacheNativeLibs work[2] has been dispatched to worker[5].
[2026-06-23T15:52:00.535] [DEBUG] debug-file - default@CacheNativeLibs work[2] is dispatched.
[2026-06-23T15:52:00.535] [DEBUG] debug-file - entry : default@CacheNativeLibs cost memory 0.2005157470703125
[2026-06-23T15:52:05.106] [DEBUG] debug-file - worker[6] has one work done.
[2026-06-23T15:52:05.106] [DEBUG] debug-file - CopyResources is end, endTime: 578497194481800
[2026-06-23T15:52:05.107] [DEBUG] debug-file - default@CompileArkTS work[1] done.
[2026-06-23T15:52:05.108] [DEBUG] debug-file - A work dispatched to worker[6] failed because unable to get work from ready queue.
[2026-06-23T15:52:05.350] [DEBUG] debug-file - worker[5] has one work done.
[2026-06-23T15:52:05.350] [DEBUG] debug-file - default@CacheNativeLibs work[2] done.
[2026-06-23T15:52:05.351] [DEBUG] debug-file - A work dispatched to worker[5] failed because unable to get work from ready queue.
[2026-06-23T15:52:05.355] [INFO] debug-file - Finished :entry:default@CacheNativeLibs... after 24 ms 
[2026-06-23T15:52:24.434] [DEBUG] debug-file - worker[4] has one work error.
[2026-06-23T15:52:24.434] [DEBUG] debug-file - default@CompileArkTS work[0] failed.
[2026-06-23T15:52:24.435] [ERROR] debug-file - Failed :entry:default@CompileArkTS... 
[2026-06-23T15:52:24.435] [WARN] debug-file - 
[33m1 WARN: [33m[33mArkTS:WARN: For details about ArkTS syntax errors, see FAQs[39m[39m
[33m2 WARN: [33m[33mArkTS:WARN File: C:/Users/31293/Desktop/workplace/text-effects-master-upgraded-multidevice-freeflow/entry/src/main/ets/entryability/EntryAbility.ets:89:15
 'continuationManager' has been deprecated.
[39m[39m
[33m3 WARN: [33m[33mArkTS:WARN File: C:/Users/31293/Desktop/workplace/text-effects-master-upgraded-multidevice-freeflow/entry/src/main/ets/entryability/EntryAbility.ets:89:35
 'startContinuationDeviceManager' has been deprecated.
[39m[39m
[33m4 WARN: [33m[33mArkTS:WARN File: C:/Users/31293/Desktop/workplace/text-effects-master-upgraded-multidevice-freeflow/entry/src/main/ets/entryability/EntryAbility.ets:100:5
 'continuationManager' has been deprecated.
[39m[39m
[33m5 WARN: [33m[33mArkTS:WARN File: C:/Users/31293/Desktop/workplace/text-effects-master-upgraded-multidevice-freeflow/entry/src/main/ets/entryability/EntryAbility.ets:100:25
 'registerContinuation' has been deprecated.
[39m[39m
[33m6 WARN: [33m[33mArkTS:WARN File: C:/Users/31293/Desktop/workplace/text-effects-master-upgraded-multidevice-freeflow/entry/src/main/ets/entryability/EntryAbility.ets:104:7
 'continuationManager' has been deprecated.
[39m[39m
[33m7 WARN: [33m[33mArkTS:WARN File: C:/Users/31293/Desktop/workplace/text-effects-master-upgraded-multidevice-freeflow/entry/src/main/ets/entryability/EntryAbility.ets:104:27
 'on' has been deprecated.
[39m[39m
[33m8 WARN: [33m[33mArkTS:WARN File: C:/Users/31293/Desktop/workplace/text-effects-master-upgraded-multidevice-freeflow/entry/src/main/ets/entryability/EntryAbility.ets:105:68
 'name' has been deprecated.
[39m[39m
[33m9 WARN: [33m[33mArkTS:WARN File: C:/Users/31293/Desktop/workplace/text-effects-master-upgraded-multidevice-freeflow/entry/src/main/ets/entryability/EntryAbility.ets:130:5
 'continuationManager' has been deprecated.
[39m[39m
[33m10 WARN: [33m[33mArkTS:WARN File: C:/Users/31293/Desktop/workplace/text-effects-master-upgraded-multidevice-freeflow/entry/src/main/ets/entryability/EntryAbility.ets:130:5
 Function may throw exceptions. Special handling is required.
[39m[39m
[33m11 WARN: [33m[33mArkTS:WARN File: C:/Users/31293/Desktop/workplace/text-effects-master-upgraded-multidevice-freeflow/entry/src/main/ets/entryability/EntryAbility.ets:130:25
 'off' has been deprecated.
[39m[39m
[33m12 WARN: [33m[33mArkTS:WARN File: C:/Users/31293/Desktop/workplace/text-effects-master-upgraded-multidevice-freeflow/entry/src/main/ets/entryability/EntryAbility.ets:131:5
 'continuationManager' has been deprecated.
[39m[39m
[33m13 WARN: [33m[33mArkTS:WARN File: C:/Users/31293/Desktop/workplace/text-effects-master-upgraded-multidevice-freeflow/entry/src/main/ets/entryability/EntryAbility.ets:131:25
 'unregisterContinuation' has been deprecated.
[39m[39m
[2026-06-23T15:52:24.435] [DEBUG] debug-file - hvigor build process will be closed with an error.
[2026-06-23T15:52:24.436] [DEBUG] debug-file - Ark compile task finished.finished time is 578516522096600
[2026-06-23T15:52:24.441] [DEBUG] debug-file - ERROR: stacktrace = Error: ArkTS Compiler Error
[31m1 ERROR: [31m10605093 ArkTS Compiler Error
Error Message: Using "this" inside stand-alone functions is not supported (arkts-no-standalone-this) At File: C:/Users/31293/Desktop/workplace/text-effects-master-upgraded-multidevice-freeflow/entry/src/main/ets/manager/FlowManager.ets:18:36
[39m
[39m
[31m2 ERROR: [31m10605093 ArkTS Compiler Error
Error Message: Using "this" inside stand-alone functions is not supported (arkts-no-standalone-this) At File: C:/Users/31293/Desktop/workplace/text-effects-master-upgraded-multidevice-freeflow/entry/src/main/ets/manager/FlowManager.ets:18:58
[39m
[39m
[31m3 ERROR: [31m10605093 ArkTS Compiler Error
Error Message: Using "this" inside stand-alone functions is not supported (arkts-no-standalone-this) At File: C:/Users/31293/Desktop/workplace/text-effects-master-upgraded-multidevice-freeflow/entry/src/main/ets/manager/FlowManager.ets:22:12
[39m
[39m
[31m4 ERROR: [31m10605093 ArkTS Compiler Error
Error Message: Using "this" inside stand-alone functions is not supported (arkts-no-standalone-this) At File: C:/Users/31293/Desktop/workplace/text-effects-master-upgraded-multidevice-freeflow/entry/src/main/ets/manager/FlowManager.ets:26:12
[39m
[39m
[31m5 ERROR: [31m10605093 ArkTS Compiler Error
Error Message: Using "this" inside stand-alone functions is not supported (arkts-no-standalone-this) At File: C:/Users/31293/Desktop/workplace/text-effects-master-upgraded-multidevice-freeflow/entry/src/main/ets/manager/FlowManager.ets:30:5
[39m
[39m
[31m6 ERROR: [31m10605093 ArkTS Compiler Error
Error Message: Using "this" inside stand-alone functions is not supported (arkts-no-standalone-this) At File: C:/Users/31293/Desktop/workplace/text-effects-master-upgraded-multidevice-freeflow/entry/src/main/ets/manager/FlowManager.ets:34:5
[39m
[39m
[31m7 ERROR: [31m10605093 ArkTS Compiler Error
Error Message: Using "this" inside stand-alone functions is not supported (arkts-no-standalone-this) At File: C:/Users/31293/Desktop/workplace/text-effects-master-upgraded-multidevice-freeflow/entry/src/main/ets/manager/FlowManager.ets:38:5
[39m
[39m
[31m8 ERROR: [31m10605093 ArkTS Compiler Error
Error Message: Using "this" inside stand-alone functions is not supported (arkts-no-standalone-this) At File: C:/Users/31293/Desktop/workplace/text-effects-master-upgraded-multidevice-freeflow/entry/src/main/ets/manager/FlowManager.ets:42:5
[39m
[39m
[31m9 ERROR: [31m10605093 ArkTS Compiler Error
Error Message: Using "this" inside stand-alone functions is not supported (arkts-no-standalone-this) At File: C:/Users/31293/Desktop/workplace/text-effects-master-upgraded-multidevice-freeflow/entry/src/main/ets/manager/FlowManager.ets:43:14
[39m
[39m
[31m10 ERROR: [31m10605093 ArkTS Compiler Error
Error Message: Using "this" inside stand-alone functions is not supported (arkts-no-standalone-this) At File: C:/Users/31293/Desktop/workplace/text-effects-master-upgraded-multidevice-freeflow/entry/src/main/ets/manager/FlowManager.ets:43:31
[39m
[39m
[31m11 ERROR: [31m10605093 ArkTS Compiler Error
Error Message: Using "this" inside stand-alone functions is not supported (arkts-no-standalone-this) At File: C:/Users/31293/Desktop/workplace/text-effects-master-upgraded-multidevice-freeflow/entry/src/main/ets/manager/FlowManager.ets:47:5
[39m
[39m
[31m12 ERROR: [31m10605093 ArkTS Compiler Error
Error Message: Using "this" inside stand-alone functions is not supported (arkts-no-standalone-this) At File: C:/Users/31293/Desktop/workplace/text-effects-master-upgraded-multidevice-freeflow/entry/src/main/ets/manager/FlowManager.ets:47:22
[39m
[39m
[31m13 ERROR: [31m10605093 ArkTS Compiler Error
Error Message: Using "this" inside stand-alone functions is not supported (arkts-no-standalone-this) At File: C:/Users/31293/Desktop/workplace/text-effects-master-upgraded-multidevice-freeflow/entry/src/main/ets/manager/FlowManager.ets:51:5
[39m
[39m
[31m14 ERROR: [31m10605093 ArkTS Compiler Error
Error Message: Using "this" inside stand-alone functions is not supported (arkts-no-standalone-this) At File: C:/Users/31293/Desktop/workplace/text-effects-master-upgraded-multidevice-freeflow/entry/src/main/ets/manager/FlowManager.ets:52:5
[39m
[39m
[31m15 ERROR: [31m10605093 ArkTS Compiler Error
Error Message: Using "this" inside stand-alone functions is not supported (arkts-no-standalone-this) At File: C:/Users/31293/Desktop/workplace/text-effects-master-upgraded-multidevice-freeflow/entry/src/main/ets/manager/FlowManager.ets:56:5
[39m
[39m
[31m16 ERROR: [31m10605093 ArkTS Compiler Error
Error Message: Using "this" inside stand-alone functions is not supported (arkts-no-standalone-this) At File: C:/Users/31293/Desktop/workplace/text-effects-master-upgraded-multidevice-freeflow/entry/src/main/ets/manager/FlowManager.ets:57:5
[39m
[39m
[31m17 ERROR: [31m10605093 ArkTS Compiler Error
Error Message: Using "this" inside stand-alone functions is not supported (arkts-no-standalone-this) At File: C:/Users/31293/Desktop/workplace/text-effects-master-upgraded-multidevice-freeflow/entry/src/main/ets/manager/FlowManager.ets:61:5
[39m
[39m
[31m18 ERROR: [31m10605093 ArkTS Compiler Error
Error Message: Using "this" inside stand-alone functions is not supported (arkts-no-standalone-this) At File: C:/Users/31293/Desktop/workplace/text-effects-master-upgraded-multidevice-freeflow/entry/src/main/ets/manager/FlowManager.ets:62:5
[39m
[39m
[31m19 ERROR: [31m10605093 ArkTS Compiler Error
Error Message: Using "this" inside stand-alone functions is not supported (arkts-no-standalone-this) At File: C:/Users/31293/Desktop/workplace/text-effects-master-upgraded-multidevice-freeflow/entry/src/main/ets/manager/FlowManager.ets:66:10
[39m
[39m
[31m20 ERROR: [31m10605093 ArkTS Compiler Error
Error Message: Using "this" inside stand-alone functions is not supported (arkts-no-standalone-this) At File: C:/Users/31293/Desktop/workplace/text-effects-master-upgraded-multidevice-freeflow/entry/src/main/ets/manager/FlowManager.ets:67:7
[39m
[39m
[31m21 ERROR: [31m10605093 ArkTS Compiler Error
Error Message: Using "this" inside stand-alone functions is not supported (arkts-no-standalone-this) At File: C:/Users/31293/Desktop/workplace/text-effects-master-upgraded-multidevice-freeflow/entry/src/main/ets/manager/FlowManager.ets:71:11
[39m
[39m
[31m22 ERROR: [31m10605093 ArkTS Compiler Error
Error Message: Using "this" inside stand-alone functions is not supported (arkts-no-standalone-this) At File: C:/Users/31293/Desktop/workplace/text-effects-master-upgraded-multidevice-freeflow/entry/src/main/ets/manager/FlowManager.ets:76:18
[39m
[39m
[31m23 ERROR: [31m10605093 ArkTS Compiler Error
Error Message: Using "this" inside stand-alone functions is not supported (arkts-no-standalone-this) At File: C:/Users/31293/Desktop/workplace/text-effects-master-upgraded-multidevice-freeflow/entry/src/main/ets/manager/FlowManager.ets:77:23
[39m
[39m
[31m24 ERROR: [31m10605038 ArkTS Compiler Error
Error Message: Object literal must correspond to some explicitly declared class or interface (arkts-no-untyped-obj-literals) At File: C:/Users/31293/Desktop/workplace/text-effects-master-upgraded-multidevice-freeflow/entry/src/main/ets/manager/FlowManager.ets:75:45
[39m
[39m
[31m25 ERROR: [31m10605093 ArkTS Compiler Error
Error Message: Using "this" inside stand-alone functions is not supported (arkts-no-standalone-this) At File: C:/Users/31293/Desktop/workplace/text-effects-master-upgraded-multidevice-freeflow/entry/src/main/ets/manager/FlowManager.ets:94:12
[39m
[39m
[31m26 ERROR: [31m10605093 ArkTS Compiler Error
Error Message: Using "this" inside stand-alone functions is not supported (arkts-no-standalone-this) At File: C:/Users/31293/Desktop/workplace/text-effects-master-upgraded-multidevice-freeflow/entry/src/main/ets/manager/FlowManager.ets:107:7
[39m
[39m
[31m27 ERROR: [31m10605093 ArkTS Compiler Error
Error Message: Using "this" inside stand-alone functions is not supported (arkts-no-standalone-this) At File: C:/Users/31293/Desktop/workplace/text-effects-master-upgraded-multidevice-freeflow/entry/src/main/ets/manager/FlowManager.ets:108:7
[39m
[39m
[31m28 ERROR: [31m10605093 ArkTS Compiler Error
Error Message: Using "this" inside stand-alone functions is not supported (arkts-no-standalone-this) At File: C:/Users/31293/Desktop/workplace/text-effects-master-upgraded-multidevice-freeflow/entry/src/main/ets/manager/FlowManager.ets:111:7
[39m
[39m
[31m29 ERROR: [31m10605093 ArkTS Compiler Error
Error Message: Using "this" inside stand-alone functions is not supported (arkts-no-standalone-this) At File: C:/Users/31293/Desktop/workplace/text-effects-master-upgraded-multidevice-freeflow/entry/src/main/ets/manager/FlowManager.ets:125:40
[39m
[39m
[31m30 ERROR: [31m10605093 ArkTS Compiler Error
Error Message: Using "this" inside stand-alone functions is not supported (arkts-no-standalone-this) At File: C:/Users/31293/Desktop/workplace/text-effects-master-upgraded-multidevice-freeflow/entry/src/main/ets/manager/FlowManager.ets:126:5
[39m
[39m
[31m31 ERROR: [31m10605093 ArkTS Compiler Error
Error Message: Using "this" inside stand-alone functions is not supported (arkts-no-standalone-this) At File: C:/Users/31293/Desktop/workplace/text-effects-master-upgraded-multidevice-freeflow/entry/src/main/ets/manager/FlowManager.ets:127:23
[39m
[39m
[31m32 ERROR: [31m10605008 ArkTS Compiler Error
Error Message: Use explicit types instead of "any", "unknown" (arkts-no-any-unknown) At File: C:/Users/31293/Desktop/workplace/text-effects-master-upgraded-multidevice-freeflow/entry/src/main/ets/entryability/EntryAbility.ets:109:15
[39m
[39m
[31m33 ERROR: [31m10605008 ArkTS Compiler Error
Error Message: Use explicit types instead of "any", "unknown" (arkts-no-any-unknown) At File: C:/Users/31293/Desktop/workplace/text-effects-master-upgraded-multidevice-freeflow/entry/src/main/ets/entryability/EntryAbility.ets:118:15
[39m
[39m
[31mCOMPILE RESULT:FAIL {ERROR:34 WARN:13}[39m
    at runArkPack (C:\Program Files\Huawei\DevEco Studio\tools\hvigor\hvigor-ohos-plugin\node_modules\@ohos\hvigor-arkts-compose\dist\src\arkts-pack.js:1:5860)
ArkTSCompilerError: ArkTS Compiler Error
    at throwArkTsCompilerError (C:\Program Files\Huawei\DevEco Studio\tools\hvigor\hvigor-ohos-plugin\node_modules\@ohos\hvigor-arkts-compose\dist\src\data\compose-error.js:1:423)
    at throwErrorIfHasErrorInfo (C:\Program Files\Huawei\DevEco Studio\tools\hvigor\hvigor-ohos-plugin\node_modules\@ohos\hvigor-arkts-compose\dist\src\plugins\common-plugin.js:1:4478)
    at Object.handler (C:\Program Files\Huawei\DevEco Studio\tools\hvigor\hvigor-ohos-plugin\node_modules\@ohos\hvigor-arkts-compose\dist\src\plugins\common-plugin.js:1:2547)
    at C:\Program Files\Huawei\DevEco Studio\tools\hvigor\hvigor-ohos-plugin\node_modules\@ohos\hvigor-arkts-base\node_modules\rollup\dist\shared\rollup.js:27765:40
[2026-06-23T15:52:24.441] [ERROR] debug-file - Error: ArkTS Compiler Error
[31m1 ERROR: [31m10605093 ArkTS Compiler Error
Error Message: Using "this" inside stand-alone functions is not supported (arkts-no-standalone-this) At File: C:/Users/31293/Desktop/workplace/text-effects-master-upgraded-multidevice-freeflow/entry/src/main/ets/manager/FlowManager.ets:18:36
[39m
[39m
[31m2 ERROR: [31m10605093 ArkTS Compiler Error
Error Message: Using "this" inside stand-alone functions is not supported (arkts-no-standalone-this) At File: C:/Users/31293/Desktop/workplace/text-effects-master-upgraded-multidevice-freeflow/entry/src/main/ets/manager/FlowManager.ets:18:58
[39m
[39m
[31m3 ERROR: [31m10605093 ArkTS Compiler Error
Error Message: Using "this" inside stand-alone functions is not supported (arkts-no-standalone-this) At File: C:/Users/31293/Desktop/workplace/text-effects-master-upgraded-multidevice-freeflow/entry/src/main/ets/manager/FlowManager.ets:22:12
[39m
[39m
[31m4 ERROR: [31m10605093 ArkTS Compiler Error
Error Message: Using "this" inside stand-alone functions is not supported (arkts-no-standalone-this) At File: C:/Users/31293/Desktop/workplace/text-effects-master-upgraded-multidevice-freeflow/entry/src/main/ets/manager/FlowManager.ets:26:12
[39m
[39m
[31m5 ERROR: [31m10605093 ArkTS Compiler Error
Error Message: Using "this" inside stand-alone functions is not supported (arkts-no-standalone-this) At File: C:/Users/31293/Desktop/workplace/text-effects-master-upgraded-multidevice-freeflow/entry/src/main/ets/manager/FlowManager.ets:30:5
[39m
[39m
[31m6 ERROR: [31m10605093 ArkTS Compiler Error
Error Message: Using "this" inside stand-alone functions is not supported (arkts-no-standalone-this) At File: C:/Users/31293/Desktop/workplace/text-effects-master-upgraded-multidevice-freeflow/entry/src/main/ets/manager/FlowManager.ets:34:5
[39m
[39m
[31m7 ERROR: [31m10605093 ArkTS Compiler Error
Error Message: Using "this" inside stand-alone functions is not supported (arkts-no-standalone-this) At File: C:/Users/31293/Desktop/workplace/text-effects-master-upgraded-multidevice-freeflow/entry/src/main/ets/manager/FlowManager.ets:38:5
[39m
[39m
[31m8 ERROR: [31m10605093 ArkTS Compiler Error
Error Message: Using "this" inside stand-alone functions is not supported (arkts-no-standalone-this) At File: C:/Users/31293/Desktop/workplace/text-effects-master-upgraded-multidevice-freeflow/entry/src/main/ets/manager/FlowManager.ets:42:5
[39m
[39m
[31m9 ERROR: [31m10605093 ArkTS Compiler Error
Error Message: Using "this" inside stand-alone functions is not supported (arkts-no-standalone-this) At File: C:/Users/31293/Desktop/workplace/text-effects-master-upgraded-multidevice-freeflow/entry/src/main/ets/manager/FlowManager.ets:43:14
[39m
[39m
[31m10 ERROR: [31m10605093 ArkTS Compiler Error
Error Message: Using "this" inside stand-alone functions is not supported (arkts-no-standalone-this) At File: C:/Users/31293/Desktop/workplace/text-effects-master-upgraded-multidevice-freeflow/entry/src/main/ets/manager/FlowManager.ets:43:31
[39m
[39m
[31m11 ERROR: [31m10605093 ArkTS Compiler Error
Error Message: Using "this" inside stand-alone functions is not supported (arkts-no-standalone-this) At File: C:/Users/31293/Desktop/workplace/text-effects-master-upgraded-multidevice-freeflow/entry/src/main/ets/manager/FlowManager.ets:47:5
[39m
[39m
[31m12 ERROR: [31m10605093 ArkTS Compiler Error
Error Message: Using "this" inside stand-alone functions is not supported (arkts-no-standalone-this) At File: C:/Users/31293/Desktop/workplace/text-effects-master-upgraded-multidevice-freeflow/entry/src/main/ets/manager/FlowManager.ets:47:22
[39m
[39m
[31m13 ERROR: [31m10605093 ArkTS Compiler Error
Error Message: Using "this" inside stand-alone functions is not supported (arkts-no-standalone-this) At File: C:/Users/31293/Desktop/workplace/text-effects-master-upgraded-multidevice-freeflow/entry/src/main/ets/manager/FlowManager.ets:51:5
[39m
[39m
[31m14 ERROR: [31m10605093 ArkTS Compiler Error
Error Message: Using "this" inside stand-alone functions is not supported (arkts-no-standalone-this) At File: C:/Users/31293/Desktop/workplace/text-effects-master-upgraded-multidevice-freeflow/entry/src/main/ets/manager/FlowManager.ets:52:5
[39m
[39m
[31m15 ERROR: [31m10605093 ArkTS Compiler Error
Error Message: Using "this" inside stand-alone functions is not supported (arkts-no-standalone-this) At File: C:/Users/31293/Desktop/workplace/text-effects-master-upgraded-multidevice-freeflow/entry/src/main/ets/manager/FlowManager.ets:56:5
[39m
[39m
[31m16 ERROR: [31m10605093 ArkTS Compiler Error
Error Message: Using "this" inside stand-alone functions is not supported (arkts-no-standalone-this) At File: C:/Users/31293/Desktop/workplace/text-effects-master-upgraded-multidevice-freeflow/entry/src/main/ets/manager/FlowManager.ets:57:5
[39m
[39m
[31m17 ERROR: [31m10605093 ArkTS Compiler Error
Error Message: Using "this" inside stand-alone functions is not supported (arkts-no-standalone-this) At File: C:/Users/31293/Desktop/workplace/text-effects-master-upgraded-multidevice-freeflow/entry/src/main/ets/manager/FlowManager.ets:61:5
[39m
[39m
[31m18 ERROR: [31m10605093 ArkTS Compiler Error
Error Message: Using "this" inside stand-alone functions is not supported (arkts-no-standalone-this) At File: C:/Users/31293/Desktop/workplace/text-effects-master-upgraded-multidevice-freeflow/entry/src/main/ets/manager/FlowManager.ets:62:5
[39m
[39m
[31m19 ERROR: [31m10605093 ArkTS Compiler Error
Error Message: Using "this" inside stand-alone functions is not supported (arkts-no-standalone-this) At File: C:/Users/31293/Desktop/workplace/text-effects-master-upgraded-multidevice-freeflow/entry/src/main/ets/manager/FlowManager.ets:66:10
[39m
[39m
[31m20 ERROR: [31m10605093 ArkTS Compiler Error
Error Message: Using "this" inside stand-alone functions is not supported (arkts-no-standalone-this) At File: C:/Users/31293/Desktop/workplace/text-effects-master-upgraded-multidevice-freeflow/entry/src/main/ets/manager/FlowManager.ets:67:7
[39m
[39m
[31m21 ERROR: [31m10605093 ArkTS Compiler Error
Error Message: Using "this" inside stand-alone functions is not supported (arkts-no-standalone-this) At File: C:/Users/31293/Desktop/workplace/text-effects-master-upgraded-multidevice-freeflow/entry/src/main/ets/manager/FlowManager.ets:71:11
[39m
[39m
[31m22 ERROR: [31m10605093 ArkTS Compiler Error
Error Message: Using "this" inside stand-alone functions is not supported (arkts-no-standalone-this) At File: C:/Users/31293/Desktop/workplace/text-effects-master-upgraded-multidevice-freeflow/entry/src/main/ets/manager/FlowManager.ets:76:18
[39m
[39m
[31m23 ERROR: [31m10605093 ArkTS Compiler Error
Error Message: Using "this" inside stand-alone functions is not supported (arkts-no-standalone-this) At File: C:/Users/31293/Desktop/workplace/text-effects-master-upgraded-multidevice-freeflow/entry/src/main/ets/manager/FlowManager.ets:77:23
[39m
[39m
[31m24 ERROR: [31m10605038 ArkTS Compiler Error
Error Message: Object literal must correspond to some explicitly declared class or interface (arkts-no-untyped-obj-literals) At File: C:/Users/31293/Desktop/workplace/text-effects-master-upgraded-multidevice-freeflow/entry/src/main/ets/manager/FlowManager.ets:75:45
[39m
[39m
[31m25 ERROR: [31m10605093 ArkTS Compiler Error
Error Message: Using "this" inside stand-alone functions is not supported (arkts-no-standalone-this) At File: C:/Users/31293/Desktop/workplace/text-effects-master-upgraded-multidevice-freeflow/entry/src/main/ets/manager/FlowManager.ets:94:12
[39m
[39m
[31m26 ERROR: [31m10605093 ArkTS Compiler Error
Error Message: Using "this" inside stand-alone functions is not supported (arkts-no-standalone-this) At File: C:/Users/31293/Desktop/workplace/text-effects-master-upgraded-multidevice-freeflow/entry/src/main/ets/manager/FlowManager.ets:107:7
[39m
[39m
[31m27 ERROR: [31m10605093 ArkTS Compiler Error
Error Message: Using "this" inside stand-alone functions is not supported (arkts-no-standalone-this) At File: C:/Users/31293/Desktop/workplace/text-effects-master-upgraded-multidevice-freeflow/entry/src/main/ets/manager/FlowManager.ets:108:7
[39m
[39m
[31m28 ERROR: [31m10605093 ArkTS Compiler Error
Error Message: Using "this" inside stand-alone functions is not supported (arkts-no-standalone-this) At File: C:/Users/31293/Desktop/workplace/text-effects-master-upgraded-multidevice-freeflow/entry/src/main/ets/manager/FlowManager.ets:111:7
[39m
[39m
[31m29 ERROR: [31m10605093 ArkTS Compiler Error
Error Message: Using "this" inside stand-alone functions is not supported (arkts-no-standalone-this) At File: C:/Users/31293/Desktop/workplace/text-effects-master-upgraded-multidevice-freeflow/entry/src/main/ets/manager/FlowManager.ets:125:40
[39m
[39m
[31m30 ERROR: [31m10605093 ArkTS Compiler Error
Error Message: Using "this" inside stand-alone functions is not supported (arkts-no-standalone-this) At File: C:/Users/31293/Desktop/workplace/text-effects-master-upgraded-multidevice-freeflow/entry/src/main/ets/manager/FlowManager.ets:126:5
[39m
[39m
[31m31 ERROR: [31m10605093 ArkTS Compiler Error
Error Message: Using "this" inside stand-alone functions is not supported (arkts-no-standalone-this) At File: C:/Users/31293/Desktop/workplace/text-effects-master-upgraded-multidevice-freeflow/entry/src/main/ets/manager/FlowManager.ets:127:23
[39m
[39m
[31m32 ERROR: [31m10605008 ArkTS Compiler Error
Error Message: Use explicit types instead of "any", "unknown" (arkts-no-any-unknown) At File: C:/Users/31293/Desktop/workplace/text-effects-master-upgraded-multidevice-freeflow/entry/src/main/ets/entryability/EntryAbility.ets:109:15
[39m
[39m
[31m33 ERROR: [31m10605008 ArkTS Compiler Error
Error Message: Use explicit types instead of "any", "unknown" (arkts-no-any-unknown) At File: C:/Users/31293/Desktop/workplace/text-effects-master-upgraded-multidevice-freeflow/entry/src/main/ets/entryability/EntryAbility.ets:118:15
[39m
[39m
[31mCOMPILE RESULT:FAIL {ERROR:34 WARN:13}[39m
    at runArkPack (C:\Program Files\Huawei\DevEco Studio\tools\hvigor\hvigor-ohos-plugin\node_modules\@ohos\hvigor-arkts-compose\dist\src\arkts-pack.js:1:5860)
ArkTSCompilerError: ArkTS Compiler Error
    at throwArkTsCompilerError (C:\Program Files\Huawei\DevEco Studio\tools\hvigor\hvigor-ohos-plugin\node_modules\@ohos\hvigor-arkts-compose\dist\src\data\compose-error.js:1:423)
    at throwErrorIfHasErrorInfo (C:\Program Files\Huawei\DevEco Studio\tools\hvigor\hvigor-ohos-plugin\node_modules\@ohos\hvigor-arkts-compose\dist\src\plugins\common-plugin.js:1:4478)
    at Object.handler (C:\Program Files\Huawei\DevEco Studio\tools\hvigor\hvigor-ohos-plugin\node_modules\@ohos\hvigor-arkts-compose\dist\src\plugins\common-plugin.js:1:2547)
    at C:\Program Files\Huawei\DevEco Studio\tools\hvigor\hvigor-ohos-plugin\node_modules\@ohos\hvigor-arkts-base\node_modules\rollup\dist\shared\rollup.js:27765:40
[2026-06-23T15:52:24.470] [ERROR] debug-file - BUILD FAILED in 32 s 761 ms 
[2026-06-23T15:52:24.472] [DEBUG] debug-file - Update task entry:default@PreBuild input file:C:\Users\31293\Desktop\workplace\text-effects-master-upgraded-multidevice-freeflow\AppScope\app.json5 cache by regenerate.
[2026-06-23T15:52:24.474] [DEBUG] debug-file - Update task entry:default@PreBuild input file:C:\Users\31293\Desktop\workplace\text-effects-master-upgraded-multidevice-freeflow\entry\src\main\module.json5 cache by regenerate.
[2026-06-23T15:52:24.475] [DEBUG] debug-file - Update task entry:default@PreBuild input file:C:\Users\31293\Desktop\workplace\text-effects-master-upgraded-multidevice-freeflow\build-profile.json5 cache by regenerate.
[2026-06-23T15:52:24.476] [DEBUG] debug-file - Update task entry:default@PreBuild input file:C:\Users\31293\Desktop\workplace\text-effects-master-upgraded-multidevice-freeflow\entry\build-profile.json5 cache by regenerate.
[2026-06-23T15:52:24.476] [DEBUG] debug-file - Update task entry:default@PreBuild input file:C:\Users\31293\Desktop\workplace\text-effects-master-upgraded-multidevice-freeflow\entry\src\main\resources\base\profile\main_pages.json cache by regenerate.
[2026-06-23T15:52:24.477] [DEBUG] debug-file - Update task entry:default@PreBuild input file:C:\Users\31293\Desktop\workplace\text-effects-master-upgraded-multidevice-freeflow\hvigor\hvigor-config.json5 cache by regenerate.
[2026-06-23T15:52:24.481] [DEBUG] debug-file - Update task entry:default@PreBuild input file:C:\Users\31293\Desktop\workplace\text-effects-master-upgraded-multidevice-freeflow\entry\oh-package.json5 cache by regenerate.
[2026-06-23T15:52:24.483] [DEBUG] debug-file - Update task entry:default@PreBuild input file:C:\Users\31293\Desktop\workplace\text-effects-master-upgraded-multidevice-freeflow\oh-package.json5 cache by regenerate.
[2026-06-23T15:52:24.487] [DEBUG] debug-file - Incremental task entry:default@PreBuild post-execution cost:16 ms .
[2026-06-23T15:52:24.487] [DEBUG] debug-file - Update task entry:default@CreateModuleInfo output file:C:\Users\31293\Desktop\workplace\text-effects-master-upgraded-multidevice-freeflow\entry\build\default\generated\profile\default\ModuleInfo.ts cache.
[2026-06-23T15:52:24.488] [DEBUG] debug-file - Incremental task entry:default@CreateModuleInfo post-execution cost:2 ms .
[2026-06-23T15:52:24.489] [DEBUG] debug-file - Update task entry:default@GenerateMetadata input file:C:\Users\31293\Desktop\workplace\text-effects-master-upgraded-multidevice-freeflow\entry\src\main\module.json5 cache by regenerate.
[2026-06-23T15:52:24.490] [DEBUG] debug-file - Update task entry:default@GenerateMetadata output file:C:\Users\31293\Desktop\workplace\text-effects-master-upgraded-multidevice-freeflow\entry\build\default\intermediates\hap_metadata\default\output_metadata.json cache.
[2026-06-23T15:52:24.490] [DEBUG] debug-file - Incremental task entry:default@GenerateMetadata post-execution cost:2 ms .
[2026-06-23T15:52:24.491] [DEBUG] debug-file - Update task entry:default@MergeProfile input file:C:\Users\31293\Desktop\workplace\text-effects-master-upgraded-multidevice-freeflow\AppScope\app.json5 cache by regenerate.
[2026-06-23T15:52:24.492] [DEBUG] debug-file - Update task entry:default@MergeProfile input file:C:\Users\31293\Desktop\workplace\text-effects-master-upgraded-multidevice-freeflow\build-profile.json5 cache by regenerate.
[2026-06-23T15:52:24.492] [DEBUG] debug-file - Update task entry:default@MergeProfile input file:C:\Users\31293\Desktop\workplace\text-effects-master-upgraded-multidevice-freeflow\entry\src\main\module.json5 cache by regenerate.
[2026-06-23T15:52:24.494] [DEBUG] debug-file - Update task entry:default@MergeProfile output file:C:\Users\31293\Desktop\workplace\text-effects-master-upgraded-multidevice-freeflow\entry\build\default\intermediates\merge_profile\default\module.json cache.
[2026-06-23T15:52:24.496] [DEBUG] debug-file - Incremental task entry:default@MergeProfile post-execution cost:5 ms .
[2026-06-23T15:52:24.496] [DEBUG] debug-file - Update task entry:default@CreateBuildProfile input file:C:\Users\31293\Desktop\workplace\text-effects-master-upgraded-multidevice-freeflow\AppScope\app.json5 cache by regenerate.
[2026-06-23T15:52:24.497] [DEBUG] debug-file - Update task entry:default@CreateBuildProfile input file:C:\Users\31293\Desktop\workplace\text-effects-master-upgraded-multidevice-freeflow\build-profile.json5 cache by regenerate.
[2026-06-23T15:52:24.497] [DEBUG] debug-file - Update task entry:default@CreateBuildProfile output file:C:\Users\31293\Desktop\workplace\text-effects-master-upgraded-multidevice-freeflow\entry\build\default\generated\profile\default\BuildProfile.ets cache.
[2026-06-23T15:52:24.499] [DEBUG] debug-file - Incremental task entry:default@CreateBuildProfile post-execution cost:4 ms .
[2026-06-23T15:52:24.500] [DEBUG] debug-file - Update task entry:default@GeneratePkgContextInfo output file:C:\Users\31293\Desktop\workplace\text-effects-master-upgraded-multidevice-freeflow\entry\build\default\intermediates\loader\default\pkgContextInfo.json cache.
[2026-06-23T15:52:24.501] [DEBUG] debug-file - Incremental task entry:default@GeneratePkgContextInfo post-execution cost:1 ms .
[2026-06-23T15:52:24.501] [DEBUG] debug-file - Update task entry:default@ProcessIntegratedHsp output file:C:\Users\31293\Desktop\workplace\text-effects-master-upgraded-multidevice-freeflow\build\cache\default\integrated_hsp\integratedHspCache.json cache.
[2026-06-23T15:52:24.502] [DEBUG] debug-file - Incremental task entry:default@ProcessIntegratedHsp post-execution cost:1 ms .
[2026-06-23T15:52:24.502] [DEBUG] debug-file - Update task entry:default@MakePackInfo input file:C:\Users\31293\Desktop\workplace\text-effects-master-upgraded-multidevice-freeflow\AppScope\app.json5 cache by regenerate.
[2026-06-23T15:52:24.503] [DEBUG] debug-file - Update task entry:default@MakePackInfo input file:C:\Users\31293\Desktop\workplace\text-effects-master-upgraded-multidevice-freeflow\entry\src\main\module.json5 cache by regenerate.
[2026-06-23T15:52:24.504] [DEBUG] debug-file - Update task entry:default@MakePackInfo input file:C:\Users\31293\Desktop\workplace\text-effects-master-upgraded-multidevice-freeflow\build-profile.json5 cache by regenerate.
[2026-06-23T15:52:24.504] [DEBUG] debug-file - Update task entry:default@MakePackInfo output file:C:\Users\31293\Desktop\workplace\text-effects-master-upgraded-multidevice-freeflow\entry\build\default\outputs\default\pack.info cache.
[2026-06-23T15:52:24.505] [DEBUG] debug-file - Incremental task entry:default@MakePackInfo post-execution cost:3 ms .
[2026-06-23T15:52:24.505] [DEBUG] debug-file - Update task entry:default@SyscapTransform input file:C:\Program Files\Huawei\DevEco Studio\sdk\default\openharmony\toolchains\syscap_tool.exe cache by regenerate.
[2026-06-23T15:52:24.506] [DEBUG] debug-file - Update task entry:default@SyscapTransform input file:C:\Program Files\Huawei\DevEco Studio\sdk\default\openharmony\ets\api\device-define cache by regenerate.
[2026-06-23T15:52:24.522] [DEBUG] debug-file - Update task entry:default@SyscapTransform output file:C:\Users\31293\Desktop\workplace\text-effects-master-upgraded-multidevice-freeflow\entry\build\default\intermediates\syscap\default\rpcid.sc cache.
[2026-06-23T15:52:24.523] [DEBUG] debug-file - Incremental task entry:default@SyscapTransform post-execution cost:18 ms .
[2026-06-23T15:52:24.523] [DEBUG] debug-file - Update task entry:default@ProcessProfile input file:C:\Users\31293\Desktop\workplace\text-effects-master-upgraded-multidevice-freeflow\entry\build\default\intermediates\merge_profile\default\module.json cache by regenerate.
[2026-06-23T15:52:24.523] [DEBUG] debug-file - Update task entry:default@ProcessProfile output file:C:\Users\31293\Desktop\workplace\text-effects-master-upgraded-multidevice-freeflow\entry\build\default\intermediates\process_profile\default\module.json cache.
[2026-06-23T15:52:24.524] [DEBUG] debug-file - Incremental task entry:default@ProcessProfile post-execution cost:2 ms .
[2026-06-23T15:52:24.525] [DEBUG] debug-file - Update task entry:default@ProcessRouterMap input file:C:\Users\31293\Desktop\workplace\text-effects-master-upgraded-multidevice-freeflow\entry\oh-package.json5 cache by regenerate.
[2026-06-23T15:52:24.526] [DEBUG] debug-file - Update task entry:default@ProcessRouterMap input file:C:\Users\31293\Desktop\workplace\text-effects-master-upgraded-multidevice-freeflow\oh-package.json5 cache by regenerate.
[2026-06-23T15:52:24.527] [DEBUG] debug-file - Update task entry:default@ProcessRouterMap input file:C:\Users\31293\Desktop\workplace\text-effects-master-upgraded-multidevice-freeflow\entry\src\main\module.json5 cache by regenerate.
[2026-06-23T15:52:24.529] [DEBUG] debug-file - Update task entry:default@ProcessRouterMap output file:C:\Users\31293\Desktop\workplace\text-effects-master-upgraded-multidevice-freeflow\entry\build\default\intermediates\router_map\default\temp-router-map.json cache.
[2026-06-23T15:52:24.530] [DEBUG] debug-file - Update task entry:default@ProcessRouterMap output file:C:\Users\31293\Desktop\workplace\text-effects-master-upgraded-multidevice-freeflow\entry\build\default\intermediates\router_map\default\loader-router-map.json cache.
[2026-06-23T15:52:24.531] [DEBUG] debug-file - Incremental task entry:default@ProcessRouterMap post-execution cost:6 ms .
[2026-06-23T15:52:24.532] [DEBUG] debug-file - Update task entry:default@ProcessShareConfig input file:C:\Users\31293\Desktop\workplace\text-effects-master-upgraded-multidevice-freeflow\entry\oh-package.json5 cache by regenerate.
[2026-06-23T15:52:24.533] [DEBUG] debug-file - Update task entry:default@ProcessShareConfig input file:C:\Users\31293\Desktop\workplace\text-effects-master-upgraded-multidevice-freeflow\oh-package.json5 cache by regenerate.
[2026-06-23T15:52:24.533] [DEBUG] debug-file - Update task entry:default@ProcessShareConfig input file:C:\Users\31293\Desktop\workplace\text-effects-master-upgraded-multidevice-freeflow\entry\src\main\module.json5 cache by regenerate.
[2026-06-23T15:52:24.534] [DEBUG] debug-file - Update task entry:default@ProcessShareConfig output file:C:\Users\31293\Desktop\workplace\text-effects-master-upgraded-multidevice-freeflow\entry\build\default\intermediates\share_config\default\temp-share-config.json cache.
[2026-06-23T15:52:24.534] [DEBUG] debug-file - Incremental task entry:default@ProcessShareConfig post-execution cost:4 ms .
[2026-06-23T15:52:24.535] [DEBUG] debug-file - Update task entry:default@ProcessStartupConfig output file:C:\Users\31293\Desktop\workplace\text-effects-master-upgraded-multidevice-freeflow\entry\build\default\intermediates\startup\default\startup_config.json cache.
[2026-06-23T15:52:24.535] [DEBUG] debug-file - Incremental task entry:default@ProcessStartupConfig post-execution cost:1 ms .
[2026-06-23T15:52:24.535] [DEBUG] debug-file - Update task entry:default@ProcessResource output file:C:\Users\31293\Desktop\workplace\text-effects-master-upgraded-multidevice-freeflow\entry\build\default\intermediates\res\default\resConfig.json cache.
[2026-06-23T15:52:24.537] [DEBUG] debug-file - Update task entry:default@ProcessResource output file:C:\Users\31293\Desktop\workplace\text-effects-master-upgraded-multidevice-freeflow\entry\build\default\intermediates\res\default\opt-compression.json cache.
[2026-06-23T15:52:24.538] [DEBUG] debug-file - Incremental task entry:default@ProcessResource post-execution cost:3 ms .
[2026-06-23T15:52:24.540] [DEBUG] debug-file - Update task entry:default@GenerateLoaderJson input file:C:\Users\31293\Desktop\workplace\text-effects-master-upgraded-multidevice-freeflow\entry\build\default\intermediates\router_map\default\temp-router-map.json cache by regenerate.
[2026-06-23T15:52:24.541] [DEBUG] debug-file - Update task entry:default@GenerateLoaderJson output file:C:\Users\31293\Desktop\workplace\text-effects-master-upgraded-multidevice-freeflow\entry\build\default\intermediates\loader\default\loader.json cache.
[2026-06-23T15:52:24.542] [DEBUG] debug-file - Incremental task entry:default@GenerateLoaderJson post-execution cost:4 ms .
[2026-06-23T15:52:24.543] [DEBUG] debug-file - Update task entry:default@ProcessLibs input file:C:\Users\31293\Desktop\workplace\text-effects-master-upgraded-multidevice-freeflow\build-profile.json5 cache by regenerate.
[2026-06-23T15:52:24.545] [DEBUG] debug-file - Update task entry:default@ProcessLibs input file:C:\Users\31293\Desktop\workplace\text-effects-master-upgraded-multidevice-freeflow\entry\build-profile.json5 cache by regenerate.
[2026-06-23T15:52:24.547] [DEBUG] debug-file - Update task entry:default@ProcessLibs output file:C:\Users\31293\Desktop\workplace\text-effects-master-upgraded-multidevice-freeflow\entry\build\default\intermediates\libs\default cache.
[2026-06-23T15:52:24.549] [DEBUG] debug-file - Incremental task entry:default@ProcessLibs post-execution cost:8 ms .
[2026-06-23T15:52:24.558] [DEBUG] debug-file - Update task entry:default@CompileResource input file:C:\Users\31293\Desktop\workplace\text-effects-master-upgraded-multidevice-freeflow\entry\src\main\resources cache by regenerate.
[2026-06-23T15:52:24.567] [DEBUG] debug-file - Update task entry:default@CompileResource input file:C:\Users\31293\Desktop\workplace\text-effects-master-upgraded-multidevice-freeflow\AppScope\resources cache by regenerate.
[2026-06-23T15:52:24.570] [DEBUG] debug-file - Update task entry:default@CompileResource input file:C:\Users\31293\Desktop\workplace\text-effects-master-upgraded-multidevice-freeflow\entry\build\default\intermediates\process_profile\default\module.json cache by regenerate.
[2026-06-23T15:52:24.571] [DEBUG] debug-file - Update task entry:default@CompileResource input file:C:\Users\31293\Desktop\workplace\text-effects-master-upgraded-multidevice-freeflow\entry\build\default\intermediates\res\default\resConfig.json cache by regenerate.
[2026-06-23T15:52:24.571] [DEBUG] debug-file - Update task entry:default@CompileResource output file:C:\Users\31293\Desktop\workplace\text-effects-master-upgraded-multidevice-freeflow\entry\build\default\intermediates\res\default cache.
[2026-06-23T15:52:24.581] [DEBUG] debug-file - Update task entry:default@CompileResource output file:C:\Users\31293\Desktop\workplace\text-effects-master-upgraded-multidevice-freeflow\entry\build\default\generated\r\default\ResourceTable.h cache.
[2026-06-23T15:52:24.581] [DEBUG] debug-file - Update task entry:default@CompileResource output file:C:\Users\31293\Desktop\workplace\text-effects-master-upgraded-multidevice-freeflow\entry\build\default\generated\r\default cache.
[2026-06-23T15:52:24.582] [DEBUG] debug-file - Incremental task entry:default@CompileResource post-execution cost:32 ms .
[2026-06-23T15:52:24.582] [DEBUG] debug-file - Update task entry:default@DoNativeStrip input file:C:\Users\31293\Desktop\workplace\text-effects-master-upgraded-multidevice-freeflow\entry\build\default\intermediates\libs\default cache by regenerate.
[2026-06-23T15:52:24.583] [DEBUG] debug-file - Update task entry:default@DoNativeStrip output file:C:\Users\31293\Desktop\workplace\text-effects-master-upgraded-multidevice-freeflow\entry\build\default\intermediates\stripped_native_libs\default cache.
[2026-06-23T15:52:24.584] [DEBUG] debug-file - Incremental task entry:default@DoNativeStrip post-execution cost:3 ms .
[2026-06-23T15:52:24.587] [DEBUG] debug-file - Update task entry:default@CompileArkTS input file:C:\Users\31293\Desktop\workplace\text-effects-master-upgraded-multidevice-freeflow\entry\build\default\intermediates\loader\default cache by regenerate.
[2026-06-23T15:52:24.589] [DEBUG] debug-file - Update task entry:default@CompileArkTS input file:C:\Users\31293\Desktop\workplace\text-effects-master-upgraded-multidevice-freeflow\entry\build\default\intermediates\res\default\ResourceTable.txt cache by regenerate.
[2026-06-23T15:52:24.590] [DEBUG] debug-file - Update task entry:default@CompileArkTS input file:C:\Users\31293\Desktop\workplace\text-effects-master-upgraded-multidevice-freeflow\entry\build\default\intermediates\res\default\ark_module.json cache by regenerate.
[2026-06-23T15:52:24.590] [DEBUG] debug-file - Update task entry:default@CompileArkTS input file:C:\Users\31293\Desktop\workplace\text-effects-master-upgraded-multidevice-freeflow\entry\build\default\intermediates\res\default\resources\base\profile cache by regenerate.
[2026-06-23T15:52:24.591] [DEBUG] debug-file - Update task entry:default@CompileArkTS input file:C:\Users\31293\Desktop\workplace\text-effects-master-upgraded-multidevice-freeflow\entry\src\main\ets cache by regenerate.
[2026-06-23T15:52:24.597] [DEBUG] debug-file - Update task entry:default@CompileArkTS input file:C:\Users\31293\Desktop\workplace\text-effects-master-upgraded-multidevice-freeflow\entry\build\default\generated\profile\default\BuildProfile.ets cache by regenerate.
[2026-06-23T15:52:24.598] [DEBUG] debug-file - Update task entry:default@CompileArkTS output file:C:\Users\31293\Desktop\workplace\text-effects-master-upgraded-multidevice-freeflow\entry\build\default\intermediates\loader_out\default\ets cache.
[2026-06-23T15:52:24.599] [DEBUG] debug-file - Incremental task entry:default@CompileArkTS post-execution cost:15 ms .
[2026-06-23T15:52:24.601] [DEBUG] debug-file - Update task entry:default@BuildJS input file:C:\Users\31293\Desktop\workplace\text-effects-master-upgraded-multidevice-freeflow\entry\build\default\intermediates\loader\default cache by regenerate.
[2026-06-23T15:52:24.601] [DEBUG] debug-file - Update task entry:default@BuildJS input file:C:\Users\31293\Desktop\workplace\text-effects-master-upgraded-multidevice-freeflow\entry\build\default\intermediates\res\default\ResourceTable.txt cache by regenerate.
[2026-06-23T15:52:24.601] [DEBUG] debug-file - Update task entry:default@BuildJS input file:C:\Users\31293\Desktop\workplace\text-effects-master-upgraded-multidevice-freeflow\entry\build\default\intermediates\res\default\ark_module.json cache by regenerate.
[2026-06-23T15:52:24.602] [DEBUG] debug-file - Update task entry:default@BuildJS input file:C:\Users\31293\Desktop\workplace\text-effects-master-upgraded-multidevice-freeflow\entry\build\default\intermediates\res\default\resources\base\profile cache by regenerate.
[2026-06-23T15:52:24.602] [DEBUG] debug-file - Update task entry:default@BuildJS output file:C:\Users\31293\Desktop\workplace\text-effects-master-upgraded-multidevice-freeflow\entry\build\default\intermediates\loader_out\default\js cache.
[2026-06-23T15:52:24.603] [DEBUG] debug-file - Incremental task entry:default@BuildJS post-execution cost:4 ms .
[2026-06-23T15:52:24.603] [DEBUG] debug-file - Update task entry:default@CacheNativeLibs input file:C:\Users\31293\Desktop\workplace\text-effects-master-upgraded-multidevice-freeflow\entry\build\default\intermediates\stripped_native_libs\default cache by regenerate.
[2026-06-23T15:52:24.604] [DEBUG] debug-file - Update task entry:default@CacheNativeLibs input file:C:\Users\31293\Desktop\workplace\text-effects-master-upgraded-multidevice-freeflow\entry\build\default\intermediates\libs\default cache by regenerate.
[2026-06-23T15:52:24.605] [DEBUG] debug-file - Update task entry:default@CacheNativeLibs output file:C:\Users\31293\Desktop\workplace\text-effects-master-upgraded-multidevice-freeflow\entry\build\default\intermediates\patch\default\base_native_libs.json cache.
[2026-06-23T15:52:24.605] [DEBUG] debug-file - Incremental task entry:default@CacheNativeLibs post-execution cost:2 ms .
[2026-06-23T15:52:24.736] [DEBUG] debug-file - Cleanup worker 0.
[2026-06-23T15:52:24.737] [DEBUG] debug-file - Worker 0 has been cleaned up.
[2026-06-23T15:52:24.737] [DEBUG] debug-file - Current idle worker size: 4.
[2026-06-23T15:52:24.737] [DEBUG] debug-file - Current resident worker size: 5.
[2026-06-23T15:52:24.737] [DEBUG] debug-file - Cleanup worker 1.
[2026-06-23T15:52:24.737] [DEBUG] debug-file - Worker 1 has been cleaned up.
[2026-06-23T15:52:24.737] [DEBUG] debug-file - Current idle worker size: 3.
[2026-06-23T15:52:24.737] [DEBUG] debug-file - Current resident worker size: 5.
[2026-06-23T15:52:24.737] [DEBUG] debug-file - Cleanup worker 6.
[2026-06-23T15:52:24.737] [DEBUG] debug-file - Worker 6 has been cleaned up.
[2026-06-23T15:52:24.737] [DEBUG] debug-file - Current idle worker size: 2.
[2026-06-23T15:52:24.737] [DEBUG] debug-file - Current resident worker size: 5.
[2026-06-23T15:52:24.738] [DEBUG] debug-file - Cleanup worker 5.
[2026-06-23T15:52:24.738] [DEBUG] debug-file - Worker 5 has been cleaned up.
[2026-06-23T15:52:24.738] [DEBUG] debug-file - Current idle worker size: 1.
[2026-06-23T15:52:24.738] [DEBUG] debug-file - Current resident worker size: 5.
[2026-06-23T15:52:24.742] [DEBUG] debug-file - hvigor build process will be closed.
[2026-06-23T15:52:24.768] [DEBUG] debug-file - session manager: send message to worker process.
[2026-06-23T15:52:24.769] [DEBUG] debug-file - session manager: send message to worker process.
[2026-06-23T15:52:24.780] [DEBUG] debug-file - worker[0] exits with exit code 1.
[2026-06-23T15:52:24.782] [DEBUG] debug-file - watch worker: worker id should be larger than 0. Nothing will be sent to any worker thread.
[2026-06-23T15:52:24.787] [DEBUG] debug-file - watch worker: worker id should be larger than 0. Nothing will be sent to any worker thread.
[2026-06-23T15:52:24.788] [DEBUG] debug-file - worker[1] exits with exit code 1.
[2026-06-23T15:52:24.798] [DEBUG] debug-file - worker[6] exits with exit code 1.
[2026-06-23T15:52:24.798] [DEBUG] debug-file - worker[5] exits with exit code 1.
[2026-06-23T15:56:52.086] [DEBUG] debug-file - env: nodejsVersion=v18.20.1
[2026-06-23T15:56:52.183] [DEBUG] debug-file - env: daemon=true
[2026-06-23T15:56:52.090] [DEBUG] debug-file - env: hvigor-config.json5 content = {
  modelVersion: '5.0.0',
  dependencies: {},
  execution: {},
  logging: {},
  debugging: {},
  nodeOptions: {}
}
[2026-06-23T15:56:53.971] [DEBUG] debug-file - java daemon tryConnect failed Error: connect ECONNREFUSED 127.0.0.1:45050
[2026-06-23T15:56:53.977] [DEBUG] debug-file - java daemon started at port 45050 pid 29760
[2026-06-23T15:56:54.070] [DEBUG] debug-file - session manager: set active socket. socketId=rUD4vAgSa2gI0UeBAAAB
[2026-06-23T15:56:56.675] [DEBUG] debug-file - watch worker: worker id should be larger than 0. Nothing will be sent to any worker thread.
[2026-06-23T15:56:56.685] [DEBUG] debug-file - Since there is no instance or instance is terminated, create a new worker pool.
[2026-06-23T15:56:56.687] [DEBUG] debug-file - Worker pool is initialized with config:  {
  minPoolNum: 2,
  maxPoolNum: undefined,
  maxCoreSize: undefined,
  cacheCapacity: undefined,
  cacheTtl: undefined
}
[2026-06-23T15:56:56.689] [DEBUG] debug-file - Create  resident worker with id: 0.
[2026-06-23T15:56:56.691] [DEBUG] debug-file - Create  resident worker with id: 1.
[2026-06-23T15:56:56.694] [DEBUG] debug-file - Workers' log level updated to INFO
[2026-06-23T15:56:56.707] [DEBUG] debug-file - Hvigor init with startParameters:{
  hvigorfileTypeCheck: false,
  parallelExecution: true,
  incrementalExecution: true,
  printStackTrace: false,
  daemon: true,
  analyze: 0,
  logLevel: Level { level: 20000, levelStr: 'INFO', colour: 'green' },
  optimizationStrategy: 'memory',
  hotCompile: undefined,
  hotReloadBuild: undefined,
  customizedParam: undefined
}
[2026-06-23T15:56:56.718] [DEBUG] debug-file - Cache service initialization finished in 11 ms 
[2026-06-23T15:56:56.721] [DEBUG] debug-file - hvigorfile, resolving C:\Users\31293\Desktop\workplace\text-effects-master-upgraded-multidevice-freeflow\hvigorfile.ts
[2026-06-23T15:57:26.850] [DEBUG] debug-file - hvigorfile, require result:  { default: { plugins: [] } }
[2026-06-23T15:57:26.851] [DEBUG] debug-file - hvigorfile, binding system plugins null
[2026-06-23T15:57:26.854] [DEBUG] debug-file - Starting plugin build process
[2026-06-23T15:57:26.854] [DEBUG] debug-file - App plugin prepare start...
[2026-06-23T15:57:26.855] [DEBUG] debug-file - App plugin prepare end...
[2026-06-23T15:57:26.855] [DEBUG] debug-file - App plugin creating...
[2026-06-23T15:57:27.429] [DEBUG] debug-file - App plugin register hook start...
[2026-06-23T15:57:27.429] [DEBUG] debug-file - App plugin register hook end...
[2026-06-23T15:57:27.430] [DEBUG] debug-file - Plugin build process completed
[2026-06-23T15:57:27.432] [DEBUG] debug-file - Start initialize project's product build option map with build mode debug.
[2026-06-23T15:57:27.433] [DEBUG] debug-file - Picking option from product 'default' with build mode 'debug'.
[2026-06-23T15:57:27.435] [DEBUG] debug-file - Product 'default' build option initialized
[2026-06-23T15:57:27.435] [DEBUG] debug-file - End initialize project's product build option map with build mode 'debug'.
[2026-06-23T15:57:27.440] [DEBUG] debug-file - Obtain build option for product 'default'in this build.
[2026-06-23T15:57:27.444] [DEBUG] debug-file - No signingConfig found, initRemoteHspCache failed.
[2026-06-23T15:57:27.453] [DEBUG] debug-file - Local scan or download HarmonyOS sdk components toolchains,ets,js,native,previewer
[2026-06-23T15:57:27.464] [DEBUG] debug-file - Local scan or download hmscore sdk components toolchains,ets,native
[2026-06-23T15:57:27.474] [DEBUG] debug-file - Start recording SDK configuration permission data.
[2026-06-23T15:57:27.556] [DEBUG] debug-file - Sdk init in 107 ms 
[2026-06-23T15:57:27.599] [DEBUG] debug-file - Project task initialization takes 39 ms 
[2026-06-23T15:57:27.600] [DEBUG] debug-file - hvigorfile, binding custom plugins []
[2026-06-23T15:57:27.600] [DEBUG] debug-file - hvigorfile, no custom plugins were found in C:\Users\31293\Desktop\workplace\text-effects-master-upgraded-multidevice-freeflow\hvigorfile.ts
[2026-06-23T15:57:27.600] [DEBUG] debug-file - hvigorfile, resolve finished C:\Users\31293\Desktop\workplace\text-effects-master-upgraded-multidevice-freeflow\hvigorfile.ts
[2026-06-23T15:57:27.606] [DEBUG] debug-file - hvigorfile, resolving C:\Users\31293\Desktop\workplace\text-effects-master-upgraded-multidevice-freeflow\entry\hvigorfile.ts
[2026-06-23T15:57:27.636] [DEBUG] debug-file - hvigorfile, require result:  { default: { plugins: [] } }
[2026-06-23T15:57:27.636] [DEBUG] debug-file - hvigorfile, binding system plugins null
[2026-06-23T15:57:27.637] [DEBUG] debug-file - Starting plugin build process
[2026-06-23T15:57:27.637] [DEBUG] debug-file - Hap plugin creating...
[2026-06-23T15:57:27.640] [DEBUG] debug-file - failed to load cangjie to dynamically generate schemas: Error: Cannot find module '@ohos/cangjie-build-support/index'
Require stack:
- C:\Program Files\Huawei\DevEco Studio\tools\hvigor\hvigor-ohos-plugin\src\plugin\hooks\cangjie-register.js
- C:\Program Files\Huawei\DevEco Studio\tools\hvigor\hvigor-ohos-plugin\src\plugin\strategy\stage-init-strategy.js
- C:\Program Files\Huawei\DevEco Studio\tools\hvigor\hvigor-ohos-plugin\src\plugin\builder\abstract-plugin-builder.js
- C:\Program Files\Huawei\DevEco Studio\tools\hvigor\hvigor-ohos-plugin\src\plugin\builder\app-plugin-builder.js
- C:\Program Files\Huawei\DevEco Studio\tools\hvigor\hvigor-ohos-plugin\src\plugin\factory\plugin-factory.js
- C:\Program Files\Huawei\DevEco Studio\tools\hvigor\hvigor-ohos-plugin\index.js
- C:\Users\31293\Desktop\workplace\text-effects-master-upgraded-multidevice-freeflow\hvigorfile.ts
- C:\Program Files\Huawei\DevEco Studio\tools\hvigor\hvigor\src\base\internal\lifecycle\configuration.js
- C:\Program Files\Huawei\DevEco Studio\tools\hvigor\hvigor\src\base\boot\index.js
- C:\Program Files\Huawei\DevEco Studio\tools\hvigor\hvigor\src\base\daemon\cluster\worker-process-lifecycle.js
- C:\Program Files\Huawei\DevEco Studio\tools\hvigor\hvigor\src\base\daemon\process\daemon-process-boot-script.js
[2026-06-23T15:57:27.676] [DEBUG] debug-file - Start initialize module-target build option map, moduleName=entry, buildMode=debug
[2026-06-23T15:57:27.677] [DEBUG] debug-file - Target 'default' config initialized
[2026-06-23T15:57:27.678] [DEBUG] debug-file - Module 'entry' target 'default' build option initialized
[2026-06-23T15:57:27.679] [DEBUG] debug-file - End initialize module-target build option map, moduleName=entry
[2026-06-23T15:57:27.679] [DEBUG] debug-file - Start initialize module-target build option map, moduleName=entry, buildMode=release
[2026-06-23T15:57:27.679] [DEBUG] debug-file - Target 'default' config initialized
[2026-06-23T15:57:27.681] [DEBUG] debug-file - Module 'entry' target 'default' build option initialized
[2026-06-23T15:57:27.681] [DEBUG] debug-file - End initialize module-target build option map, moduleName=entry
[2026-06-23T15:57:27.681] [DEBUG] debug-file - Start initialize module-target build option map, moduleName=entry, buildMode=debug
[2026-06-23T15:57:27.681] [DEBUG] debug-file - Target 'default' config initialized
[2026-06-23T15:57:27.686] [DEBUG] debug-file - Module 'entry' target 'default' build option initialized
[2026-06-23T15:57:27.687] [DEBUG] debug-file - End initialize module-target build option map, moduleName=entry
[2026-06-23T15:57:27.688] [DEBUG] debug-file - Obtain build option for module 'entry' target 'default'in this build.
[2026-06-23T15:57:27.705] [DEBUG] debug-file - Module entry task initialization takes 14 ms 
[2026-06-23T15:57:27.706] [DEBUG] debug-file - Hap plugin register hook start...
[2026-06-23T15:57:27.706] [DEBUG] debug-file - Hap plugin register hook end...
[2026-06-23T15:57:27.706] [DEBUG] debug-file - Plugin build process completed
[2026-06-23T15:57:27.706] [DEBUG] debug-file - hvigorfile, binding custom plugins []
[2026-06-23T15:57:27.706] [DEBUG] debug-file - hvigorfile, no custom plugins were found in C:\Users\31293\Desktop\workplace\text-effects-master-upgraded-multidevice-freeflow\entry\hvigorfile.ts
[2026-06-23T15:57:27.706] [DEBUG] debug-file - hvigorfile, resolve finished C:\Users\31293\Desktop\workplace\text-effects-master-upgraded-multidevice-freeflow\entry\hvigorfile.ts
[2026-06-23T15:57:28.093] [DEBUG] debug-file - hvigorfile, resolve hvigorfile dependencies in 385 ms 
[2026-06-23T15:57:28.094] [DEBUG] debug-file - project has submodules:entry
[2026-06-23T15:57:28.104] [DEBUG] debug-file - start to load updatedOhPackageInfo to the disk
[2026-06-23T15:57:28.147] [DEBUG] debug-file - load to the disk finished
[2026-06-23T15:57:28.150] [DEBUG] debug-file - Start to initialize dependency information.
[2026-06-23T15:57:28.163] [DEBUG] debug-file - Module text-effects-master-upgraded-multidevice-freeflow Collected Dependency: 
[2026-06-23T15:57:28.163] [DEBUG] debug-file - Module text-effects-master-upgraded-multidevice-freeflow's total dependency: 0
[2026-06-23T15:57:28.167] [DEBUG] debug-file - Start to initialize dependency information.
[2026-06-23T15:57:28.174] [DEBUG] debug-file - Module entry Collected Dependency: 
[2026-06-23T15:57:28.174] [DEBUG] debug-file - Module entry's total dependency: 0
[2026-06-23T15:57:28.188] [DEBUG] debug-file - Configuration phase cost:31 s 470 ms 
[2026-06-23T15:57:28.196] [DEBUG] debug-file - Configuration task cost before running: 31 s 500 ms 
[2026-06-23T15:57:28.218] [DEBUG] debug-file - Executing task :entry:default@PreBuild
[2026-06-23T15:57:28.224] [DEBUG] debug-file - Task 'entry:default@PreBuild' cost while wrapping incremental declarations: 1 ms 
[2026-06-23T15:57:28.251] [DEBUG] debug-file - Incremental task entry:default@PreBuild pre-execution cost: 19 ms .
[2026-06-23T15:57:28.252] [DEBUG] debug-file - entry : default@PreBuild cost memory 0.694854736328125
[2026-06-23T15:57:28.258] [INFO] debug-file - UP-TO-DATE :entry:default@PreBuild...  
[2026-06-23T15:57:28.261] [DEBUG] debug-file - Executing task :entry:default@CreateModuleInfo
[2026-06-23T15:57:28.263] [DEBUG] debug-file - Task 'entry:default@CreateModuleInfo' cost while wrapping incremental declarations: 1 ms 
[2026-06-23T15:57:28.265] [DEBUG] debug-file - entry : default@CreateModuleInfo cost memory 0.05094146728515625
[2026-06-23T15:57:28.265] [DEBUG] debug-file - runTaskFromQueue task cost before running: 31 s 569 ms 
[2026-06-23T15:57:28.267] [INFO] debug-file - Finished :entry:default@CreateModuleInfo... after 4 ms 
[2026-06-23T15:57:28.271] [DEBUG] debug-file - Executing task :entry:default@GenerateMetadata
[2026-06-23T15:57:28.273] [DEBUG] debug-file - Task 'entry:default@GenerateMetadata' cost while wrapping incremental declarations: 2 ms 
[2026-06-23T15:57:28.279] [DEBUG] debug-file - Incremental task entry:default@GenerateMetadata pre-execution cost: 3 ms .
[2026-06-23T15:57:28.280] [DEBUG] debug-file - entry : default@GenerateMetadata cost memory 0.1134796142578125
[2026-06-23T15:57:28.281] [INFO] debug-file - UP-TO-DATE :entry:default@GenerateMetadata...  
[2026-06-23T15:57:28.286] [DEBUG] debug-file - Executing task :entry:default@ConfigureCmake
[2026-06-23T15:57:28.287] [DEBUG] debug-file - entry : default@ConfigureCmake cost memory 0.01611328125
[2026-06-23T15:57:28.288] [DEBUG] debug-file - runTaskFromQueue task cost before running: 31 s 592 ms 
[2026-06-23T15:57:28.289] [INFO] debug-file - Finished :entry:default@ConfigureCmake... after 4 ms 
[2026-06-23T15:57:28.297] [DEBUG] debug-file - Executing task :entry:default@MergeProfile
[2026-06-23T15:57:28.298] [DEBUG] debug-file - Task 'entry:default@MergeProfile' cost while wrapping incremental declarations: 1 ms 
[2026-06-23T15:57:28.304] [DEBUG] debug-file - Incremental task entry:default@MergeProfile pre-execution cost: 4 ms .
[2026-06-23T15:57:28.304] [DEBUG] debug-file - entry : default@MergeProfile cost memory 0.1665496826171875
[2026-06-23T15:57:28.305] [INFO] debug-file - UP-TO-DATE :entry:default@MergeProfile...  
[2026-06-23T15:57:28.309] [DEBUG] debug-file - Executing task :entry:default@CreateBuildProfile
[2026-06-23T15:57:28.310] [DEBUG] debug-file - Task 'entry:default@CreateBuildProfile' cost while wrapping incremental declarations: 2 ms 
[2026-06-23T15:57:28.317] [DEBUG] debug-file - Incremental task entry:default@CreateBuildProfile pre-execution cost: 4 ms .
[2026-06-23T15:57:28.317] [DEBUG] debug-file - entry : default@CreateBuildProfile cost memory 0.14125823974609375
[2026-06-23T15:57:28.318] [INFO] debug-file - UP-TO-DATE :entry:default@CreateBuildProfile...  
[2026-06-23T15:57:28.324] [DEBUG] debug-file - Executing task :entry:default@PreCheckSyscap
[2026-06-23T15:57:28.325] [DEBUG] debug-file - entry : default@PreCheckSyscap cost memory 0.01625823974609375
[2026-06-23T15:57:28.325] [DEBUG] debug-file - runTaskFromQueue task cost before running: 31 s 629 ms 
[2026-06-23T15:57:28.327] [INFO] debug-file - Finished :entry:default@PreCheckSyscap... after 2 ms 
[2026-06-23T15:57:28.334] [DEBUG] debug-file - Executing task :entry:default@GeneratePkgContextInfo
[2026-06-23T15:57:28.360] [DEBUG] debug-file - Task 'entry:default@GeneratePkgContextInfo' cost while wrapping incremental declarations: 1 ms 
[2026-06-23T15:57:28.361] [DEBUG] debug-file - entry : default@GeneratePkgContextInfo cost memory 0.38338470458984375
[2026-06-23T15:57:28.362] [DEBUG] debug-file - runTaskFromQueue task cost before running: 31 s 666 ms 
[2026-06-23T15:57:28.363] [INFO] debug-file - Finished :entry:default@GeneratePkgContextInfo... after 29 ms 
[2026-06-23T15:57:28.375] [DEBUG] debug-file - Executing task :entry:default@ProcessIntegratedHsp
[2026-06-23T15:57:28.380] [DEBUG] debug-file - entry:default@ProcessIntegratedHsp is not up-to-date, since the output file 'C:\Users\31293\Desktop\workplace\text-effects-master-upgraded-multidevice-freeflow\build\cache\default\integrated_hsp\integratedHspCache.json' does not exist.
[2026-06-23T15:57:28.381] [DEBUG] debug-file - Incremental task entry:default@ProcessIntegratedHsp pre-execution cost: 2 ms .
[2026-06-23T15:57:28.382] [DEBUG] debug-file - entry : default@ProcessIntegratedHsp cost memory 0.069244384765625
[2026-06-23T15:57:28.383] [DEBUG] debug-file - runTaskFromQueue task cost before running: 31 s 687 ms 
[2026-06-23T15:57:28.385] [INFO] debug-file - Finished :entry:default@ProcessIntegratedHsp... after 8 ms 
[2026-06-23T15:57:28.392] [DEBUG] debug-file - Executing task :entry:default@BuildNativeWithCmake
[2026-06-23T15:57:28.393] [DEBUG] debug-file - entry : default@BuildNativeWithCmake cost memory 0.01744842529296875
[2026-06-23T15:57:28.394] [DEBUG] debug-file - runTaskFromQueue task cost before running: 31 s 698 ms 
[2026-06-23T15:57:28.396] [INFO] debug-file - Finished :entry:default@BuildNativeWithCmake... after 3 ms 
[2026-06-23T15:57:28.401] [DEBUG] debug-file - Executing task :entry:default@MakePackInfo
[2026-06-23T15:57:28.412] [DEBUG] debug-file - Incremental task entry:default@MakePackInfo pre-execution cost: 6 ms .
[2026-06-23T15:57:28.415] [DEBUG] debug-file - entry : default@MakePackInfo cost memory 0.13454437255859375
[2026-06-23T15:57:28.420] [INFO] debug-file - UP-TO-DATE :entry:default@MakePackInfo...  
[2026-06-23T15:57:28.428] [DEBUG] debug-file - Executing task :entry:default@SyscapTransform
[2026-06-23T15:57:28.428] [DEBUG] debug-file - File: 'C:\Users\31293\Desktop\workplace\text-effects-master-upgraded-multidevice-freeflow\entry\src\main\syscap.json' from 'sysCapJsonPath' is not exists, just ignore.
[2026-06-23T15:57:28.430] [DEBUG] debug-file - Task 'entry:default@SyscapTransform' cost while wrapping incremental declarations: 2 ms 
[2026-06-23T15:57:28.457] [DEBUG] debug-file - entry:default@SyscapTransform is not up-to-date, since the output file 'C:\Users\31293\Desktop\workplace\text-effects-master-upgraded-multidevice-freeflow\entry\build\default\intermediates\syscap\default\rpcid.sc' does not exist.
[2026-06-23T15:57:28.457] [DEBUG] debug-file - Incremental task entry:default@SyscapTransform pre-execution cost: 26 ms .
[2026-06-23T15:57:28.458] [DEBUG] debug-file - entry : default@SyscapTransform cost memory 0.19149017333984375
[2026-06-23T15:57:28.458] [DEBUG] debug-file - runTaskFromQueue task cost before running: 31 s 762 ms 
[2026-06-23T15:57:28.460] [INFO] debug-file - Finished :entry:default@SyscapTransform... after 31 ms 
[2026-06-23T15:57:28.466] [DEBUG] debug-file - Executing task :entry:default@ProcessProfile
[2026-06-23T15:57:28.488] [DEBUG] debug-file - Task 'entry:default@ProcessProfile' cost while wrapping incremental declarations: 3 ms 
[2026-06-23T15:57:28.490] [DEBUG] debug-file - Incremental task entry:default@ProcessProfile pre-execution cost: 2 ms .
[2026-06-23T15:57:28.490] [DEBUG] debug-file - entry : default@ProcessProfile cost memory 0.39722442626953125
[2026-06-23T15:57:28.491] [INFO] debug-file - UP-TO-DATE :entry:default@ProcessProfile...  
[2026-06-23T15:57:28.499] [DEBUG] debug-file - Executing task :entry:default@ProcessRouterMap
[2026-06-23T15:57:28.512] [DEBUG] debug-file - Incremental task entry:default@ProcessRouterMap pre-execution cost: 11 ms .
[2026-06-23T15:57:28.512] [DEBUG] debug-file - entry : default@ProcessRouterMap cost memory 0.1649169921875
[2026-06-23T15:57:28.517] [INFO] debug-file - UP-TO-DATE :entry:default@ProcessRouterMap...  
[2026-06-23T15:57:28.523] [DEBUG] debug-file - Executing task :entry:default@ProcessShareConfig
[2026-06-23T15:57:28.527] [DEBUG] debug-file - Incremental task entry:default@ProcessShareConfig pre-execution cost: 3 ms .
[2026-06-23T15:57:28.527] [DEBUG] debug-file - entry : default@ProcessShareConfig cost memory 0.13869476318359375
[2026-06-23T15:57:28.528] [INFO] debug-file - UP-TO-DATE :entry:default@ProcessShareConfig...  
[2026-06-23T15:57:28.532] [DEBUG] debug-file - Executing task :entry:default@ProcessStartupConfig
[2026-06-23T15:57:28.534] [DEBUG] debug-file - Task 'entry:default@ProcessStartupConfig' cost while wrapping incremental declarations: 1 ms 
[2026-06-23T15:57:28.539] [DEBUG] debug-file - entry:default@ProcessStartupConfig is not up-to-date, since the output file 'C:\Users\31293\Desktop\workplace\text-effects-master-upgraded-multidevice-freeflow\entry\build\default\intermediates\startup\default\startup_config.json' does not exist.
[2026-06-23T15:57:28.539] [DEBUG] debug-file - Incremental task entry:default@ProcessStartupConfig pre-execution cost: 1 ms .
[2026-06-23T15:57:28.541] [DEBUG] debug-file - entry : default@ProcessStartupConfig cost memory 0.11734771728515625
[2026-06-23T15:57:28.542] [DEBUG] debug-file - runTaskFromQueue task cost before running: 31 s 846 ms 
[2026-06-23T15:57:28.545] [INFO] debug-file - Finished :entry:default@ProcessStartupConfig... after 11 ms 
[2026-06-23T15:57:28.549] [DEBUG] debug-file - Executing task :entry:default@BuildNativeWithNinja
[2026-06-23T15:57:28.551] [DEBUG] debug-file - entry : default@BuildNativeWithNinja cost memory 0.0257415771484375
[2026-06-23T15:57:28.551] [DEBUG] debug-file - runTaskFromQueue task cost before running: 31 s 856 ms 
[2026-06-23T15:57:28.553] [INFO] debug-file - Finished :entry:default@BuildNativeWithNinja... after 3 ms 
[2026-06-23T15:57:28.559] [DEBUG] debug-file - restool module names: entry; moduleName=entry, taskName=default@ProcessResource
[2026-06-23T15:57:28.573] [DEBUG] debug-file - Executing task :entry:default@ProcessResource
[2026-06-23T15:57:28.574] [DEBUG] debug-file - Task 'entry:default@ProcessResource' cost while wrapping incremental declarations: 1 ms 
[2026-06-23T15:57:28.579] [DEBUG] debug-file - Incremental task entry:default@ProcessResource pre-execution cost: 2 ms .
[2026-06-23T15:57:28.579] [DEBUG] debug-file - entry : default@ProcessResource cost memory 0.15862274169921875
[2026-06-23T15:57:28.587] [INFO] debug-file - UP-TO-DATE :entry:default@ProcessResource...  
[2026-06-23T15:57:28.592] [DEBUG] debug-file - Executing task :entry:default@GenerateLoaderJson
[2026-06-23T15:57:28.596] [DEBUG] debug-file - Task 'entry:default@GenerateLoaderJson' cost while wrapping incremental declarations: 1 ms 
[2026-06-23T15:57:28.629] [DEBUG] debug-file - Incremental task entry:default@GenerateLoaderJson pre-execution cost: 15 ms .
[2026-06-23T15:57:28.629] [DEBUG] debug-file - entry : default@GenerateLoaderJson cost memory 0.5447235107421875
[2026-06-23T15:57:28.654] [INFO] debug-file - UP-TO-DATE :entry:default@GenerateLoaderJson...  
[2026-06-23T15:57:28.657] [DEBUG] debug-file - Executing task :entry:default@ProcessLibs
[2026-06-23T15:57:28.663] [DEBUG] debug-file - Incremental task entry:default@ProcessLibs pre-execution cost: 3 ms .
[2026-06-23T15:57:28.664] [DEBUG] debug-file - entry : default@ProcessLibs cost memory 0.12353515625
[2026-06-23T15:57:28.666] [INFO] debug-file - UP-TO-DATE :entry:default@ProcessLibs...  
[2026-06-23T15:57:28.675] [DEBUG] debug-file - restool module names: entry; moduleName=entry, taskName=default@CompileResource
[2026-06-23T15:57:28.677] [DEBUG] debug-file - Executing task :entry:default@CompileResource
[2026-06-23T15:57:28.726] [DEBUG] debug-file - Incremental task entry:default@CompileResource pre-execution cost: 34 ms .
[2026-06-23T15:57:28.727] [DEBUG] debug-file - entry : default@CompileResource cost memory 0.7733001708984375
[2026-06-23T15:57:28.731] [INFO] debug-file - UP-TO-DATE :entry:default@CompileResource...  
[2026-06-23T15:57:28.738] [DEBUG] debug-file - Executing task :entry:default@DoNativeStrip
[2026-06-23T15:57:28.740] [DEBUG] debug-file - Task 'entry:default@DoNativeStrip' cost while wrapping incremental declarations: 1 ms 
[2026-06-23T15:57:28.750] [DEBUG] debug-file - Incremental task entry:default@DoNativeStrip pre-execution cost: 9 ms .
[2026-06-23T15:57:28.752] [DEBUG] debug-file - entry : default@DoNativeStrip cost memory 0.09227752685546875
[2026-06-23T15:57:28.753] [INFO] debug-file - UP-TO-DATE :entry:default@DoNativeStrip...  
[2026-06-23T15:57:28.759] [DEBUG] debug-file - Executing task :entry:default@CompileArkTS
[2026-06-23T15:57:28.761] [DEBUG] debug-file - obfuscationOptions: undefined
[2026-06-23T15:57:28.765] [DEBUG] debug-file - Task 'entry:default@CompileArkTS' cost while wrapping incremental declarations: 1 ms 
[2026-06-23T15:57:28.807] [DEBUG] debug-file - build config:
[2026-06-23T15:57:28.809] [DEBUG] debug-file - {
  moduleType: 'entry',
  perf: 0,
  targetName: '.default',
  packageManagerType: 'ohpm',
  localPropertiesPath: 'C:\\Users\\31293\\Desktop\\workplace\\text-effects-master-upgraded-multidevice-freeflow\\local.properties',
  isPreview: false,
  isOhosTest: false,
  isLocalTest: false,
  buildMode: 'Debug',
  hotReloadBuild: undefined,
  watchMode: 'false',
  aceProfilePath: 'C:\\Users\\31293\\Desktop\\workplace\\text-effects-master-upgraded-multidevice-freeflow\\entry\\build\\default\\intermediates\\res\\default\\resources\\base\\profile',
  etsLoaderPath: 'C:\\Program Files\\Huawei\\DevEco Studio\\sdk\\default\\openharmony\\ets\\build-tools\\ets-loader',
  modulePath: 'C:\\Users\\31293\\Desktop\\workplace\\text-effects-master-upgraded-multidevice-freeflow\\entry',
  testFrameworkPar: {
    testMode: undefined,
    coveragePathFilter: undefined,
    coverageMode: undefined
  },
  needCoverageInsert: false,
  debugLine: false,
  projectTopDir: 'C:\\Users\\31293\\Desktop\\workplace\\text-effects-master-upgraded-multidevice-freeflow',
  compileSdkVersion: 22,
  compatibleSdkVersion: 17,
  originCompatibleSdkVersion: '5.0.5(17)',
  compatibleSdkVersionStage: undefined,
  bundleName: 'c***s',
  etsLoaderVersion: '6.0.2.130',
  etsLoaderReleaseType: 'Release',
  aotCompileMode: 'type',
  apPath: 'C:\\Users\\31293\\Desktop\\workplace\\text-effects-master-upgraded-multidevice-freeflow\\entry\\modules.ap',
  entryModuleName: 'entry',
  entryModuleVersion: '1.0.0',
  entryPackageName: 'entry',
  allModuleNameHash: '7be05728b0c1fcdde7e9ed2fbb9b8f26c3cc8d47795117111dfb001f3c72014d',
  externalApiPaths: [
    'C:\\Program Files\\Huawei\\DevEco Studio\\sdk\\default\\hms\\ets'
  ],
  compilerTypes: [],
  isCrossplatform: false,
  hvigorPluginFile: undefined,
  compilePluginPath: undefined,
  buildGeneratedProfilePath: 'C:\\Users\\31293\\Desktop\\workplace\\text-effects-master-upgraded-multidevice-freeflow\\entry\\build\\default\\generated\\profile\\default',
  bundleType: 'app',
  arkTSVersion: undefined,
  apiVersion: 22,
  needCompleteSourcesMap: false,
  isFaMode: false,
  buildDir: 'C:\\Users\\31293\\Desktop\\workplace\\text-effects-master-upgraded-multidevice-freeflow\\entry\\build',
  deviceTypes: [ 'phone', 'tablet', '2in1' ],
  pkgContextInfo: undefined,
  ohPackagePathMap: {},
  dependencyAliasMap: {},
  permission: { requestPermissions: [ [Object] ], definePermissions: undefined },
  useGetCurrentBundleName: false,
  projectArkOption: undefined,
  sourceMapDir: undefined,
  branchElimination: false,
  transformLib: undefined,
  tsImportSendable: false,
  resolveConflictMode: true,
  depName2RootPath: {},
  depName2DepInfo: {},
  rootPathSet: [
    'C:\\Users\\31293\\Desktop\\workplace\\text-effects-master-upgraded-multidevice-freeflow'
  ],
  useNativeResolver: true,
  shouldEmitJs: true,
  useTscResolve: false,
  singleFileEmit: false,
  userProjectConfig: {
    autoLazyImport: false,
    allowEmptyBundleName: false,
    reExportCheckMode: 'noCheck',
    executionMode: 'memory',
    usePathPlaceholder: false,
    writeRollupCache: true,
    isExpandImportEnabled: false,
    expandImportExclude: '',
    lazyImportExclude: '',
    lazyImportInclude: '',
    ignoreCrossplatformCheck: false,
    isHarDeduplicateEnabled: false,
    skipOhModulesLint: false,
    enableStrictCheckOHModule: false,
    disableSendableCheckRules: [],
    useDeclarationFileSignature: false,
    customizedOptions: undefined,
    integratedHsp: false,
    isPreloadSoEnabled: false
  },
  executionMode: 'memory',
  arkCompileCachePath: 'C:\\Users\\31293\\Desktop\\workplace\\text-effects-master-upgraded-multidevice-freeflow\\entry\\build\\default\\cache\\default\\default@CompileArkTS\\esmodule',
  autoLazyFilter: undefined,
  isHarDeduplicateEnabled: false,
  intermediateHarDuplicateDirPath: 'C:\\Users\\31293\\Desktop\\workplace\\text-effects-master-upgraded-multidevice-freeflow\\entry\\build\\default\\intermediates\\har_duplicate\\default',
  autoLazyImport: false,
  allowEmptyBundleName: false,
  reExportCheckMode: 'noCheck',
  usePathPlaceholder: false,
  writeRollupCache: true,
  isExpandImportEnabled: false,
  expandImportExclude: '',
  lazyImportExclude: '',
  lazyImportInclude: '',
  ignoreCrossplatformCheck: false,
  skipOhModulesLint: false,
  enableStrictCheckOHModule: false,
  disableSendableCheckRules: [],
  useDeclarationFileSignature: false,
  customizedOptions: undefined,
  integratedHsp: false,
  isPreloadSoEnabled: false,
  strictMode: undefined,
  useNormalizedOHMUrl: false,
  caseSensitiveCheck: false,
  aceModuleJsonPath: 'C:\\Users\\31293\\Desktop\\workplace\\text-effects-master-upgraded-multidevice-freeflow\\entry\\build\\default\\intermediates\\res\\default\\ark_module.json',
  appResource: 'C:\\Users\\31293\\Desktop\\workplace\\text-effects-master-upgraded-multidevice-freeflow\\entry\\build\\default\\intermediates\\res\\default\\ResourceTable.txt',
  rawFileResource: 'C:\\Users\\31293\\Desktop\\workplace\\text-effects-master-upgraded-multidevice-freeflow\\entry\\build\\default\\intermediates\\res\\default\\resources\\rawfile',
  resourceTableHash: 'a0838ca14a59a5f4da71ba3b6ae391deb8596ab97f91b5dcc5dd467a505da8cf',
  runtimeOS: 'HarmonyOS',
  sdkInfo: 'false:22:6.0.2.130:Release',
  aceModuleRoot: 'C:\\Users\\31293\\Desktop\\workplace\\text-effects-master-upgraded-multidevice-freeflow\\entry\\src\\main\\ets',
  compileMode: 'esmodule',
  aceSuperVisualPath: 'C:\\Users\\31293\\Desktop\\workplace\\text-effects-master-upgraded-multidevice-freeflow\\entry\\src\\main\\supervisual',
  aceBuildJson: 'C:\\Users\\31293\\Desktop\\workplace\\text-effects-master-upgraded-multidevice-freeflow\\entry\\build\\default\\intermediates\\loader\\default\\loader.json',
  cachePath: 'C:\\Users\\31293\\Desktop\\workplace\\text-effects-master-upgraded-multidevice-freeflow\\entry\\build\\default\\cache\\default\\default@CompileArkTS\\esmodule\\debug',
  aceModuleBuild: 'C:\\Users\\31293\\Desktop\\workplace\\text-effects-master-upgraded-multidevice-freeflow\\entry\\build\\default\\intermediates\\loader_out\\default\\ets',
  supportChunks: true,
  declaredFilesPath: undefined,
  shouldCollectDirectImportees: false,
  isByteCodeHarOptimize: false,
  expandImportPath: undefined,
  pkgNameToPkgBriefInfo: {
    entry: {
      pkgRoot: 'C:\\Users\\31293\\Desktop\\workplace\\text-effects-master-upgraded-multidevice-freeflow\\entry',
      originalSourceRoots: undefined,
      sourceRoots: [Array],
      pkgName: 'entry'
    }
  },
  projectModel: {
    'C:\\Users\\31293\\Desktop\\workplace\\text-effects-master-upgraded-multidevice-freeflow\\entry\\src\\main': {
      moduleName: 'entry',
      modulePkgPath: 'C:\\Users\\31293\\Desktop\\workplace\\text-effects-master-upgraded-multidevice-freeflow\\entry',
      belongProjectPath: 'C:\\Users\\31293\\Desktop\\workplace\\text-effects-master-upgraded-multidevice-freeflow'
    },
    'C:\\Users\\31293\\Desktop\\workplace\\text-effects-master-upgraded-multidevice-freeflow\\entry': {
      moduleName: 'entry',
      modulePkgPath: 'C:\\Users\\31293\\Desktop\\workplace\\text-effects-master-upgraded-multidevice-freeflow\\entry',
      belongProjectPath: 'C:\\Users\\31293\\Desktop\\workplace\\text-effects-master-upgraded-multidevice-freeflow'
    },
    'C:\\Users\\31293\\Desktop\\workplace\\text-effects-master-upgraded-multidevice-freeflow': {
      moduleName: 'text-effects-master-upgraded-multidevice-freeflow',
      modulePkgPath: 'C:\\Users\\31293\\Desktop\\workplace\\text-effects-master-upgraded-multidevice-freeflow',
      belongProjectPath: 'C:\\Users\\31293\\Desktop\\workplace\\text-effects-master-upgraded-multidevice-freeflow'
    }
  },
  pkgJsonFileHash: 'ac995480e710a275b7cf4a6fb2472a77382a629452dd716ec0366f01c80fa48c',
  allModulePaths: [
    'C:\\Users\\31293\\Desktop\\workplace\\text-effects-master-upgraded-multidevice-freeflow\\entry'
  ],
  routerMap: {},
  obfuscationOptions: undefined,
  byteCodeHarToDependencyKeys: undefined,
  compileBlockPkg: [],
  mockParams: {
    decorator: '@MockSetup',
    packageName: '@ohos/hamock',
    etsSourceRootPath: 'src/main/ets',
    mockConfigPath: undefined,
    mockConfigKey2ModuleInfo: {},
    source2ModuleIdMap: {}
  },
  copyCodeResourceEnable: true,
  copyCodeResourceExcludes: [],
  copyCodeResourceIncludes: undefined,
  uiTransformOptimization: false,
  sdkPath: 'C:/Program Files/Huawei/DevEco Studio/sdk',
  needPreloadSoFileSet: {},
  preloadSoFilePath: 'C:\\Users\\31293\\Desktop\\workplace\\text-effects-master-upgraded-multidevice-freeflow\\entry\\build\\default\\intermediates\\preload\\default\\preload.json',
  useSourceHash: false,
  localModuleParamMap: {},
  otherPaths: {
    'entry/*': [
      '..\\*',
      '..\\..\\..\\build\\default\\generated\\profile\\default\\*'
    ]
  },
  collectImportersConfig: undefined
}
[2026-06-23T15:57:28.811] [DEBUG] debug-file - Compile arkts with external api path: C:\Program Files\Huawei\DevEco Studio\sdk\default\hms\ets
[2026-06-23T15:57:28.826] [DEBUG] debug-file - default@CompileArkTS work[0] is submitted.
[2026-06-23T15:57:28.827] [DEBUG] debug-file - default@CompileArkTS work[0] is pushed to ready queue.
[2026-06-23T15:57:28.827] [DEBUG] debug-file - A work dispatched to worker[7] failed because unable to get work from ready queue.
[2026-06-23T15:57:28.828] [DEBUG] debug-file - A work dispatched to worker[6] failed because unable to get work from ready queue.
[2026-06-23T15:57:28.829] [DEBUG] debug-file - A work dispatched to worker[5] failed because unable to get work from ready queue.
[2026-06-23T15:57:28.830] [DEBUG] debug-file - Create  resident worker with id: 4.
[2026-06-23T15:57:28.835] [DEBUG] debug-file - default@CompileArkTS work[0] has been dispatched to worker[4].
[2026-06-23T15:57:28.836] [DEBUG] debug-file - default@CompileArkTS work[0] is dispatched.
[2026-06-23T15:57:28.837] [DEBUG] debug-file - CopyResources startTime: 578820925504800
[2026-06-23T15:57:28.838] [DEBUG] debug-file - default@CompileArkTS work[1] is submitted.
[2026-06-23T15:57:28.839] [DEBUG] debug-file - default@CompileArkTS work[1] is pushed to ready queue.
[2026-06-23T15:57:28.839] [DEBUG] debug-file - A work dispatched to worker[7] failed because unable to get work from ready queue.
[2026-06-23T15:57:28.839] [DEBUG] debug-file - Create  resident worker with id: 6.
[2026-06-23T15:57:28.841] [DEBUG] debug-file - default@CompileArkTS work[1] has been dispatched to worker[6].
[2026-06-23T15:57:28.841] [DEBUG] debug-file - default@CompileArkTS work[1] is dispatched.
[2026-06-23T15:57:28.842] [DEBUG] debug-file - entry : default@CompileArkTS cost memory 1.8183441162109375
[2026-06-23T15:57:28.846] [DEBUG] debug-file - Executing task :entry:default@BuildJS
[2026-06-23T15:57:28.847] [DEBUG] debug-file - Task 'entry:default@BuildJS' cost while wrapping incremental declarations: 1 ms 
[2026-06-23T15:57:28.853] [DEBUG] debug-file - entry : default@BuildJS cost memory 0.1681365966796875
[2026-06-23T15:57:28.853] [DEBUG] debug-file - runTaskFromQueue task cost before running: 32 s 157 ms 
[2026-06-23T15:57:28.854] [INFO] debug-file - Finished :entry:default@BuildJS... after 7 ms 
[2026-06-23T15:57:28.860] [DEBUG] debug-file - Executing task :entry:default@CacheNativeLibs
[2026-06-23T15:57:28.863] [DEBUG] debug-file - Task 'entry:default@CacheNativeLibs' cost while wrapping incremental declarations: 2 ms 
[2026-06-23T15:57:28.874] [DEBUG] debug-file - Incremental task entry:default@CacheNativeLibs pre-execution cost: 11 ms .
[2026-06-23T15:57:28.875] [DEBUG] debug-file - entry : default@CacheNativeLibs cost memory 0.11003875732421875
[2026-06-23T15:57:28.876] [INFO] debug-file - UP-TO-DATE :entry:default@CacheNativeLibs...  
[2026-06-23T15:57:33.155] [DEBUG] debug-file - worker[6] has one work done.
[2026-06-23T15:57:33.156] [DEBUG] debug-file - CopyResources is end, endTime: 578825243863300
[2026-06-23T15:57:33.156] [DEBUG] debug-file - default@CompileArkTS work[1] done.
[2026-06-23T15:57:33.157] [DEBUG] debug-file - A work dispatched to worker[6] failed because unable to get work from ready queue.
[2026-06-23T15:58:04.116] [WARN] debug-file - [33mWARN: [33m[33mArkTS:WARN File: C:/Users/31293/Desktop/workplace/text-effects-master-upgraded-multidevice-freeflow/entry/src/main/ets/entryability/EntryAbility.ets:89:15
 'continuationManager' has been deprecated.
[39m[39m
[33mWARN: [33m[33mArkTS:WARN File: C:/Users/31293/Desktop/workplace/text-effects-master-upgraded-multidevice-freeflow/entry/src/main/ets/entryability/EntryAbility.ets:89:35
 'startContinuationDeviceManager' has been deprecated.
[39m[39m
[33mWARN: [33m[33mArkTS:WARN File: C:/Users/31293/Desktop/workplace/text-effects-master-upgraded-multidevice-freeflow/entry/src/main/ets/entryability/EntryAbility.ets:99:5
 'continuationManager' has been deprecated.
[39m[39m
[33mWARN: [33m[33mArkTS:WARN File: C:/Users/31293/Desktop/workplace/text-effects-master-upgraded-multidevice-freeflow/entry/src/main/ets/entryability/EntryAbility.ets:99:25
 'registerContinuation' has been deprecated.
[39m[39m
[33mWARN: [33m[33mArkTS:WARN File: C:/Users/31293/Desktop/workplace/text-effects-master-upgraded-multidevice-freeflow/entry/src/main/ets/entryability/EntryAbility.ets:103:7
 'continuationManager' has been deprecated.
[39m[39m
[33mWARN: [33m[33mArkTS:WARN File: C:/Users/31293/Desktop/workplace/text-effects-master-upgraded-multidevice-freeflow/entry/src/main/ets/entryability/EntryAbility.ets:103:27
 'on' has been deprecated.
[39m[39m
[33mWARN: [33m[33mArkTS:WARN File: C:/Users/31293/Desktop/workplace/text-effects-master-upgraded-multidevice-freeflow/entry/src/main/ets/entryability/EntryAbility.ets:104:68
 'name' has been deprecated.
[39m[39m
[33mWARN: [33m[33mArkTS:WARN File: C:/Users/31293/Desktop/workplace/text-effects-master-upgraded-multidevice-freeflow/entry/src/main/ets/entryability/EntryAbility.ets:127:5
 'continuationManager' has been deprecated.
[39m[39m
[33mWARN: [33m[33mArkTS:WARN File: C:/Users/31293/Desktop/workplace/text-effects-master-upgraded-multidevice-freeflow/entry/src/main/ets/entryability/EntryAbility.ets:127:5
 Function may throw exceptions. Special handling is required.
[39m[39m
[33mWARN: [33m[33mArkTS:WARN File: C:/Users/31293/Desktop/workplace/text-effects-master-upgraded-multidevice-freeflow/entry/src/main/ets/entryability/EntryAbility.ets:127:25
 'off' has been deprecated.
[39m[39m
[33mWARN: [33m[33mArkTS:WARN File: C:/Users/31293/Desktop/workplace/text-effects-master-upgraded-multidevice-freeflow/entry/src/main/ets/entryability/EntryAbility.ets:128:5
 'continuationManager' has been deprecated.
[39m[39m
[33mWARN: [33m[33mArkTS:WARN File: C:/Users/31293/Desktop/workplace/text-effects-master-upgraded-multidevice-freeflow/entry/src/main/ets/entryability/EntryAbility.ets:128:25
 'unregisterContinuation' has been deprecated.
[39m[39m

[2026-06-23T15:58:04.117] [DEBUG] debug-file - Ark compile task finished.finished time is 578856204794900
[2026-06-23T15:58:04.121] [DEBUG] debug-file - worker[4] has one work done.
[2026-06-23T15:58:04.132] [DEBUG] debug-file - default@CompileArkTS work[0] done.
[2026-06-23T15:58:04.132] [DEBUG] debug-file - A work dispatched to worker[4] failed because unable to get work from ready queue.
[2026-06-23T15:58:04.146] [INFO] debug-file - Finished :entry:default@CompileArkTS... after 24 s 922 ms 
[2026-06-23T15:58:04.154] [DEBUG] debug-file - Executing task :entry:default@GeneratePkgModuleJson
[2026-06-23T15:58:04.155] [DEBUG] debug-file - File: 'C:\Users\31293\Desktop\workplace\text-effects-master-upgraded-multidevice-freeflow\entry\build\default\intermediates\preload\default\preload.json' from 'preloadSoJsonPath' is not exists, just ignore.
[2026-06-23T15:58:04.157] [DEBUG] debug-file - Error occurs while handling @Input 'shouldDeduplicateHar': The "data" argument must be of type string or an instance of Buffer, TypedArray, or DataView. Received undefined
[2026-06-23T15:58:04.160] [DEBUG] debug-file - Task 'entry:default@GeneratePkgModuleJson' cost while wrapping incremental declarations: 7 ms 
[2026-06-23T15:58:04.176] [DEBUG] debug-file - entry : default@GeneratePkgModuleJson cost memory 0.172393798828125
[2026-06-23T15:58:04.177] [DEBUG] debug-file - runTaskFromQueue task cost before running: 1 min 7 s 482 ms 
[2026-06-23T15:58:04.178] [INFO] debug-file - Finished :entry:default@GeneratePkgModuleJson... after 24 ms 
[2026-06-23T15:58:04.182] [DEBUG] debug-file - Executing task :entry:default@ProcessCompiledResources
[2026-06-23T15:58:04.183] [DEBUG] debug-file - File: 'C:\Users\31293\Desktop\workplace\text-effects-master-upgraded-multidevice-freeflow\entry\build\default\intermediates\preload\default\preload.json' from 'preloadSoJsonPath' is not exists, just ignore.
[2026-06-23T15:58:04.183] [DEBUG] debug-file - Task 'entry:default@ProcessCompiledResources' cost while wrapping incremental declarations: 1 ms 
[2026-06-23T15:58:04.187] [DEBUG] debug-file - entry : default@ProcessCompiledResources cost memory 0.06920623779296875
[2026-06-23T15:58:04.187] [DEBUG] debug-file - runTaskFromQueue task cost before running: 1 min 7 s 492 ms 
[2026-06-23T15:58:04.188] [INFO] debug-file - Finished :entry:default@ProcessCompiledResources... after 6 ms 
[2026-06-23T15:58:04.201] [DEBUG] debug-file - Executing task :entry:default@PackageHap
[2026-06-23T15:58:04.224] [DEBUG] debug-file - Use tool [C:\Program Files\Huawei\DevEco Studio\sdk\default\openharmony\toolchains\lib\app_packing_tool.jar]
 [
  'java',
  '-Dfile.encoding=GBK',
  '-jar',
  'C:\\Program Files\\Huawei\\DevEco Studio\\sdk\\default\\openharmony\\toolchains\\lib\\app_packing_tool.jar',
  '--mode',
  'hap',
  '--force',
  'true',
  '--lib-path',
  'C:\\Users\\31293\\Desktop\\workplace\\text-effects-master-upgraded-multidevice-freeflow\\entry\\build\\default\\intermediates\\stripped_native_libs\\default',
  '--json-path',
  'C:\\Users\\31293\\Desktop\\workplace\\text-effects-master-upgraded-multidevice-freeflow\\entry\\build\\default\\intermediates\\package\\default\\module.json',
  '--resources-path',
  'C:\\Users\\31293\\Desktop\\workplace\\text-effects-master-upgraded-multidevice-freeflow\\entry\\build\\default\\intermediates\\res\\default\\resources',
  '--index-path',
  'C:\\Users\\31293\\Desktop\\workplace\\text-effects-master-upgraded-multidevice-freeflow\\entry\\build\\default\\intermediates\\res\\default\\resources.index',
  '--pack-info-path',
  'C:\\Users\\31293\\Desktop\\workplace\\text-effects-master-upgraded-multidevice-freeflow\\entry\\build\\default\\outputs\\default\\pack.info',
  '--out-path',
  'C:\\Users\\31293\\Desktop\\workplace\\text-effects-master-upgraded-multidevice-freeflow\\entry\\build\\default\\outputs\\default\\entry-default-unsigned.hap',
  '--ets-path',
  'C:\\Users\\31293\\Desktop\\workplace\\text-effects-master-upgraded-multidevice-freeflow\\entry\\build\\default\\intermediates\\loader_out\\default\\ets'
]
[2026-06-23T15:58:05.944] [DEBUG] debug-file - java daemon socket received message:{"code":0,"message":"pack success"}
[2026-06-23T15:58:05.977] [DEBUG] debug-file - entry : default@PackageHap cost memory 0.5329513549804688
[2026-06-23T15:58:05.977] [DEBUG] debug-file - runTaskFromQueue task cost before running: 1 min 9 s 282 ms 
[2026-06-23T15:58:05.995] [INFO] debug-file - Finished :entry:default@PackageHap... after 1 s 777 ms 
[2026-06-23T15:58:05.999] [DEBUG] debug-file - Executing task :entry:default@PackingCheck
[2026-06-23T15:58:06.082] [DEBUG] debug-file - entry : default@PackingCheck cost memory -0.06293487548828125
[2026-06-23T15:58:06.083] [DEBUG] debug-file - runTaskFromQueue task cost before running: 1 min 9 s 387 ms 
[2026-06-23T15:58:06.083] [INFO] debug-file - Finished :entry:default@PackingCheck... after 84 ms 
[2026-06-23T15:58:06.087] [DEBUG] debug-file - Executing task :entry:default@SignHap
[2026-06-23T15:58:06.089] [WARN] debug-file - Will skip sign 'hos_hap'. No signingConfigs profile is configured in current project.
             If needed, configure the signingConfigs in C:\Users\31293\Desktop\workplace\text-effects-master-upgraded-multidevice-freeflow\build-profile.json5.
[2026-06-23T15:58:06.093] [DEBUG] debug-file - entry : default@SignHap cost memory 0.08831787109375
[2026-06-23T15:58:06.094] [DEBUG] debug-file - runTaskFromQueue task cost before running: 1 min 9 s 398 ms 
[2026-06-23T15:58:06.095] [INFO] debug-file - Finished :entry:default@SignHap... after 7 ms 
[2026-06-23T15:58:06.098] [DEBUG] debug-file - Executing task :entry:default@CollectDebugSymbol
[2026-06-23T15:58:06.101] [DEBUG] debug-file - entry : default@CollectDebugSymbol cost memory 0.11297607421875
[2026-06-23T15:58:06.101] [DEBUG] debug-file - runTaskFromQueue task cost before running: 1 min 9 s 406 ms 
[2026-06-23T15:58:06.101] [INFO] debug-file - Finished :entry:default@CollectDebugSymbol... after 4 ms 
[2026-06-23T15:58:06.103] [DEBUG] debug-file - Executing task :entry:assembleHap
[2026-06-23T15:58:06.103] [DEBUG] debug-file - entry : assembleHap cost memory 0.01697540283203125
[2026-06-23T15:58:06.103] [DEBUG] debug-file - runTaskFromQueue task cost before running: 1 min 9 s 408 ms 
[2026-06-23T15:58:06.103] [INFO] debug-file - Finished :entry:assembleHap... after 1 ms 
[2026-06-23T15:58:06.134] [INFO] debug-file - BUILD SUCCESSFUL in 1 min 9 s 435 ms 
[2026-06-23T15:58:06.137] [DEBUG] debug-file - There is no need to refresh cache, since the incremental task entry:default@PreBuild is up-to-date.
[2026-06-23T15:58:06.137] [DEBUG] debug-file - Update task entry:default@CreateModuleInfo output file:C:\Users\31293\Desktop\workplace\text-effects-master-upgraded-multidevice-freeflow\entry\build\default\generated\profile\default\ModuleInfo.ts cache.
[2026-06-23T15:58:06.138] [DEBUG] debug-file - Incremental task entry:default@CreateModuleInfo post-execution cost:2 ms .
[2026-06-23T15:58:06.138] [DEBUG] debug-file - There is no need to refresh cache, since the incremental task entry:default@GenerateMetadata is up-to-date.
[2026-06-23T15:58:06.139] [DEBUG] debug-file - There is no need to refresh cache, since the incremental task entry:default@MergeProfile is up-to-date.
[2026-06-23T15:58:06.139] [DEBUG] debug-file - There is no need to refresh cache, since the incremental task entry:default@CreateBuildProfile is up-to-date.
[2026-06-23T15:58:06.139] [DEBUG] debug-file - Update task entry:default@GeneratePkgContextInfo output file:C:\Users\31293\Desktop\workplace\text-effects-master-upgraded-multidevice-freeflow\entry\build\default\intermediates\loader\default\pkgContextInfo.json cache.
[2026-06-23T15:58:06.140] [DEBUG] debug-file - Incremental task entry:default@GeneratePkgContextInfo post-execution cost:1 ms .
[2026-06-23T15:58:06.141] [DEBUG] debug-file - Update task entry:default@ProcessIntegratedHsp output file:C:\Users\31293\Desktop\workplace\text-effects-master-upgraded-multidevice-freeflow\build\cache\default\integrated_hsp\integratedHspCache.json cache.
[2026-06-23T15:58:06.142] [DEBUG] debug-file - Incremental task entry:default@ProcessIntegratedHsp post-execution cost:2 ms .
[2026-06-23T15:58:06.142] [DEBUG] debug-file - There is no need to refresh cache, since the incremental task entry:default@MakePackInfo is up-to-date.
[2026-06-23T15:58:06.142] [DEBUG] debug-file - Update task entry:default@SyscapTransform input file:C:\Program Files\Huawei\DevEco Studio\sdk\default\openharmony\toolchains\syscap_tool.exe cache by regenerate.
[2026-06-23T15:58:06.145] [DEBUG] debug-file - Update task entry:default@SyscapTransform input file:C:\Program Files\Huawei\DevEco Studio\sdk\default\openharmony\ets\api\device-define cache by regenerate.
[2026-06-23T15:58:06.149] [DEBUG] debug-file - Update task entry:default@SyscapTransform output file:C:\Users\31293\Desktop\workplace\text-effects-master-upgraded-multidevice-freeflow\entry\build\default\intermediates\syscap\default\rpcid.sc cache.
[2026-06-23T15:58:06.149] [DEBUG] debug-file - Incremental task entry:default@SyscapTransform post-execution cost:8 ms .
[2026-06-23T15:58:06.150] [DEBUG] debug-file - There is no need to refresh cache, since the incremental task entry:default@ProcessProfile is up-to-date.
[2026-06-23T15:58:06.150] [DEBUG] debug-file - There is no need to refresh cache, since the incremental task entry:default@ProcessRouterMap is up-to-date.
[2026-06-23T15:58:06.150] [DEBUG] debug-file - There is no need to refresh cache, since the incremental task entry:default@ProcessShareConfig is up-to-date.
[2026-06-23T15:58:06.150] [DEBUG] debug-file - Update task entry:default@ProcessStartupConfig output file:C:\Users\31293\Desktop\workplace\text-effects-master-upgraded-multidevice-freeflow\entry\build\default\intermediates\startup\default\startup_config.json cache.
[2026-06-23T15:58:06.151] [DEBUG] debug-file - Incremental task entry:default@ProcessStartupConfig post-execution cost:1 ms .
[2026-06-23T15:58:06.151] [DEBUG] debug-file - There is no need to refresh cache, since the incremental task entry:default@ProcessResource is up-to-date.
[2026-06-23T15:58:06.151] [DEBUG] debug-file - There is no need to refresh cache, since the incremental task entry:default@GenerateLoaderJson is up-to-date.
[2026-06-23T15:58:06.151] [DEBUG] debug-file - There is no need to refresh cache, since the incremental task entry:default@ProcessLibs is up-to-date.
[2026-06-23T15:58:06.151] [DEBUG] debug-file - There is no need to refresh cache, since the incremental task entry:default@CompileResource is up-to-date.
[2026-06-23T15:58:06.151] [DEBUG] debug-file - There is no need to refresh cache, since the incremental task entry:default@DoNativeStrip is up-to-date.
[2026-06-23T15:58:06.155] [DEBUG] debug-file - Update task entry:default@CompileArkTS input file:C:\Users\31293\Desktop\workplace\text-effects-master-upgraded-multidevice-freeflow\entry\build\default\intermediates\loader\default cache by regenerate.
[2026-06-23T15:58:06.160] [DEBUG] debug-file - Update task entry:default@CompileArkTS input file:C:\Users\31293\Desktop\workplace\text-effects-master-upgraded-multidevice-freeflow\entry\build\default\intermediates\res\default\ResourceTable.txt cache by regenerate.
[2026-06-23T15:58:06.161] [DEBUG] debug-file - Update task entry:default@CompileArkTS input file:C:\Users\31293\Desktop\workplace\text-effects-master-upgraded-multidevice-freeflow\entry\build\default\intermediates\res\default\ark_module.json cache by regenerate.
[2026-06-23T15:58:06.163] [DEBUG] debug-file - Update task entry:default@CompileArkTS input file:C:\Users\31293\Desktop\workplace\text-effects-master-upgraded-multidevice-freeflow\entry\build\default\intermediates\res\default\resources\base\profile cache by regenerate.
[2026-06-23T15:58:06.164] [DEBUG] debug-file - Update task entry:default@CompileArkTS input file:C:\Users\31293\Desktop\workplace\text-effects-master-upgraded-multidevice-freeflow\entry\src\main\ets cache by regenerate.
[2026-06-23T15:58:06.168] [DEBUG] debug-file - Update task entry:default@CompileArkTS input file:C:\Users\31293\Desktop\workplace\text-effects-master-upgraded-multidevice-freeflow\entry\build\default\generated\profile\default\BuildProfile.ets cache by regenerate.
[2026-06-23T15:58:06.172] [DEBUG] debug-file - Update task entry:default@CompileArkTS output file:C:\Users\31293\Desktop\workplace\text-effects-master-upgraded-multidevice-freeflow\entry\build\default\intermediates\loader_out\default\ets cache.
[2026-06-23T15:58:06.176] [DEBUG] debug-file - Incremental task entry:default@CompileArkTS post-execution cost:25 ms .
[2026-06-23T15:58:06.179] [DEBUG] debug-file - Update task entry:default@BuildJS input file:C:\Users\31293\Desktop\workplace\text-effects-master-upgraded-multidevice-freeflow\entry\build\default\intermediates\loader\default cache by regenerate.
[2026-06-23T15:58:06.181] [DEBUG] debug-file - Update task entry:default@BuildJS input file:C:\Users\31293\Desktop\workplace\text-effects-master-upgraded-multidevice-freeflow\entry\build\default\intermediates\res\default\ResourceTable.txt cache by regenerate.
[2026-06-23T15:58:06.182] [DEBUG] debug-file - Update task entry:default@BuildJS input file:C:\Users\31293\Desktop\workplace\text-effects-master-upgraded-multidevice-freeflow\entry\build\default\intermediates\res\default\ark_module.json cache by regenerate.
[2026-06-23T15:58:06.182] [DEBUG] debug-file - Update task entry:default@BuildJS input file:C:\Users\31293\Desktop\workplace\text-effects-master-upgraded-multidevice-freeflow\entry\build\default\intermediates\res\default\resources\base\profile cache by regenerate.
[2026-06-23T15:58:06.183] [DEBUG] debug-file - Update task entry:default@BuildJS output file:C:\Users\31293\Desktop\workplace\text-effects-master-upgraded-multidevice-freeflow\entry\build\default\intermediates\loader_out\default\js cache.
[2026-06-23T15:58:06.183] [DEBUG] debug-file - Incremental task entry:default@BuildJS post-execution cost:8 ms .
[2026-06-23T15:58:06.184] [DEBUG] debug-file - There is no need to refresh cache, since the incremental task entry:default@CacheNativeLibs is up-to-date.
[2026-06-23T15:58:06.185] [DEBUG] debug-file - Update task entry:default@GeneratePkgModuleJson input file:C:\Users\31293\Desktop\workplace\text-effects-master-upgraded-multidevice-freeflow\entry\build\default\intermediates\res\default\module.json cache by regenerate.
[2026-06-23T15:58:06.187] [DEBUG] debug-file - Update task entry:default@GeneratePkgModuleJson output file:C:\Users\31293\Desktop\workplace\text-effects-master-upgraded-multidevice-freeflow\entry\build\default\intermediates\package\default\module.json cache.
[2026-06-23T15:58:06.188] [DEBUG] debug-file - Incremental task entry:default@GeneratePkgModuleJson post-execution cost:3 ms .
[2026-06-23T15:58:06.189] [DEBUG] debug-file - Incremental task entry:default@ProcessCompiledResources post-execution cost:1 ms .
[2026-06-23T15:58:06.190] [DEBUG] debug-file - Update task entry:default@PackageHap input file:C:\Users\31293\Desktop\workplace\text-effects-master-upgraded-multidevice-freeflow\entry\build\default\intermediates\stripped_native_libs\default cache by regenerate.
[2026-06-23T15:58:06.192] [DEBUG] debug-file - Update task entry:default@PackageHap input file:C:\Users\31293\Desktop\workplace\text-effects-master-upgraded-multidevice-freeflow\entry\build\default\intermediates\res\default\module.json cache by regenerate.
[2026-06-23T15:58:06.193] [DEBUG] debug-file - Update task entry:default@PackageHap input file:C:\Users\31293\Desktop\workplace\text-effects-master-upgraded-multidevice-freeflow\entry\build\default\intermediates\res\default\resources cache by regenerate.
[2026-06-23T15:58:06.196] [DEBUG] debug-file - Update task entry:default@PackageHap input file:C:\Users\31293\Desktop\workplace\text-effects-master-upgraded-multidevice-freeflow\entry\build\default\intermediates\res\default\resources.index cache by regenerate.
[2026-06-23T15:58:06.197] [DEBUG] debug-file - Update task entry:default@PackageHap input file:C:\Users\31293\Desktop\workplace\text-effects-master-upgraded-multidevice-freeflow\entry\build\default\outputs\default\pack.info cache by regenerate.
[2026-06-23T15:58:06.198] [DEBUG] debug-file - Update task entry:default@PackageHap input file:C:\Users\31293\Desktop\workplace\text-effects-master-upgraded-multidevice-freeflow\entry\build\default\intermediates\loader_out\default\ets cache by regenerate.
[2026-06-23T15:58:06.200] [DEBUG] debug-file - Update task entry:default@PackageHap input file:C:\Users\31293\Desktop\workplace\text-effects-master-upgraded-multidevice-freeflow\entry\build\default\intermediates\loader_out\default\ets\sourceMaps.map cache by regenerate.
[2026-06-23T15:58:06.200] [DEBUG] debug-file - Update task entry:default@PackageHap input file:C:\Users\31293\Desktop\workplace\text-effects-master-upgraded-multidevice-freeflow\entry\build\default\generated\profile\default\BuildProfile.ets cache by regenerate.
[2026-06-23T15:58:06.201] [DEBUG] debug-file - Update task entry:default@PackageHap output file:C:\Users\31293\Desktop\workplace\text-effects-master-upgraded-multidevice-freeflow\entry\build\default\outputs\default\entry-default-unsigned.hap cache.
[2026-06-23T15:58:06.201] [DEBUG] debug-file - Update task entry:default@PackageHap output file:C:\Users\31293\Desktop\workplace\text-effects-master-upgraded-multidevice-freeflow\entry\build\default\intermediates\source_map\default\sourceMaps.map cache.
[2026-06-23T15:58:06.202] [DEBUG] debug-file - Update task entry:default@PackageHap output file:C:\Users\31293\Desktop\workplace\text-effects-master-upgraded-multidevice-freeflow\entry\build\default\outputs\default\mapping\sourceMaps.map cache.
[2026-06-23T15:58:06.203] [DEBUG] debug-file - Incremental task entry:default@PackageHap post-execution cost:14 ms .
[2026-06-23T15:58:06.203] [DEBUG] debug-file - Update task entry:default@SignHap input file:C:\Users\31293\Desktop\workplace\text-effects-master-upgraded-multidevice-freeflow\entry\build\default\outputs\default\entry-default-unsigned.hap cache by regenerate.
[2026-06-23T15:58:06.204] [DEBUG] debug-file - Update task entry:default@SignHap output file:C:\Users\31293\Desktop\workplace\text-effects-master-upgraded-multidevice-freeflow\entry\build\default\outputs\default\entry-default-signed.hap cache.
[2026-06-23T15:58:06.204] [DEBUG] debug-file - Incremental task entry:default@SignHap post-execution cost:2 ms .
[2026-06-23T15:58:06.206] [DEBUG] debug-file - Update task entry:default@CollectDebugSymbol input file:C:\Users\31293\Desktop\workplace\text-effects-master-upgraded-multidevice-freeflow\entry\build\default\intermediates\loader_out\default\ets\sourceMaps.map cache by regenerate.
[2026-06-23T15:58:06.206] [DEBUG] debug-file - Update task entry:default@CollectDebugSymbol input file:C:\Users\31293\Desktop\workplace\text-effects-master-upgraded-multidevice-freeflow\entry\build\default\intermediates\libs\default cache by regenerate.
[2026-06-23T15:58:06.207] [DEBUG] debug-file - Update task entry:default@CollectDebugSymbol output file:C:\Users\31293\Desktop\workplace\text-effects-master-upgraded-multidevice-freeflow\entry\build\default\outputs\default\symbol cache.
[2026-06-23T15:58:06.209] [DEBUG] debug-file - Incremental task entry:default@CollectDebugSymbol post-execution cost:4 ms .
[2026-06-23T15:58:06.318] [DEBUG] debug-file - session manager: send message to worker process.
[2026-06-23T15:58:06.321] [DEBUG] debug-file - session manager: send message to worker process.
[2026-06-23T15:58:06.319] [DEBUG] debug-file - Cleanup worker 0.
[2026-06-23T15:58:06.320] [DEBUG] debug-file - Worker 0 has been cleaned up.
[2026-06-23T15:58:06.322] [DEBUG] debug-file - Current idle worker size: 3.
[2026-06-23T15:58:06.323] [DEBUG] debug-file - Current resident worker size: 4.
[2026-06-23T15:58:06.323] [DEBUG] debug-file - Cleanup worker 1.
[2026-06-23T15:58:06.323] [DEBUG] debug-file - Worker 1 has been cleaned up.
[2026-06-23T15:58:06.323] [DEBUG] debug-file - Current idle worker size: 2.
[2026-06-23T15:58:06.323] [DEBUG] debug-file - Current resident worker size: 4.
[2026-06-23T15:58:06.323] [DEBUG] debug-file - Cleanup worker 6.
[2026-06-23T15:58:06.323] [DEBUG] debug-file - Worker 6 has been cleaned up.
[2026-06-23T15:58:06.324] [DEBUG] debug-file - Current idle worker size: 1.
[2026-06-23T15:58:06.324] [DEBUG] debug-file - Current resident worker size: 4.
[2026-06-23T15:58:06.331] [DEBUG] debug-file - hvigor build process will be closed.
[2026-06-23T15:58:06.344] [DEBUG] debug-file - java daemon socket close code:1000 reason:close by user
[2026-06-23T15:58:06.387] [DEBUG] debug-file - watch worker: worker id should be larger than 0. Nothing will be sent to any worker thread.
[2026-06-23T15:58:06.392] [DEBUG] debug-file - watch worker: worker id should be larger than 0. Nothing will be sent to any worker thread.
[2026-06-23T15:58:06.393] [DEBUG] debug-file - worker[0] exits with exit code 1.
[2026-06-23T15:58:06.393] [DEBUG] debug-file - worker[1] exits with exit code 1.
[2026-06-23T15:58:06.393] [DEBUG] debug-file - worker[6] exits with exit code 1.
